page_id,title,ns,section_count,image_count
1,Omuko ogusooka,0,1,0
2,User:Davidcannon,2,0,0
564,MediaWiki:Qbspecialpages,8,0,0
583,MediaWiki:Recentchanges,8,0,0
587,MediaWiki:Recentchangestext,8,0,0
692,MediaWiki:Sitesupport,8,0,0
918,User:Richie,2,0,0
919,User:RCBot~lgwiki,2,0,0
920,User:Btw~lgwiki,2,0,0
1348,User talk:Kr~lgwiki,3,0,0
1376,User:Korg,2,0,0
1399,User:Jvano~lgwiki,2,0,0
1400,User:Diagraph01,2,0,0
1401,Talk:Omuko ogusooka,1,0,0
1403,User:Sj,2,0,0
1404,User:Korg/monobook.js,2,0,0
1445,User:Incelemeelemani,2,5,0
1466,User:Chamdarae,2,0,0
1479,User:Taichi,2,0,0
1482,User talk:Gangleri,3,0,0
1483,User:Gangleri,2,1,1
1484,User:Koavf,2,0,0
1485,User talk:Zfr,3,0,0
1545,Template:Delete,10,0,0
1546,Category:Candidates for speedy deletion,14,0,0
1547,Category:Wikipedia,14,0,0
1548,User talk:Dcljr,3,0,0
1549,User:Dcljr,2,0,0
1550,User:Proofreader,2,0,0
1551,Bayibuli (Ekitabo Ekitukuvu),0,0,0
1552,Jesu Kristo,0,0,1
1553,Amerika,0,0,2
1554,User talk:Diagraph01,3,0,0
1555,User:HenryLi,2,0,0
1661,User:Tomáš Novotný~lgwiki,2,0,0
1663,User talk:Proofreader,3,0,0
1669,User:K1234567890y,2,0,1
1676,User:Gondaluu,2,0,0
1758,Kampala,0,0,0
1760,User:Jklin~lgwiki,2,0,0
1764,User talk:Nakasaga,3,0,0
1765,Main Page,0,0,0
1766,Talk:Main Page,1,0,0
1774,User talk:Bbaale,3,1,1
1775,User:Jose77,2,0,1
1781,User talk:M. Dingemanse,3,0,0
1782,User:Xandi,2,0,0
1783,User:Malangali,2,0,0
1784,User talk:Malangali,3,1,0
1785,User:Ice201,2,4,0
1800,Template:Babel-3,10,0,0
1801,Template:Babel-2,10,0,0
1803,Template:User Iceland,10,0,1
1809,Template:User icelandair,10,0,1
1815,Template:User de-3,10,0,0
1818,Template:User ru-2,10,0,0
1820,Template:User nl-2,10,0,0
1823,Isilandi,0,0,0
1824,Template:Infobox Country,10,0,3
1825,Template:Esoteric,10,0,1
1826,Template:Stub,10,0,0
1827,Category:Stub,14,0,0
1828,Category:Ensi,14,0,0
1829,Category:Capitals of the World,14,0,0
1830,Iceland,0,0,0
1831,Aisland,0,0,0
1832,Ísland,0,0,0
1833,Lýðveldið ísland,0,0,0
1836,Girimane,0,0,0
1837,Denmarki,0,0,0
1838,Swiidi,0,0,0
1839,Germany,0,0,0
1840,Deutschland,0,0,0
1841,Denmark,0,0,0
1842,Sweden,0,0,0
1846,User:Andre Engels,2,0,0
1847,User:Robbot,2,0,0
1857,MediaWiki:Editinguser,8,0,0
1906,User:Walter,2,1,2
1907,User talk:Spacebirdy,3,0,0
1908,Wikipedia:Administrators,4,1,0
1909,User talk:Ice201,3,0,0
1910,Olupapula Olusooka,0,0,0
1914,User:Ev,2,0,0
1918,User:TXiKiBoT,2,0,0
1920,User:Kizito,2,4,0
1921,Category:User lg,14,0,0
1922,Kkanisa ya Yeso Eyannamaddala,0,0,0
1923,User talk:Kizito,3,0,1
1925,Template:Babel,10,3,0
1926,Template:User en,10,1,0
1927,Template:User lg-4,10,0,0
1928,Template:User zh-4,10,0,0
1929,User:JAnDbot,2,0,0
1930,User talk:Jose77,3,0,0
1934,Category:Language user templates,14,0,0
1935,User:Picaroon9288~lgwiki,2,0,0
1936,User talk:Picaroon9288~lgwiki,3,0,2
1939,User talk:Bastique,3,0,0
1940,Template:Done,10,0,0
1941,Template:Tick,10,0,1
1942,User:Kelovy,2,0,1
1943,Ekiwandiiko Eky'abantu Bonna Ekifa ku Ddembe Ly'obunto,0,31,0
1947,User:ReyBrujo,2,1,0
1948,User:ReyBrujo/Dumps,2,0,0
1949,User:ReyBrujo/Dumps/20070213,2,6,0
1950,User:ReyBrujo/Styles/Header,2,0,0
1951,User:ReyBrujo/Styles/Footer,2,0,0
1952,Hosjö,0,1,0
1953,User talk:Angela,3,0,0
1968,MediaWiki:Loginpagetitle,8,0,0
1969,MediaWiki:Logouttitle,8,0,0
1975,User:Vargenau,2,0,0
1976,User talk:Vargenau,3,0,0
1977,User:Escarbot,2,0,0
1978,User talk:Escarbot,3,0,0
1982,MediaWiki:Accmailtext,8,0,0
1986,MediaWiki:Acct creation throttle hit,8,0,0
1988,MediaWiki:Addedwatch,8,0,0
1989,MediaWiki:Addedwatchtext,8,0,0
1992,MediaWiki:Booksources-go,8,0,0
1994,MediaWiki:Imgmultigotopre,8,0,0
1996,MediaWiki:Makebot-search,8,0,0
1999,MediaWiki:Imagelist user,8,0,0
2006,MediaWiki:Createarticle,8,0,0
2011,MediaWiki:Makebot-username,8,0,0
2016,MediaWiki:Remembermypassword,8,0,0
2021,MediaWiki:Fancycaptcha-createaccount,8,0,0
2022,MediaWiki:Prefs-help-email,8,0,0
2031,MediaWiki:Helppage,8,0,0
2042,MediaWiki:Allmessagesfilter,8,0,0
2043,MediaWiki:Allmessagestext,8,0,0
2044,User:GerardM,2,0,1
2048,Template:User nl,10,0,0
2050,Template:User lang,10,0,0
2053,Template:User en-3,10,0,0
2054,Template:User lang-3,10,0,0
2055,Template:User de-1,10,0,0
2056,Template:User lang-1,10,0,0
2058,MediaWiki:Categorytree-category,8,0,0
2061,MediaWiki:Currentrev,8,0,0
2065,MediaWiki:Logouttext,8,0,0
2074,MediaWiki:Editinginterface,8,0,0
2075,MediaWiki:Newarticletext,8,0,0
2076,MediaWiki:Anoneditwarning,8,0,0
2083,MediaWiki:History-feed-title,8,0,0
2084,MediaWiki:Revhistory,8,0,0
2090,MediaWiki:Allnotinnamespace,8,0,0
2094,MediaWiki:Allmessagesmodified,8,0,0
2095,MediaWiki:Blockip,8,0,0
2097,MediaWiki:Blocklink,8,0,0
2098,MediaWiki:Movearticle,8,0,0
2099,MediaWiki:Movepage,8,0,0
2102,MediaWiki:Logempty,8,0,0
2104,MediaWiki:Ipbreason,8,0,0
2106,MediaWiki:Movepagetext,8,0,0
2108,MediaWiki:Contributions,8,0,0
2112,MediaWiki:Already sysop,8,0,0
2113,MediaWiki:Alreadyloggedin,8,0,0
2114,MediaWiki:Alreadyrolled,8,0,0
2115,User:Mithridates,2,0,0
2117,User:ReyBrujo/Dumps/Archive,2,1,0
2118,User:ReyBrujo/Dumps/20070227,2,6,0
2120,User:ReyBrujo/Dumps/20070406,2,6,0
2124,User:ReyBrujo/Dumps/20070419,2,6,0
2125,User:VolkovBot,2,0,0
2126,User:ReyBrujo/Dumps/20070429,2,6,0
2129,MediaWiki:Historyempty,8,0,0
2131,MediaWiki:Imgmultipagenext,8,0,0
2132,MediaWiki:Imgmultipageprev,8,0,0
2133,MediaWiki:Import-logentry-upload-detail,8,0,0
2134,MediaWiki:Import-revision-count,8,0,0
2135,User talk:Purodha,3,0,0
2136,User:Purodha,2,0,0
2139,User:EDUCA33E,2,0,0
2144,MediaWiki:Categoriespagetext,8,0,0
2145,MediaWiki:Categorytree,8,0,0
2146,MediaWiki:Categorytree-header,8,0,0
2147,MediaWiki:Categorytree-go,8,0,0
2148,MediaWiki:Categorytree-mode-categories,8,0,0
2149,MediaWiki:Categorytree-mode-pages,8,0,0
2150,MediaWiki:Categorytree-mode-all,8,0,0
2162,MediaWiki:Uid,8,0,0
2166,MediaWiki:Tog-rememberpassword,8,0,0
2167,MediaWiki:Emailauthenticated,8,0,0
2168,MediaWiki:Tog-ccmeonemails,8,0,0
2170,MediaWiki:Resetprefs,8,0,0
2172,MediaWiki:Tog-fancysig,8,0,0
2175,MediaWiki:Changepassword,8,0,0
2176,MediaWiki:Clearyourcache,8,0,0
2177,User:Byrial,2,0,0
2178,User:Byrialbot,2,0,0
2180,User:Faullim,2,0,0
2187,User:Loveless,2,0,0
2188,User talk:Loveless,3,0,0
2189,User:BotMultichill,2,0,0
2190,User talk:Multichill,3,0,0
2191,User:Multichill,2,0,4
2192,User talk:BotMultichill,3,0,0
2193,User talk:PipepBot,3,0,0
2194,User:PipepBot,2,0,1
2195,User:Jorunn,2,0,0
2198,Wikipedia:Community Portal,4,1,0
2200,User:Siebrand,2,0,0
2201,User:SieBot,2,0,0
2202,User talk:SieBot,3,0,0
2203,Wikipedia:Nospam,4,1,0
2204,User:Drini,2,0,0
2211,User:Hégésippe Cormier,2,0,0
2212,User talk:Hégésippe Cormier,3,0,0
2213,User talk:Jorunn,3,0,0
2215,User:Scooter,2,0,0
2217,User talk:Pathoschild,3,0,0
2218,User:DerHexer,2,0,2
2219,User talk:AlleborgoBot,3,0,0
2220,User:AlleborgoBot,2,0,0
2221,User:Cbrown1023,2,0,0
2224,User:Az1568,2,0,0
2225,User talk:Az1568,3,0,0
2226,User:MF-Warburg,2,0,0
2227,User:Dungodung,2,0,0
2229,Breinigerberg,0,1,1
2231,User:Mike.lifeguard,2,0,0
2232,User talk:Mike.lifeguard,3,0,0
2233,User:Razorflame,2,0,0
2234,User:Alexsh,2,0,0
2235,User:Alexbot,2,0,0
2236,User talk:Alexbot,3,0,0
2237,Template:Bot,10,0,1
2238,User:MastiBot,2,0,0
2239,Category:Wikipedians by language,14,0,0
2240,User talk:Purbo T,3,0,1
2241,User:Purbo T,2,0,1
2242,Uetersen,0,1,2
2245,Wikipedia:Userbox/Christian,4,0,1
2246,Wikipedia:Userbox,4,0,0
2247,"User:Bantu,de Karik",2,0,0
2259,User talk:Alexsh,3,0,0
2260,User:Carkuni,2,0,0
2261,User:Kanesue,2,0,0
2262,User:Meno25,2,0,0
2263,User:MelancholieBot,2,0,1
2264,Wikipedia:Statistics,4,0,0
2266,Berlin,0,0,0
2267,Category:Girimane,14,0,0
2268,User:Brunoy Anastasiya Seryozhenko,2,0,0
2270,Finilandi,0,0,0
2272,Buganda,0,0,0
2273,Napooleon Bonapat,0,0,1
2274,Rwasha,0,0,0
2275,Swiiden,0,3,0
2276,Denimaaka,0,1,0
2277,Helsinki,0,0,0
2280,Yitale,0,0,3
2281,User:Nick1915,2,0,0
2282,User talk:Nick1915,3,0,0
2283,User:SpBot,2,0,0
2284,User talk:SpBot,3,0,0
2285,User:Junafani,2,0,0
2286,User:ZorroIII,2,0,0
2287,User:Caiaffa,2,0,0
2288,User:Darev,2,4,0
2290,User:StigBot,2,0,1
2291,User:YourEyesOnly,2,0,6
2292,User:Cuaxdon,2,0,0
2293,User:MenoBot,2,0,0
2294,User talk:MenoBot,3,0,0
2295,User:Pwjb,2,0,0
2297,Curitiba,0,2,4
2298,User:Law soma,2,0,0
2299,User:WikiDreamer,2,0,13
2300,User talk:WikiDreamer,3,0,0
2301,User:Lab-oratory,2,0,0
2302,User:WikiDreamer Bot,2,0,13
2303,User talk:WikiDreamer Bot,3,0,0
2305,User:MelancholieBot/info,2,0,1
2306,User:MelancholieBot/stat,2,0,0
2307,User:Melancholie/info,2,0,0
2308,User:Melancholie,2,0,0
2312,User:Marbot,2,0,0
2313,User talk:Marbot,3,0,0
2314,User:Ozi64,2,0,0
2315,User:Valhallasw-bot,2,0,0
2316,User:Kylu,2,0,0
2317,Category:Infobox templates,14,0,0
2318,Template:SIL,10,0,0
2319,Category:Bulaaya,14,0,0
2320,Category:Isilandi,14,0,0
2321,Republik kya Isilandi,0,0,0
2322,Obwakabaka bwa Swiiden,0,0,0
2323,Category:Swiiden,14,0,0
2324,Federal Republik kya Girimane,0,0,0
2325,Category:Denimaaka,14,0,0
2327,Obwakabaka bwa Denimaaka,0,0,0
2328,Category:Eezia,14,0,0
2329,Category:Rwasha,14,0,0
2330,Finlandi,0,0,0
2332,Category:Finilandi,14,0,0
2333,Bupoolo,0,0,0
2334,Category:Bupoolo,14,0,0
2335,Budaaki,0,0,0
2336,Template:Image label begin,10,0,1
2337,Template:Image label end,10,0,0
2338,Template:Image label small,10,0,0
2339,Template:Image label,10,0,0
2340,Template:Bulaaya,10,0,0
2341,Bulaaya,0,0,0
2342,Swideni,0,0,0
2343,Buyonaani,0,0,0
2344,Template:Col-end,10,0,0
2345,Template:Col-break,10,0,0
2346,Template:Col-begin,10,0,0
2347,Template:See also,10,0,0
2348,Wikipedia:Vital articles,4,65,0
2349,Wikipedia:Vital 100,4,10,0
2350,User:Jatayou,2,0,0
2351,User:TXiKi,2,0,0
2352,User:Thymelikos,2,0,0
2353,User:HerculeBot,2,0,0
2354,User:とある白い猫,2,0,0
2355,User talk:とある白い猫,3,0,0
2356,User talk:タチコマ robot,3,0,0
2357,User:タチコマ robot,2,0,0
2358,User:タチコマ robot/Editcounter,2,0,0
2359,Wikipedia:Embuga,4,1,0
2360,User:Valentim,2,0,0
2361,Nepal,0,0,0
2362,User:Spl908455,2,0,0
2363,User:Mike.lifeguard/monobook.js,2,0,0
2364,User:Fievarsty,2,0,0
2365,User:Edward the Confessor,2,0,1
2366,User:Adolfobs93,2,0,0
2367,User:Ptbotgourou,2,1,1
2368,User:Nikkis,2,2,4
2369,User:Dmitri Lytov,2,0,1
2370,User:Jredmond,2,0,0
2371,"User:Fiendian Reptiloid, Demon",2,0,1
2372,User:DragonBot,2,0,0
2375,User:Shanel/monobook.js,2,0,0
2378,User:Thogo,2,0,0
2379,User:WikimediaNotifier,2,0,0
2380,User talk:WikimediaNotifier,3,0,0
2381,User:Spacebirdy/monobook.js,2,0,0
2382,User:Spacebirdy/monobook.css,2,0,0
2383,User:WikimediaNotifier/frame.css,2,1,0
2384,User:WikimediaNotifier/template,2,1,0
2385,User:WikimediaNotifier/self.js,2,0,0
2386,User:WikimediaNotifier/config.js,2,0,0
2387,User:WikimediaNotifier/notifications,2,0,0
2388,User:SterkeBak,2,0,4
2390,User:Kwj2772/monobook.js,2,0,0
2393,User talk:Ahonc,3,0,0
2396,User:Dovi,2,2,0
2397,User:MF-Warburg/monobook.js,2,0,0
2398,User:WikimediaNotifier/google,2,0,0
2399,User:WikimediaNotifier/babelfish,2,0,0
2400,User:WikimediaNotifier/translate,2,0,0
2401,User:Horst,2,0,1
2402,User:WikimediaNotifier/translation,2,0,0
2404,User:Melancholie/mmA frame,2,0,0
2405,User:Melancholie/mmA,2,0,0
2406,User:Cometstyles/monobook.js,2,0,0
2407,User:Lar,2,0,0
2408,User:Erwin/monobook.js,2,0,0
2409,User:Bubo bubo,2,0,1
2410,User:Emijrp,2,0,0
2411,User talk:Emijrp,3,0,0
2412,User:Muro Bot,2,0,0
2413,User:Muro de Aguas,2,0,0
2414,User:Julian Mendez,2,0,0
2415,User talk:Julian Mendez,3,0,0
2416,User:Synthebot,2,0,0
2417,User talk:Synthebot,3,0,0
2418,User:Ainali,2,0,0
2420,User:Jeneme~lgwiki,2,0,0
2421,User:Hugo.arg,2,0,1
2422,User:Kallerna,2,0,0
2423,User:Sebleouf,2,0,1
2424,User:Eivindgh,2,0,0
2425,User:Bennylin,2,0,0
2426,User:ArthurBot,2,0,1
2427,User:Úlfur-R,2,0,1
2428,Template:User de,10,0,0
2430,User:Huhu,2,0,1
2431,User:Mardetanha,2,0,1
2432,User:JøMa,2,0,0
2433,User:Aotake,2,0,0
2434,User talk:Aotake,3,0,0
2436,User:Charitwo/monobook.css,2,0,0
2438,User:Mardetanha/monobook.js,2,0,0
2439,User:Darkicebot,2,0,0
2440,User:らぼるぺ,2,0,0
2442,User:Kylu/monobook.js,2,0,0
2443,User:Kylu/monobook.css,2,0,0
2444,User:Romanskolduns,2,0,0
2446,Wikipedia:Bot policy,4,0,0
2447,Talk:Omuko Ogusooka,1,0,0
2448,Wikipedia:Ebibindabinda,4,0,0
2449,User:SilvonenBot,2,0,0
2450,User talk:SilvonenBot,3,0,1
2451,User:Djsasso,2,0,2
2452,User:SassoBot,2,0,0
2457,User:WikimediaNotifier/updated,2,0,0
2458,User talk:Rubin16,3,0,0
2459,User talk:Rubinbot,3,0,0
2460,User:Rubinbot,2,0,0
2463,User talk:Wutsje,3,0,0
2464,User:Xqbot,2,0,0
2466,User:Kanonkas/monobook.js,2,0,0
2467,User:Idioma-bot,2,0,0
2468,User:Chobot,2,0,0
2469,User:Druffeler,2,0,1
2470,User:Luckas-bot,2,0,0
2471,User:Muro de Aguas/monobook.js,2,0,0
2473,User:Finnrind/monobook.js,2,0,0
2474,User:Ivocamp96/monobook.css,2,0,0
2476,User:Techman224,2,0,0
2477,User:Str4nd/monobook.js,2,0,0
2478,User:Kuvaly/monobook.js,2,0,0
2479,User:Juliancolton/monobook.js,2,0,0
2480,User:Almabot,2,0,0
2481,User talk:Almabot,3,0,0
2482,User:Apalsola,2,0,0
2485,User:Mercy,2,0,0
2486,User:Mdavid89,2,0,0
2487,User:Cekli829,2,1,0
2488,User:Pietro,2,0,0
2489,Template:Softredirect,10,0,1
2490,User:Gaudio,2,0,0
2491,User:Bearas,2,0,0
2492,Lithueenia,0,0,0
2493,Category:Lithueenia,14,0,0
2494,Category:Yitale,14,0,0
2495,Vilnius,0,0,1
2496,Jonava,0,1,3
2497,Kaunas,0,1,4
2498,Klaipėda,0,1,4
2500,Category:User lt,14,0,0
2501,User:RoggBot,2,0,0
2502,User:D'ohBot,2,0,0
2503,User:Dnikitin,2,0,1
2504,User:Bff,2,0,0
2505,User:Louperibot,2,0,0
2506,User:Nagy,2,0,0
2507,User:Sisyph,2,0,0
2508,User:DSisyphBot,2,0,0
2509,User:Amon-Ra999,2,0,0
2511,User:Beany/monobook.js,2,0,0
2512,User:Kved/monobook.js,2,0,0
2514,User:Anonymous Dissident,2,0,0
2515,User:Knopfkind,2,0,2
2516,User:FoxBot,2,0,0
2517,Gatonnya,0,0,0
2518,User:Patrol110,2,0,0
2519,Pigazzano,0,0,1
2520,User:Jamesofur,2,0,1
2523,User:Uusijani,2,0,0
2524,User:Masti,2,0,0
2525,User:Arseny1992,2,0,1
2526,User:Jfblanc,2,0,0
2529,User:NuclearWarfare,2,0,0
2530,User:Juliancolton,2,0,0
2532,User talk:Meno25,3,0,0
2533,User:Barras,2,0,0
2534,User:Mercy/monobook.js,2,0,0
2535,User:Luckas Blade,2,0,0
2536,User:Vinhtantran/monobook.js,2,0,0
2538,User:Pmlineditor/monobook.js,2,0,0
2539,User:Prince Kassad,2,0,0
2541,User:Kuvaly,2,0,0
2542,User:The Evil IP address/monobook.js,2,0,0
2543,User:The Evil IP address/monobook.css,2,0,0
2544,Kurów,0,0,1
2545,User:Gz260/monobook.css,2,0,0
2548,Nowy Dwór Królewski,0,0,0
2551,User:Egmontaz/monobook.js,2,0,0
2553,User:Egmontbot,2,0,0
2554,User talk:Sj,3,0,0
2555,User:Vhorvat,2,0,0
2558,User:VasilievVV,2,0,0
2559,Pichilemu,0,0,1
2560,User:BRUTE,2,0,0
2561,User:BOTijo,2,0,0
2562,User:BOTijo/info,2,0,1
2563,User talk:BOTijo,3,0,0
2564,User:Emijrp/List of Wikipedians by number of edits,2,0,0
2565,User:Emijrp/List of Wikipedians by number of edits (bots included),2,0,0
2566,User:Romaine/monobook.js,2,0,0
2567,User:Romaine/vector.js,2,0,0
2568,User:Romaine/vector.css,2,0,0
2570,User:Jotterbot,2,0,0
2571,User:Jyothis,2,0,0
2572,User:JAn Dudík,2,0,0
2574,User talk:HVL,3,0,3
2575,MediaWiki talk:Linksearch,9,0,0
2576,MediaWiki:Linksearch-line,8,0,0
2579,User:Muddyb,2,0,0
2581,Template:User en-2,10,0,0
2583,Fernando Alonso,0,2,1
2584,User talk:Muddyb,3,0,0
2585,MediaWiki:Abusefilter-edit-action-block,8,0,0
2586,MediaWiki:Action-createaccount,8,0,0
2587,MediaWiki:Action-createpage,8,0,0
2588,MediaWiki:Action-createtalk,8,0,0
2589,MediaWiki:Action-delete,8,0,0
2590,MediaWiki:Action-deleterevision,8,0,0
2591,MediaWiki:Action-import,8,0,0
2594,MediaWiki:Allpages-bad-ns,8,0,0
2598,User:CarsracBot,2,0,0
2599,User:Carsrac,2,0,0
2600,User:JhsBot,2,0,2
2602,User:Tiptoety,2,0,0
2603,Category:Ebimera,14,0,0
2604,User:OffsBlink,2,0,0
2605,User:J Hazard,2,0,0
2606,User:Vinhtantran/vector.js,2,0,0
2611,User:Kuvaly/vector.js,2,0,0
2616,User:Mike.lifeguard/vector.js,2,0,0
2619,User:Matasg,2,0,0
2629,User:Wikitanvir,2,0,0
2631,User:Sahimrobot,2,0,0
2632,User:KamikazeBot,2,0,0
2634,Category:User en,14,0,0
2635,Category:User en-2,14,0,0
2636,Ntaulira,0,0,1
2637,Mellivora capensis,0,0,0
2638,Mbwa,0,0,2
2639,Canis lupus familiaris,0,0,0
2641,Category:User tr,14,0,0
2643,Enkima,0,0,1
2644,Chlorocebus aethiops,0,0,0
2645,Cercopithecus aethiops,0,0,0
2646,Kikajjo,0,0,2
2647,Saccharum,0,0,0
2648,Category:Byabulimi,14,0,0
2649,Caayi,0,0,1
2650,Camellia sinensis,0,0,0
2651,Ntulege,0,0,2
2652,Mbogo,0,0,3
2653,Syncerus caffer,0,0,0
2654,Equus quagga,0,0,0
2655,User:බිඟුවා,2,0,0
2656,User:Leinad,2,0,0
2657,Coronel Fabriciano,0,2,3
2658,User:CSRedRat,2,0,0
2659,User:Memo18,2,0,0
2660,User:Memo18/vector.css,2,0,0
2663,User:Manuelt15,2,0,1
2664,User:WinContro,2,0,1
2665,User:Manuelt15/vector.js,2,0,0
2666,User:Manuelt15/monobook.js,2,0,0
2667,User:Juhko/monobook.js,2,0,0
2668,User:Juhko/vector.js,2,0,0
2669,User talk:Wikitanvir,3,0,0
2671,User:Shanel/vector.js,2,0,0
2672,User:Shanel/vector.css,2,0,0
2673,User:Pilif12p,2,0,1
2674,User:Jonathunder,2,0,0
2675,User:Quentinv57,2,0,0
2676,User talk:Quentinv57,3,0,0
2677,User:*SM*,2,0,0
2678,User talk:*SM*,3,0,0
2679,User:MrStamper,2,0,0
2680,User:Edgar Meyer,2,0,0
2683,User:Adambro,2,0,0
2684,User talk:FoxBot,3,0,0
2685,User talk:Foxie001,3,0,0
2686,User:Foxie001,2,0,0
2687,User talk:Amit6,3,0,0
2688,User:Amit6,2,0,0
2689,User:Jalexander-WMF,2,0,1
2692,User:Kpeterzell,2,0,0
2695,User:RedBot,2,0,0
2702,MediaWiki:Recreate-moveddeleted-warn,8,0,0
2703,MediaWiki:Prefswitch-link-anon,8,0,0
2704,MediaWiki:Prefswitch-link-on,8,0,0
2705,MediaWiki:Category-subcat-count-limited,8,0,0
2706,MediaWiki:Categorytree-member-counts,8,0,0
2707,MediaWiki:Centralnotice-message,8,0,0
2708,MediaWiki talk:Nstab-mediawiki,9,0,0
2709,MediaWiki:Problemchanges-category,8,0,0
2710,MediaWiki:Oldreviewed-category,8,0,0
2711,MediaWiki:Hidden-category-category,8,0,0
2712,MediaWiki:Action-move,8,0,0
2713,MediaWiki:Action-protect,8,0,0
2714,MediaWiki:Configure-section-namespaces,8,0,0
2715,MediaWiki talk:Coll-help,9,0,0
2716,User:Kwj2772/vector.js,2,0,0
2717,Talk:Olupapula Olusooka,1,0,0
2718,User:Kgsbot,2,0,0
2719,User:Dgultekin,2,0,2
2721,User:Klyman,2,0,0
2723,Template:Flagicon,10,0,0
2724,Template:Country,10,0,0
2725,Template:Country flagicon,10,0,1
2726,Template:UGA,10,0,0
2727,Template:Country alias UGA,10,0,0
2728,Template:Country flag alias UGA,10,0,0
2729,Template:Documentation,10,0,1
2730,Template:Documentation/docname,10,0,0
2731,Template:UGA/doc,10,0,0
2732,Template:Purge,10,0,0
2733,Template:POL,10,0,0
2734,Template:POL/doc,10,0,0
2735,Template:Country alias POL,10,0,0
2736,Template:Country alias POL/doc,10,0,1
2737,Template:Country flag alias POL,10,0,0
2738,Template:Country flag alias POL/doc,10,0,0
2739,Template:FRA,10,0,0
2740,Template:FRA/doc,10,0,0
2741,Template:Country alias FRA,10,0,0
2742,Template:Country alias FRA/doc,10,0,0
2743,Template:Country flag alias FRA,10,0,0
2744,Template:Country flag alias FRA/doc,10,0,1
2745,Template:LTU,10,0,0
2746,Template:LTU/doc,10,0,0
2747,Template:Country alias LTU,10,0,0
2748,Template:Country alias LTU/doc,10,0,0
2749,Template:Country flag alias LTU,10,0,0
2750,Template:Country flag alias LTU/doc,10,0,1
2751,User:ZéroBot,2,0,1
2752,Omuko Ogusooka,0,0,0
2753,Template:Olulimi+pl,10,0,0
2754,Template:Olulimi-pl,10,0,0
2755,Template:Olulimi*pl,10,0,0
2756,Template:Lang-pl,10,0,0
2757,Template:Lang-pl/doc,10,0,0
2758,Template:Lang,10,0,0
2759,Template:Lang/doc,10,0,0
2760,User:Theo (WMF),2,0,1
2761,User:Edwod2001,2,0,1
2762,User:Schapman,2,0,0
2763,User:ChuispastonBot,2,0,0
2768,User:Frozen Wind,2,0,0
2770,User:EdoDodo/vector.js,2,0,0
2771,User:Kanjy,2,0,0
2772,User:TjBot,2,0,0
2773,User talk:TjBot,3,0,0
2774,User:Tjmoel,2,0,0
2775,User talk:Tjmoel,3,0,1
2778,0,0,0,0
2779,Category:Ennamba,14,0,0
2780,Category:Okubala,14,0,0
2781,Category:Okumanya,14,0,0
2782,Ennamba,0,1,0
2783,1,0,0,0
2784,2,0,0,0
2785,3,0,0,0
2786,4,0,0,0
2787,5,0,0,0
2788,6,0,0,0
2789,7,0,0,0
2790,8,0,0,0
2791,9,0,0,0
2792,10,0,0,0
2793,20 (ennamba),0,0,0
2794,30 (ennamba),0,0,0
2795,40 (ennamba),0,0,0
2796,50 (ennamba),0,0,0
2797,60 (ennamba),0,0,0
2798,70 (ennamba),0,0,0
2799,80 (ennamba),0,0,0
2800,90 (ennamba),0,0,0
2801,11 (ennamba),0,0,0
2802,12 (ennamba),0,0,0
2803,21 (ennamba),0,0,0
2804,Amakumi abiri mu emu,0,0,0
2805,22 (ennamba),0,0,0
2806,Amakumi abiri mu bbiri,0,0,0
2807,13 (ennamba),0,0,0
2808,14 (ennamba),0,0,0
2809,15 (ennamba),0,0,0
2810,16 (ennamba),0,0,0
2811,17 (ennamba),0,0,0
2812,18 (ennamba),0,0,0
2813,19 (ennamba),0,0,0
2814,Buturuki,0,0,0
2815,Take,0,0,0
2816,100,0,0,0
2817,1000 (ennamba),0,0,0
2818,"1,000,000",0,0,0
2819,2000 (ennamba),0,0,0
2820,3000 (ennamba),0,0,0
2821,4000 (ennamba),0,0,0
2822,5000 (ennamba),0,0,0
2823,6000 (ennamba),0,0,0
2824,7000 (ennamba),0,0,0
2825,8000 (ennamba),0,0,0
2826,9000 (ennamba),0,0,0
2827,200 (ennamba),0,0,0
2828,300 (ennamba),0,0,0
2829,400 (ennamba),0,0,0
2830,500 (ennamba),0,0,0
2831,600 (ennamba),0,0,0
2832,700 (ennamba),0,0,0
2833,800 (ennamba),0,0,0
2834,900 (ennamba),0,0,0
2835,"20,000",0,0,0
2836,"10,000",0,0,0
2837,23 (ennamba),0,0,0
2838,23,0,0,0
2850,20,0,0,0
2851,30,0,0,0
2852,40,0,0,0
2853,50,0,0,0
2854,60,0,0,0
2855,70,0,0,0
2856,80,0,0,0
2857,90,0,0,0
2858,11,0,0,0
2859,12,0,0,0
2860,13,0,0,0
2861,14,0,0,0
2862,15,0,0,0
2863,16,0,0,0
2864,17,0,0,0
2865,18,0,0,0
2866,21,0,0,0
2867,19,0,0,0
2868,22,0,0,0
2870,200,0,0,0
2871,300,0,0,0
2872,400,0,0,0
2873,500,0,0,0
2874,600,0,0,0
2875,700,0,0,0
2876,800,0,0,0
2877,900,0,0,0
2887,10000 (ennamba),0,0,0
2888,20000 (ennamba),0,0,0
2889,1000000 (ennamba),0,0,0
2890,24 (ennamba),0,0,0
2891,24,0,0,0
2892,25 (ennamba),0,0,0
2893,25,0,0,0
2894,26,0,0,0
2895,26 (ennamba),0,0,0
2896,27 (ennamba),0,0,0
2897,27,0,0,0
2898,28 (ennamba),0,0,0
2899,28,0,0,0
2900,29 (ennamba),0,0,0
2901,29,0,0,0
2902,31 (ennamba),0,0,0
2903,31,0,0,0
2904,32 (ennamba),0,0,0
2905,32,0,0,0
2906,33 (ennamba),0,0,0
2907,33,0,0,0
2908,34 (ennamba),0,0,0
2909,34,0,0,0
2910,35 (ennamba),0,0,1
2911,35,0,0,0
2912,36 (ennamba),0,0,0
2913,36,0,0,0
2914,37 (ennamba),0,0,0
2915,37,0,0,0
2916,38 (ennamba),0,0,0
2917,38,0,0,0
2918,39 (ennamba),0,0,0
2919,39,0,0,0
2920,41 (ennamba),0,0,0
2921,41,0,0,0
2922,42 (ennamba),0,0,0
2923,42,0,0,0
2924,43 (ennamba),0,0,0
2925,43,0,0,0
2926,44 (ennamba),0,0,0
2927,44,0,0,0
2928,45 (ennamba),0,0,0
2929,45,0,0,0
2930,46 (ennamba),0,0,0
2931,46,0,0,0
2932,47 (ennamba),0,0,0
2933,47,0,0,0
2934,User:HRoestBot,2,0,0
2935,User:Movses-bot,2,0,0
2936,Category:Buturuki,14,0,0
2937,User:Manumg,2,0,0
2938,User:Manubot,2,0,0
2940,User:Jafeluv,2,0,0
2941,User talk:Jafeluv,3,0,0
2942,User talk:KamikazeBot,3,0,1
2943,User:Quentinv57/vector.js,2,0,0
2944,User:Anas1712,2,0,0
2945,Osasco,0,2,4
2946,User:WikitanvirBot,2,0,0
2947,User talk:WikitanvirBot,3,0,0
2948,User:Wdwd,2,0,0
2950,User:Hydriz,2,0,0
2951,User:TeleComNasSprVen/monobook.js,2,0,0
2952,User:TeleComNasSprVen/vector.js,2,0,0
2953,User:Griffinofwales/vector.js,2,0,0
2954,User:Silver Spoon/vector.js,2,0,0
2956,User:Emaus,2,0,0
2957,User:EmausBot,2,0,0
2959,Angolemi,0,0,1
2960,User:Sasan700,2,0,1
2963,User:Oslac,2,0,0
2964,User:Shanel,2,0,0
2965,User:Ripchip Bot,2,0,4
2966,User talk:Ripchip Bot,3,0,1
2969,Concepción,0,0,1
2973,User:Pmlineditor/common.js,2,0,0
2974,Template:Mod,10,0,0
2975,User:EmausBot/Rand,2,0,0
2976,User:Philippe (WMF),2,1,2
2977,User:Micki/common.js,2,0,0
2978,User:Micki,2,0,0
2981,User:FalconL,2,0,0
2984,User:Avicennasis,2,0,1
2986,User:MerlIwBot,2,0,0
2991,User:Thehelpfulone/common.js,2,0,0
2994,User:Vigorous action,2,0,0
2996,User:Christine (WMF),2,2,1
2997,Kenya,0,0,0
2998,User:Beria,2,4,28
2999,User:CocuBot,2,0,0
3000,User:Cocu,2,0,1
3002,User:Wikitanvir/common.js,2,0,0
3003,User:Wikitanvir/common.css,2,0,0
3004,User:GlobalEditBot,2,0,0
3005,User:Dirt Diver,2,0,0
3007,User:Vituzzu,2,0,0
3008,User:Reza1615/common.js,2,0,0
3009,User:MacMed,2,0,1
3010,User:Bencmq,2,0,1
3012,User:Dawid Deutschland,2,0,0
3015,User talk:Crochet.david.bot,3,0,0
3017,User:PixelBot,2,0,0
3018,User talk:PixelBot,3,0,0
3020,Dong Hoi,0,1,4
3021,Ho Chi Minh City,0,1,4
3023,Category:Vietnam,14,0,0
3024,User:DEagleBot,2,0,0
3025,User:Rezabot,2,0,0
3029,User talk:HélioVL,3,0,0
3031,Saratov,0,0,1
3032,Elysion,0,1,0
3033,Breuberg,0,0,0
3034,User:Royce,2,0,0
3035,User:Waihorace,2,0,0
3036,User:HiW-Bot,2,0,0
3038,User:White Cat,2,0,0
3039,User talk:White Cat,3,0,0
3042,User:Vibhijain,2,0,2
3043,User:Toto Azéro,2,0,1
3044,User:KuduIO/common.js,2,0,0
3046,User:Soenke Rahn,2,0,0
3049,User:Alan ffm,2,0,0
3050,User:SebrevBOT,2,0,0
3051,Kurow,0,0,0
3052,User:Vugar 1981,2,0,0
3053,User:Hoo User Page Bot,2,0,1
3056,User:Zemant,2,0,0
3057,Dobra,0,0,1
3058,Paltoga,0,0,0
3059,Putanga,0,0,0
3064,User:Gzen92,2,0,0
3065,User talk:Gzen92,3,0,0
3066,User:Azariv-WMF,2,0,0
3067,User:Vagobot,2,0,0
3068,User:Vago,2,0,0
3069,User talk:Peridon,3,0,0
3070,Transwiki,0,0,0
3071,Wikipedia:Transwiki log,4,0,0
3074,User:Trijnstel,2,0,0
3075,Essiga lya Kagolo,0,0,0
3076,Talk:Essiga lya Kagolo,1,2,0
3077,User talk:Caypartis,3,0,0
3078,User talk:Caypartisbot,3,0,0
3079,User:Caypartisbot,2,0,0
3080,User:Moe Epsilon,2,0,10
3082,User:Man77/common.css,2,0,0
3083,User:Xic667,2,0,0
3084,User:Der Buckesfelder/common.js,2,0,0
3085,User:AleXXw,2,0,0
3086,User:Der Buckesfelder,2,0,1
3087,User talk:Der Buckesfelder,3,0,1
3088,User:Buckesfelder,2,0,0
3089,User talk:Buckesfelder,3,0,0
3090,User:Buckesfelder/common.js,2,0,0
3092,User:Addihockey10 (automated),2,0,0
3093,User:Wangxuan8331800,2,0,0
3097,User:Waldyrious,2,0,0
3098,User:Jagwar,2,0,0
3099,User:Riemogerz,2,0,0
3100,User:AddihockeyBot,2,0,0
3101,User:Deu,2,0,0
3102,User:Micki/common.css,2,0,0
3103,Las Vegas,0,0,1
3104,User:Sue Gardner,2,0,2
3105,Vung Tau,0,1,4
3106,Nha Trang,0,1,4
3108,User:Gmeijssen,2,0,0
3109,User:Snævar,2,0,0
3110,"Banovci, Nijemci",0,0,1
3114,User talk:HiW-Bot,3,0,0
3115,User talk:Hedwig in Washington,3,0,0
3116,User:Morel,2,0,0
3121,User talk:Addihockey10 (automated),3,0,0
3122,Entrena,0,1,3
3123,User:Hermann Winkler Siemens,2,0,0
3124,Jens Galschiøt,0,11,0
3125,Jens galishiøt My Inner beast( Omutima Gwefubitizi),0,4,2
3126,Pillar of shame (Empagi yo Buswavu),0,7,0
3127,My Inner Beast,0,4,2
3128,My inner beast ( Omutima Gwe Fubitizi),0,4,2
3129,Survival of the Fattest (okunyigiriza Kwa Nagwano),0,4,1
3130,The Color Orange( Langi ya Kakyungwa),0,8,0
3131,The hunger march(Olukumba lwo muyala),0,7,1
3132,User:Nihonjoe,2,0,0
3133,User:PeterSymonds/common.js,2,0,0
3135,In the name of God(Mulinnya Lya Katonda),0,7,1
3136,In the name of God (Mulinnya lya Katonda),0,7,1
3137,SevenMeters (Mitta Musanvu),0,12,0
3138,Fundamentalism (Okwesukulumya),0,6,0
3139,My inner beast(Omutima Gwefubitizi),0,4,2
3140,The Color Orange (Langi Ya Kakyungwa),0,8,0
3143,User:Codeks,2,0,1
3147,Jens Galschiot,0,0,0
3150,User:Mwpnl,2,0,0
3151,User talk:Mwpnl,3,0,0
3152,User:Mwpnl/common.js,2,0,0
3153,User:Psubhashish,2,0,0
3154,Anastacia,0,1,1
3155,User:Midnight Green,2,0,1
3159,User:Mathonius,2,0,0
3160,Šidski Banovci,0,0,0
3161,User:VasilievVV/common.js,2,0,0
3163,User talk:Snowolf,3,0,0
3164,User:MBisanz/common.js,2,0,0
3165,User:Victuallers,2,1,0
3169,User talk:Jan Luca,3,0,0
3170,Moshchena,0,0,0
3172,User talk:Allan Javier Aguilar Castillo,3,0,0
3176,User:Tomtomn00/common.js,2,0,0
3177,User talk:Tomtomn00,3,0,1
3178,User:Tomtomn00,2,0,1
3180,User:Thehelpfulone,2,0,0
3181,User talk:Thehelpfulone,3,0,0
3182,User:Pundit,2,0,0
3183,User:Velimir Ivanovic,2,0,0
3185,User:Colourful Bling,2,0,0
3187,User:NjardarBot,2,0,0
3189,Gallery Galschiøt,0,3,0
3195,User talk:Billinghurst,3,0,0
3197,User:Toto Azéro/common.js,2,0,0
3198,User:Xqt,2,0,0
3199,User:Ds02006,2,0,0
3201,User:Zois,2,0,0
3202,User talk:Zois,3,0,0
3203,User:Lavallen,2,0,1
3205,User:Jasper Deng,2,0,0
3206,User:Bill william compton/common.js,2,0,0
3209,User:Frigotoni,2,0,1
3210,User:Lixer,2,1,2
3211,User:JYBot,2,0,0
3212,User:DarafshBot,2,0,0
3213,User:とある白い猫/common.js,2,0,0
3215,User talk:Kagundu,3,0,0
3216,User:Kagundu,2,0,0
3217,User:AvicBot,2,0,0
3219,User:Σ/common.js,2,0,0
3222,User:Zscout370,2,0,0
3223,User:Russavia,2,0,0
3224,User:Russavia/Polandball,2,5,3
3225,User talk:Russavia,3,2,0
3228,User:Vogone,2,0,0
3229,User:Njardarlogar,2,0,0
3231,Talk:Bayibuli (Ekitabo Ekitukuvu),1,0,0
3232,Moosko,0,0,1
3233,Ca Mau,0,1,4
3236,User talk:Vogone,3,0,0
3239,User:Osiris,2,0,0
3242,User:YFdyh-bot,2,0,0
3244,Biên Hòa,0,1,4
3245,User:IluvatarBot,2,0,0
3246,User:Iluvatar,2,0,0
3247,Ba Ria,0,1,4
3248,Thanh Hoa,0,1,4
3250,Phan Thiet,0,1,4
3251,Buon Ma Thuot,0,1,4
3253,User talk:Avocato,3,0,0
3254,User:AvocatoBot,2,0,0
3255,User talk:AvocatoBot,3,0,0
3256,User:Antonorsi,2,0,0
3258,User:Shujenchang/common.js,2,0,0
3259,User:Lukas²³/common.js,2,0,0
3260,My Inner Beast(Omutima Gwefubitizi),0,0,0
3261,User talk:Mutesa,3,1,0
3262,User talk:Muganda4,3,1,0
3263,Ben Tre,0,1,4
3265,User talk:Jackie,3,0,0
3266,User talk:JackieBot,3,0,0
3267,User:JackieBot,2,0,0
3271,In the of God( Mulinnya lya Katonda),0,0,0
3272,The Color Orange( Langi Ya Kakyungwa),0,0,0
3273,Pillar of shame( Empagi yo Buswavu),0,0,0
3274,Fundamentalism(Okwesukulumya),0,0,0
3275,Survival of the Fattest(okunyigiriza Kwa Nagwano),0,0,0
3276,SevenMeters(Mitta Musanvu),0,0,0
3277,User:Alexander Mikhalenko,2,0,1
3279,User:Nyar94,2,0,0
3281,User:Translation Notification Bot,2,0,1
3282,User:Shujenchang,2,0,0
3283,User:Mr.Ajedrez,2,0,0
3284,User:ChessBOT,2,0,0
3285,User talk:Moe Epsilon,3,0,0
3287,User:Ciaurlec,2,0,1
3289,MediaWiki talk:Pageinfo-footer,9,1,0
3290,MediaWiki talk:Welcomecreation,9,1,0
3291,User:Noommos/common.js,2,0,0
3292,User:Sotiale/common.js,2,0,0
3294,User:Base/vector.js,2,0,0
3296,User:Shaul,2,0,0
3298,User:Makecat,2,0,1
3299,User:Fajrbot,2,0,0
3300,User:GhalyBot,2,0,0
3303,User:Nickispeaki,2,0,0
3306,User talk:AmandaNP,3,0,0
3308,User:Yethrosh,2,0,0
3309,User talk:Yethrosh,3,0,0
3310,User:Base/vector.css,2,0,0
3311,User:Theopolisme,2,0,0
3312,User:Green Mostaza/common.js,2,0,0
3313,User:Gwickwire/common.js,2,0,0
3315,User:DJ EV,2,0,0
3316,User:Iste Praetor,2,0,1
3317,User:Sumone10154/common.js,2,0,0
3318,User:Meisam/common.js,2,0,0
3319,User:MahdiBot,2,0,0
3325,User:Addshore/common.js,2,0,0
3326,User talk:Addbot,3,0,0
3327,User talk:Addshore,3,0,1
3330,User talk:Legoktm,3,0,1
3331,User:Legobot,2,0,1
3332,User talk:Legobot,3,0,1
3333,User:Seti6908,2,0,0
3334,User:Legobot/Wikidata/gotwiki,2,0,0
3335,User:Legobot/Wikidata/diqwiki,2,0,0
3336,User:Legobot/Wikidata/ganwiki,2,0,0
3337,User:Legobot/Wikidata/hifwiki,2,0,0
3338,User:Legobot/Wikidata/dawiki,2,0,0
3339,User:Legobot/Wikidata/kwwiki,2,0,0
3340,User:Legobot/Wikidata/akwiki,2,0,0
3341,User:Legobot/Wikidata/bawiki,2,0,0
3342,User:Legobot/Wikidata/tpiwiki,2,0,0
3343,User:Legobot/Wikidata/eowiki,2,0,0
3344,User:Legobot/Wikidata/kbdwiki,2,0,0
3345,User:Legobot/Wikidata/oswiki,2,0,0
3346,User:Legobot/Wikidata/pflwiki,2,0,0
3347,User:Legobot/Wikidata/tlwiki,2,0,0
3348,User:Legobot/Wikidata/mlwiki,2,0,0
3349,User:Legobot/Wikidata/General,2,0,0
3350,User:Legobot/Wikidata/barwiki,2,0,0
3351,User:Legobot/Wikidata/pawiki,2,0,0
3352,User:Legobot/Wikidata/abwiki,2,0,0
3353,User:Legobot/Wikidata/szlwiki,2,0,0
3354,User:Legobot/Wikidata/zh-min-nanwiki,2,0,0
3355,User:Legobot/Wikidata/igwiki,2,0,0
3356,User talk:The Bible in Metre,3,0,0
3357,User:The Bible in Metre,2,0,0
3358,User:Legobot/Wikidata/kywiki,2,0,0
3360,User:Ghaly,2,0,1
3361,User:MJ94/common.js,2,0,0
3362,User:Vacation9/common.js,2,0,0
3366,User:Soul Train/common.js,2,0,0
3367,User:Razr Nation/common.js,2,0,0
3368,User:Hhhggg,2,0,0
3369,User:Kolega2357,2,0,1
3371,User:Aladdin Ali Baba,2,2,1
3372,User:KLBot2,2,0,0
3373,User talk:KLBot2,3,0,0
3374,User:RileyBot/Stop,2,0,0
3375,User:تفکر,2,0,1
3377,Mbazzi,0,0,0
3381,Category:Mpigi (disitulikit),14,0,0
3382,User:S.M.Samee,2,0,0
3383,User:Razr Nation,2,0,2
3384,User talk:NatureDan,3,1,0
3385,User:Patrick87-Bot,2,0,0
3386,User:Patrick87,2,0,0
3387,User:Patrick87/common.js,2,0,0
3388,User:Patrick87/common.css,2,0,0
3391,User:Pratyya Ghosh,2,0,0
3392,User:Lukas²³,2,0,0
3393,User:OMT5500,2,0,0
3395,User:Zollernalb,2,0,1
3396,User:FrigidNinja/common.js,2,0,0
3399,User:Knopfkind/common.js,2,0,0
3400,Paramore,0,1,1
3402,Wikipedia:Abateesiteesi,4,0,0
3403,User:Nirakka/common.js,2,0,0
3406,User:Nirakka,2,0,1
3407,User:Mbazzivillage,2,0,0
3408,User talk:Mbazzivillage,3,0,0
3409,User talk:Romaine,3,0,1
3410,User:Romaine,2,0,1
3412,User:Knopfkind/common.css,2,0,0
3413,User:Razr Nation/common.css,2,0,0
3414,Sverige,0,0,0
3415,User:Bellayet/common.js,2,0,0
3416,User:*Youngjin/common.js,2,0,0
3421,User:LlamaAl/common.css,2,0,0
3422,User:LlamaAl,2,0,0
3423,User talk:LlamaAl,3,0,0
3425,User talk:Wim b,3,0,0
3430,User:Liuxinyu970226,2,0,0
3431,User:Spacebirdy/common.css,2,0,0
3432,User:Spacebirdy/common.js,2,0,0
3434,User:Sergio Andres Segovia/common.js,2,0,0
3435,User:Behemot leviatan/common.js,2,0,0
3437,User:Revi C.,2,0,1
3438,User talk:Revi C.,3,0,1
3440,User:William915,2,0,0
3441,User talk:Pratyya Ghosh,3,0,0
3444,User:Vanquisher.UA,2,0,1
3445,User talk:Vanquisher.UA,3,0,1
3446,User:*Youngjin/common.css,2,0,0
3450,User:Galahad/common.js,2,0,0
3451,User:Gaard van der Pol,2,0,1
3454,User:TCN7JM,2,0,1
3455,User:Renamed user 9thz5duyuxms,2,0,1
3457,Wikipedia talk:Community Portal,5,1,0
3459,User:AmaryllisGardener,2,0,0
3461,User:Jayantanth,2,0,1
3462,Wikipedia:VisualEditor,4,0,1
3464,User:TBloemink,2,0,1
3465,User:Chongkian,2,0,0
3472,MediaWiki talk:Common.js,9,1,2
3473,User talk:*Youngjin,3,0,1
3474,User:AKoval (WMF),2,3,1
3475,User talk:AKoval (WMF),3,1,0
3476,User:La fée Didier/common.js,2,0,0
3477,User:Josephyn Namwanga,2,0,0
3478,User:Wasswa charles ssebunnya,2,0,0
3479,User talk:Olulimi kasiita Alpha,3,0,0
3480,User:Ssebitosi daniel,2,0,0
3481,User talk:Josephyn Namwanga,3,0,0
3482,User talk:Ssebitosi daniel,3,0,0
3483,User:Olulimi kasiita Alpha,2,0,0
3486,User:JøMa/common.css,2,0,0
3490,User:Jmvgpartner/common.js,2,0,0
3492,User talk:Alan,3,0,1
3495,Luganda,0,0,0
3496,User talk:Nakalema,3,0,0
3497,User:Soodawabakyala,2,0,0
3498,User:NCarolyne,2,0,0
3499,User:Nakabuyejoy,2,0,0
3500,User talk:Nakabuyejoy,3,0,0
3501,User talk:Soodawabakyala,3,1,0
3502,User:Soodawabakyala/OBWAKABAKA,2,0,0
3503,User:KATUMBA.JB,2,0,0
3504,User:Ggodfrey male busuulwa,2,0,0
3505,User talk:Ggodfrey male busuulwa,3,0,0
3507,User talk:Jan Ainali (WMSE),3,0,0
3508,Template:@,10,0,1
3509,User:Jan Ainali (WMSE),2,0,1
3510,Obufumbo,0,0,0
3511,Baganda,0,0,0
3512,User:Tlkakinda,2,0,0
3513,User talk:Tlkakinda,3,1,0
3514,Ennkulakulanna eya nnamaddala,0,1,0
3515,Bonna basome,0,1,0
3516,Okuwumuza ettaka okulongosemu,0,1,0
3517,User:Kitakapeter,2,0,0
3518,User:Lubega ronnie,2,0,0
3519,User:Kitakapeter/emboga,2,1,0
3520,User:Mugweri ismail,2,0,0
3521,User:Musiitwa AIshaymah,2,0,0
3522,User:Lubegaronnie/sandbox,2,1,0
3523,User:BUSUULWA FRANCIS,2,0,0
3524,User:Ssembalirwa Nicholas,2,0,0
3525,User:Kibalama george william,2,0,0
3526,User:Womeraka,2,0,0
3527,User:Kasirye fred,2,0,0
3528,User:Womeraka/sandbox,2,1,0
3530,User:Ssali godfrey/sandbox,2,1,0
3531,User:Bakalangudde ben/sandbox,2,1,0
3532,User:BUSUULWA FRANCIS/sandbox,2,1,0
3533,User:Kasiryefred/sandbox,2,1,0
3534,User:Kibalamageorgewilliam/sandbox,2,1,0
3535,User:Mugweriismail/sandbox,2,1,0
3536,User:Kitakapeter/sandbox,2,1,0
3537,Emboga,0,1,0
3538,User:MissionLuganda,2,0,0
3539,User:Missionluganda/sandbox,2,0,0
3541,User:Catherine Lutwama,2,0,0
3542,User:Catherine lutwama/ebyobulimi,2,0,0
3545,User:Dsemakula,2,0,0
3547,Gabunga,0,0,0
3548,Bukedde,0,0,0
3550,User:Kezaalasaid,2,0,0
3551,User:Tom ssekyanzi,2,0,0
3552,User:Tomssekyanzi/sandbox,2,0,0
3553,User:Kezaalasaid/ebyafaayo,2,0,0
3554,User:Nakaggwa annet,2,0,0
3555,User:Mutumba grace,2,0,0
3556,User:Luyirika,2,0,0
3557,User:Namukwaya magret,2,0,0
3558,User talk:Nakaggwa annet,3,0,0
3559,User:NAKIMULI GORRET,2,0,0
3560,User:Mbazzivillage/endowooza y'omuntu,2,0,0
3561,Endowooza y'omuntu,0,0,0
3562,Muwogo,0,0,0
3563,Amawemukirano,0,0,0
3564,User talk:NAKIMULI GORRET,3,0,0
3566,Kasooli yara 42,0,0,0
3568,Enkoko,0,0,1
3569,User:Murangirabruce,2,0,0
3572,User talk:Murangirabruce,3,0,0
3574,User:John Ssebulime,2,0,0
3575,Sirimu,0,0,0
3577,User:Ajraddatz,2,0,0
3578,User:Nyaradzo patricia,2,0,0
3580,User:Doreen rich,2,0,0
3581,User talk:Doreen rich,3,0,0
3582,Embizzi,0,0,0
3583,User:Asie dora,2,0,0
3584,Wikipedia,0,1,0
3585,Ekibalangulo,0,0,0
3586,Vayiraasi,0,1,0
3587,Siriimu,0,0,0
3588,Vakisini ya Siriimu,0,2,0
3589,Vakisini ya siriimu,0,3,0
3590,User talk:Bwogi99,3,0,0
3591,Seroconversion,0,6,0
3592,Vitamini,0,0,0
3593,User talk:Fred musoke,3,1,1
3594,Non - nucleoside reverse transcriptase,0,1,0
3596,User:Randykitty,2,0,0
3599,User:Dusti,2,0,1
3600,Entry Inhibitor,0,3,0
3601,Retrovirus,0,1,0
3602,Reverse transcriptase,0,1,0
3603,User talk:Joyce Nanjobe Kawooya,3,0,0
3605,User:Jaxxes,2,0,0
3606,User:Itsme,2,0,0
3608,Michael Ezra,0,13,0
3610,User:Hosiryuhosi,2,0,0
3611,Empissi,0,0,0
3613,Ekigimusa ekya mazzi,0,0,0
3614,User talk:Kitakapeter,3,1,0
3615,User:KAKWANGA BENEDICT,2,1,0
3616,Obulimi,0,1,0
3618,User:Mbazzivillage/okutabula emmere y'embizzi,2,0,0
3619,Okutabula emmere y'embizzi,0,0,0
3620,User:Natuur12/vector.css,2,0,0
3623,User:JurgenNL/common.css,2,0,0
3624,Kisaawe ki ekisinga obunene mu Afrika?,0,0,0
3625,User:Mbazzivillage/Embizzi-Okutabula Emmere,2,0,0
3628,Ennkulakulana eya nnamaddala,0,0,0
3629,Okwekulakulanya,0,0,0
3630,Ebigimusa okuvamu nnakavundiira,0,0,0
3631,ENTOBAZI,0,0,0
3632,Okukola obulimiro obutono,0,0,0
3633,Ekyoto ekikekkerezza enku,0,0,0
3634,Okukuuma obutonde bw'ensi,0,0,0
3636,User:OctraBot,2,0,0
3637,Ffene,0,0,0
3638,User talk:Kinene fredrick,3,0,0
3639,Kampuni enkola computer,0,0,0
3640,OTANDIKA BIZINENSI ENTONOTONO,0,0,0
3641,Wikipedia talk:Embuga,5,1,1
3642,User:Faolin42,2,0,0
3643,User talk:Faolin42,3,0,0
3644,User:Doc Taxon/monobook.js,2,0,0
3645,User:Doc Taxon/vector.js,2,0,0
3646,User:Doc Taxon,2,0,0
3647,User:Joseph kagiri,2,0,0
3648,Omusujja,0,0,0
3649,Ente ez'amata,0,0,0
3650,User talk:Joseph kagiri,3,1,0
3651,Trojany,0,0,0
3652,Okusimba emiti gyebibala,0,1,0
3653,Tewekubagiza,0,1,0
3654,Ssembalirwa nicholas/sandbox,0,2,0
3655,Okulima kasooli,0,2,0
3656,User talk:Kikanja john baptist,3,2,0
3657,BINOJO,0,0,0
3658,User:Busuulwa nicholas/sandbox (4),2,0,0
3659,OKULIMA ENNYAANYA,0,2,0
3660,User:Kikanja john baptist,2,0,0
3661,Kikanja john baptist/sandbox,0,2,0
3662,OKULIMA EBIJANJAALO,0,0,0
3663,Ronald Reagan,0,0,2
3666,User:Kikanja john baptist/sandbox,2,0,0
3667,User:Busuulwa nicholas,2,0,0
3668,User talk:Busuulwa nicholas,3,1,0
3669,User:Mbazzi Farmers,2,0,0
3670,Kutu kumu,0,0,0
3671,Ennanda,0,0,0
3672,EKIBWANKULATA,0,0,0
3673,NAKASERO,0,0,0
3674,KAKUBANSIRI,0,0,0
3675,ENKEJJE,0,0,0
3677,OMWETANGO,0,0,0
3678,Buzinzi,0,0,0
3679,Wikipedia talk:Okutangaaza ku kkomo ery'obuvunaaniro bwaffe obw'omu mateeka,5,0,0
3680,Okusiriiza entamu,0,0,0
3681,Ekitonto,0,0,0
3682,Okusesema,0,1,0
3683,Akafuba,0,1,0
3684,Ekkajjolyenjovu,0,0,0
3685,Kabootongo,0,0,0
3686,Olususu,0,0,0
3687,Ebiryo,0,0,0
3688,Enjoka,0,0,0
3689,Akawulukutu,0,0,0
3690,Olubuto olwesibye,0,0,0
3691,Oluwumu,0,0,0
3692,User:Tremonist,2,0,0
3693,Sung Jae-gi,0,0,0
3694,Adolf Hitler,0,0,0
3695,Empisa,0,0,0
3696,Empisa ku mizigo,0,0,0
3698,User:Godfrey Male Busuulwa,2,0,0
3699,User:Xaris333,2,0,0
3700,User talk:Xaris333,3,0,0
3701,User:Jalexander,2,0,0
3702,User:Yosri,2,0,0
3703,Muzukizi,0,0,0
3704,KUTUKUMU,0,0,0
3705,ENIIMU,0,0,0
3706,Katunkuma,0,0,0
3707,KAYAYANA,0,0,0
3708,OLUNYEREKETO,0,0,0
3709,OLUSENKE,0,0,0
3710,EBBOMBO,0,0,0
3712,EJJIRIKITI,0,0,0
3713,OLWEZA,0,0,0
3714,EKIKAKALA,0,0,0
3715,KAZUNZANJUKI,0,0,0
3716,KAWUNYIRA,0,0,0
3724,User:Prenn (usurped 2),2,0,1
3725,User:TFCforever,2,0,0
3726,User:Michael Barera,2,0,0
3729,ENGOMA,0,0,0
3730,OKWABYA OLUMBE:EMITENDERA,0,0,0
3732,User:Good afternoon,2,0,0
3733,ENKOKO:EBIKA,0,0,0
3734,User:Haji doliskani,2,0,0
3735,Nsanyukira ekigambo kino lyrics,0,0,0
3736,User:Kiriggwajjo Anatole Jesero,2,0,0
3737,Ebola,0,2,0
3738,Module:Yesno,828,0,0
3739,Module:Arguments,828,0,0
3740,Module:Infobox,828,0,0
3741,Module:InfoboxImage,828,0,1
3742,Module:HtmlBuilder,828,0,0
3744,Module:Citation/CS1/Whitelist,828,0,0
3745,Module:Citation/CS1/Configuration,828,0,0
3746,Module:Citation/CS1/Date validation,828,0,0
3747,Template:Infobox,10,0,0
3748,Template:Infobox disease,10,0,1
3749,Template:Cite book,10,0,0
3750,Template:Cite web,10,0,0
3751,Template:Cite journal,10,0,0
3752,Template:Cite news,10,0,0
3753,Template:Refbegin,10,0,0
3754,Template:Refend,10,0,0
3755,Template:Reflist,10,0,0
3756,Template:ICD10,10,0,0
3757,Template:ICD9,10,0,0
3758,Template:Mesh2,10,0,0
3759,Template:MeSH2,10,0,0
3762,User:Jerzyjan1,2,0,0
3763,User:Kiriggwajjo Anatole Jesero/SSEKAZZI,2,0,0
3764,Sekazzi,0,0,0
3766,User:Vanished user 9oijnsdfknefijh3tjasfi34,2,0,1
3768,User:Vajotwo,2,0,0
3769,OMUGASO,0,0,0
3770,OKUBUULILILA,0,0,0
3771,User talk:Vanished user 9oijnsdfknefijh3tjasfi34,3,0,1
3772,User:Muyomba stephen,2,0,0
3773,User talk:Jon Harald Søby,3,0,0
3774,Noowe,0,0,0
3775,User:Katrina kalyns,2,0,0
3776,User:Mpindi joaniter,2,0,0
3777,Paris,0,0,0
3778,Tanzania,0,0,0
3779,OKULIMA KASOOLI,0,0,0
3780,EDDAGALA LY'EBIWUKA MUBIRIME OKUVA MU MIDDO,0,3,0
3781,User talk:Mugweri ismail,3,1,0
3783,User:Kibalama george william/sandbox (3),2,1,0
3784,Entegeka y'ezade,0,1,0
3785,User:Kitakapeter/sandbox (3),2,1,0
3787,Lydnevi,0,1,0
3788,User:Hym411,2,0,0
3789,User talk:Hym411,3,0,0
3792,User:Paul Kiguba,2,0,0
3793,Omwoloola,0,0,0
3794,User:Paul Kiguba/OMWOLOOLA,2,0,0
3797,AMALAGALA,0,0,0
3801,Norway,0,0,0
3802,Category:Noowe,14,0,0
3804,Category:Tanzania,14,0,0
3805,Hosjoe,0,0,0
3806,User:Busuulwa nicholas/sand box,2,1,0
3807,Obulungi bw'entangawuzi,0,1,0
3808,KALITUNSI,0,1,0
3809,User:Kitakapeter/SANDNAME,2,1,0
3810,Okulima emicuungwa,0,0,0
3811,User:Kibalama george william/sandbox (2),2,2,0
3812,User:Kibalama george william/sandbox,2,1,0
3813,Emeere bugagga,0,1,0
3814,User:KAKWANGA BENEDICT/SANDBOX,2,0,0
3815,Lwaki tulina okubeera n'emere munimiro zaffe,0,0,0
3818,User:Kitakapeter/sandbox (2),2,1,0
3819,Akatungulu,0,1,0
3820,User:KAKWANGA BENEDICT/SANDBOX (3),2,1,0
3821,OMUDDO OGUKAZIBWA OKULISA ENTE MU KYEYA,0,1,0
3822,User talk:KAKWANGA BENEDICT,3,0,0
3823,User:KAKWANGA BENEDICT/SANDBOX (2),2,1,0
3824,ENDWADDE Z'EMBOGA,0,1,0
3825,OKULUNDA EKOOKO ENANSI NENZIJAJABA,0,0,0
3826,OKUMEZESA ENDOKWA Z'EMITI N'OKUZIRABIRIRA,0,0,0
3827,User:Busuulwa nicholas/sandbox (3),2,1,0
3828,User talk:Kibalama george william,3,1,0
3829,User:Kibalama george william/sandbox (4),2,1,0
3830,Okulima green paper,0,1,0
3831,User:KAKWANGA BENEDICT/sandbox,2,0,0
3832,EBYENYANJA OMUNTU YENNA OSOBOLEERA DALA OKUBILUNDIRA AWAKA NGA AKOZESEZA PIIPA,0,0,0
3833,User:Ssali godfrey/sandbox (5),2,0,0
3834,User:Mugweri ismail/sandbox,2,1,0
3835,OBUTUNGULU OMUNTU BWABUKOZEESA NGA BUBISI BUSOBOLEERA DAALA OKUKENDEZA KUNDWADDE EZZIMU MU MIBIRI GYAFFE,0,1,0
3836,Wikipedia talk:Vital articles,5,1,0
3837,User:Joseph kagiri/sandbox,2,0,0
3838,User:Busuulwa nicholas/sandbox (2),2,2,0
3840,User:Kitakapeter/sandbox (4),2,0,0
3841,Okulima carrot kilungi wano e uganda,0,1,0
3842,User:Ssali godfrey/sandbox (2),2,0,0
3843,User:Kitakapeter/sandbx,2,1,0
3844,Embizzi nziriisa ntya bulungi,0,1,0
3845,User:Ssali godfrey/sandbox (4),2,0,0
3846,Okulima amayuni,0,0,0
3847,User:Ssali godfrey/sandbox (3),2,1,0
3848,Enkola yabulungi bwansi mu uganda,0,0,0
3849,User:Asiimwe27,2,1,0
3850,User:Conquistador/sandbox,2,0,0
3851,Matoke,0,1,1
3852,Kilimanjaro,0,0,0
3853,User talk:Asiimwe27,3,0,0
3856,User mugweri ismail/sandbox,0,0,0
3861,User:Busuulwa nicholas/sandbox,2,1,0
3862,Okulima ebitooke byetuyita fiya wano m'uganda,0,1,0
3863,Okulima ebinyeebwa,0,1,0
3864,User:Ssaligodfrey/sandbox,2,0,0
3865,Doodo,0,0,0
3866,User:Busuulwanicholas/sandbox,2,3,0
3867,OKULIMA SUKALI NDIIZI,0,0,0
3868,User:Ssali godfrey,2,0,0
3869,User:Kitaka peter/sandbox,2,1,0
3870,Okukola nakavundira,0,1,0
3871,OKULIMA OBUTUNDA,0,0,0
3872,Stary Dwór,0,0,0
3875,User:V(g),2,0,1
3876,User talk:V(g),3,0,1
3877,Amaanya g'ebikozesebwa mu Missa z'akatoliki,0,0,0
3881,User talk:Ah3kal,3,0,0
3882,Omweso,0,1,0
3884,User:Baba Tabita,2,0,0
3885,User:Busuulwa Nicholas/sandbox,2,1,0
3886,Bbogoya,0,0,0
3887,User:Busuulwa niicholas/sandbox,2,1,0
3888,Matooke,0,0,0
3889,User:Busuulwa Edward,2,0,0
3890,OKULIMA AMAJAANI,0,0,0
3892,User talk:Sam Sailor,3,0,1
3893,User:Aldnonymous,2,0,1
3894,EYAABWE,0,0,0
3897,Obwoka mu bato,0,0,0
3903,EKIFUBA EKIRAKIIRA,0,0,0
3904,User talk:Paul Kiguba,3,0,0
3906,OBUKO,0,0,0
3907,Chile,0,0,1
3908,Ebisa,0,0,0
3920,User:Kitakapeter/Sandbox,2,2,0
3922,User talk:Kitakapeter/sandbox,3,3,0
3923,EDAGALA LY'AMANNYI G'EKISAJJA ERYEKINANSI,0,3,0
3924,Okulima ebitooke ebyomulembe,0,1,0
3925,"Santiago, Chile",0,1,2
3926,User talk:Ainali,3,0,0
3927,Entuungo kirime kyatuunzi nnyo,0,1,0
3928,ENTUUNGO KIRIME KYA TUUNZI NNYO,0,0,0
3930,User talk:41.84.196.234,3,1,0
3931,User talk:Sir Lestaty de Lioncourt,3,0,1
3932,User:Lestaty,2,0,0
3933,User talk:Lestaty,3,0,0
3934,User:Caliburn,2,0,1
3935,Omusana,0,1,0
3936,Talk:Omusana,1,0,0
3937,Lumonde mmer,0,1,0
3938,Okukungula obutiko,0,1,0
3939,User:SurdusVII,2,0,1
3943,OLUBUTO OKWESIBA,0,0,0
3944,User:Suprememangaka,2,0,0
3945,User talk:Suprememangaka,3,0,0
3947,User talk:Unapersona,3,0,0
3948,User talk:Caliburn,3,0,0
3949,User talk:Mjbmr,3,0,1
3950,User:NahidSultan,2,0,0
3951,User talk:Guy Macon,3,1,0
3952,User talk:Vanished user 24kwjf10h32h,3,0,0
3954,OBUBAKA ERI ABALIMI BANANGE,0,0,0
3955,Talk:OBUBAKA ERI ABALIMI BANANGE,1,1,0
3956,Enfulula y'ebiswa mu nimiro,0,1,0
3957,User:George.Edward.C,2,0,0
3958,User talk:George.Edward.C,3,0,0
3959,Akasana ddagala eri abalwadde ba pulesa,0,0,0
3960,User talk:Busuulwa Edward,3,1,0
3961,Ebika byenkoko ezamagi,0,1,0
3962,User talk:JONATHAN KIKOMEKO,3,0,0
3963,Ebizibu ebiri mukulunda embizzi,0,0,0
3964,Emigaso j'okuzimba faamu,0,0,0
3965,Talk:Emigaso j'okuzimba faamu,1,0,0
3966,Entuntunu dagala nyo,0,0,0
3967,Lwaki abantu mu uganda balwala nnyo omusujja,0,0,0
3968,Ebinyeebwa,0,1,0
3969,EBYAFAAYO BYA MBAZZI,0,0,0
3970,ENNIMA EYO MULEMBE,0,0,0
3971,User:Vanished user 24kwjf10h32h,2,0,0
3972,User:Küñall,2,0,0
3973,Ekitooke mu uganda,0,0,0
3974,EBYENJIGIRIZA BYAFFE BYETAAGA OKUKYUKA BWE TUBA BAAKWEKULAAKULANYA,0,0,0
3975,Embeera y'obudde mu uganda,0,1,0
3976,Obutungulu,0,0,0
3977,Omuyembe,0,0,0
3978,Obugaga bw'omutaka,0,0,0
3979,Amazzi,0,0,0
3980,Ebijanjalo,0,0,0
3981,User:Guy Macon,2,1,0
3986,Talk:Ebika byenkoko ezamagi,1,1,0
3988,Boda boda,0,0,0
3989,Masaka,0,1,0
3990,Embwa,0,1,0
3991,Omuganda nebika,0,1,0
3992,Banka,0,0,0
3993,Okuyigga mubuganda,0,1,0
3996,User talk:Sevela.p,3,0,1
3997,User talk:ABRANDISS,3,1,0
3998,User talk:Bf~lgwiki,3,1,0
3999,User talk:Btw~lgwiki,3,1,0
4000,User talk:Diagraph01@kvp.biglobe.ne.jp~lgwiki,3,1,0
4001,User talk:Dog~lgwiki,3,1,0
4002,User talk:Emachinest3256~lgwiki,3,1,0
4003,User talk:Finlandia~lgwiki,3,1,0
4004,User talk:Hahkadoc~lgwiki,3,1,0
4005,User talk:Gifiler~lgwiki,3,1,0
4006,User talk:Fars902~lgwiki,3,1,0
4007,User talk:Hoo MergeAccount Test~lgwiki,3,1,0
4008,User talk:HuySgorii~lgwiki,3,1,0
4009,User talk:Interwiki de~lgwiki,3,1,0
4010,User talk:JIR.D.B.®~lgwiki,3,1,0
4011,User talk:Jklin~lgwiki,3,1,0
4012,User talk:Jeneme~lgwiki,3,1,0
4013,User talk:Jurpel~lgwiki,3,1,0
4014,User talk:Jvano~lgwiki,3,1,0
4015,User talk:Kanoe~lgwiki,3,1,0
4016,User talk:Kontos~lgwiki,3,1,0
4017,User talk:Llull~lgwiki,3,1,0
4018,User talk:MediaWiki default,3,1,0
4019,User talk:MediaWiki spam cleanup,3,1,0
4020,User talk:Mutebi~lgwiki,3,1,0
4021,User talk:N3m6~lgwiki,3,1,0
4022,User talk:Nkcs~lgwiki,3,1,0
4023,User talk:Parolu Esperanto~lgwiki,3,1,0
4024,User talk:PIP~lgwiki,3,1,0
4025,User talk:Py~lgwiki,3,1,0
4026,User talk:RCBot~lgwiki,3,1,0
4027,User talk:Rn~lgwiki,3,1,0
4028,User talk:Sikkd~lgwiki,3,1,0
4029,User talk:Soman,3,1,0
4030,User talk:Tehut~lgwiki,3,1,0
4031,User talk:Tomáš Novotný~lgwiki,3,1,0
4032,User talk:TyerNfru~lgwiki,3,1,0
4033,User talk:Wk~lgwiki,3,1,0
4034,User talk:茶~lgwiki,3,1,0
4035,User:Joyce Nanjobe Kawooya,2,0,0
4036,Mathematics,0,0,0
4037,User:Muddyb Blast Producer,2,0,0
4038,User talk:Muddyb Blast Producer,3,0,0
4039,EBYEWUNYISA KU MUSAJJA MUKASA MIKE,0,4,0
4041,User:Azariv,2,0,0
4042,Boda-boda,0,3,3
4043,BODA-BODA,0,0,0
4044,OKUKUUMA OBUTONDE BWENSI NGA TUKEKKEREZAEBIFUMBISIBWA,0,1,0
4045,ENSUJJU ZISIMBE OWONE OBWAVU,0,1,0
4046,Silimu,0,0,0
4047,Ebika by'enva,0,0,0
4048,Lumonde owa Kipapaali mulime owonnya obwavu,0,0,0
4049,Omulimi Owedda n'owaleero,0,1,0
4050,Talk:Boda-boda,1,13,10
4051,ENSIRINGANYI BAZIZAALUKUSSA,0,1,0
4052,ENKYUKAKYUUKA MU MBEERA Y’OBUDDE BW’ENSI N’ENTEEKATEEKA MU BITUNDU OMULI ENNYANJA NNALUBAALE,0,0,0
4054,EMIPIIRA EMIKADDE BAKOLAMU EBINTU BINGI,0,1,0
4056,OMUSU,0,1,0
4057,Wikipedia:Username policy,4,0,0
4058,EMMERE Y’ENTE N’ENKOKO GYETABULIRE,0,0,0
4059,OMWENGE NA KABI KAGWO,0,0,0
4061,EMMERE ERINA EBILIISA OMUBIRI GYETANNIRE,0,0,0
4062,OBULIMI BW’EKINTABULI,0,0,0
4063,OBUTONDE BW’ENSI,0,0,0
4064,"Enkwa Ebivu, n’ebiwuka ebirala by’ewale awamu n’endwadde zebireeta ku Ddundiro lyo",0,0,0
4065,Ettaka n’endabirira yaalyo ng’otema ensalosalo,0,0,0
4067,EDDAGALA LY’ENVA N’EBIBALA,0,0,0
4068,"ENTOBAZI N’EMIRIMU, N’EMIGASO GYAAZO",0,0,0
4069,OKUKOLA EBIGIMUSA EBY’AMAZZI,0,0,0
4070,OKUSOMA OKUGENDEREERA OKULEETA ENKULAAKULANNNA EYANNAMADDALA,0,1,0
4071,Talk:Amazzi,1,1,0
4072,Eddagala lya ulcers ez'omulubuto,0,1,0
4073,ENKOKO ENNANSI EREETA AMAGOBA,0,0,0
4074,OKULUNDIRA MU BIYUMBA,0,0,0
4075,Eby’Enjigiriza,0,0,0
4076,Ensalosalo,0,1,0
4077,Okukunganya Amazzi G'enkuba,0,3,2
4078,Okukongola kasooli,0,3,0
4079,Talk:EBYENYANJA OMUNTU YENNA OSOBOLEERA DALA OKUBILUNDIRA AWAKA NGA AKOZESEZA PIIPA,1,5,0
4080,OKULUNDA EBYENYANJA,0,4,2
4081,EZISUSIBWA ENVA ZE ZINO,0,0,0
4082,EZ’OBUSIGO ENVA ZE ZINO,0,0,0
4083,Omulimi n'omulunzi,0,0,0
4084,EDDAGALA ERIWEWEZA KU SILIMU,0,0,0
4085,Obulwadde bwa Ssukaali,0,1,0
4086,Katemba,0,1,0
4087,Emizannyo,0,1,0
4091,User:Diego Grez,2,0,0
4092,User talk:Diego Grez,3,0,0
4095,Ebyobuwangwa,0,1,0
4097,User:Kyaligonza JohnBosco,2,0,0
4098,User:Balemesa,2,0,0
4099,Kalandalugo,0,0,0
4100,User talk:Balemesa,3,0,0
4101,User talk:Kyaligonza JohnBosco,3,0,0
4102,User:Kyaligonza JohnBosco/sandbox,2,0,0
4103,User:Balemesa/sandbox,2,1,0
4104,Kabaka wa Buganda,0,0,0
4106,Namasole,0,0,0
4107,OKULAMUSA,0,0,0
4108,AKATALE K’OMULIMI EKIKONOONA BIIBINO,0,0,0
4109,Category:Buganda,14,0,0
4111,Olutobazi nabajjuzi,0,1,0
4112,Bbuulwe,0,0,0
4113,Nnalubaale,0,0,0
4114,User:Tonny Ineza,2,0,0
4115,Nzikiriza ey'eNicea,0,3,0
4116,Nzikiriza y'Abatume,0,1,0
4117,User talk:Tonny Ineza,3,0,0
4118,Category:Ekyazinnamabeere,14,0,0
4119,BANKA,0,0,0
4120,Category:Croatia,14,0,0
4121,Category:Brasil,14,0,0
4122,Category:Yukrein,14,0,0
4123,Category:Bubirigi,14,0,0
4124,Category:Italie,14,0,0
4125,Katonga,0,0,0
4126,Enjobe,0,0,0
4127,Kizito omuto omujulizi omutuukirivu,0,2,0
4128,Omuwala enteeka,0,0,0
4129,Template:Eggwanga,10,0,2
4133,Ghana,0,0,0
4134,EMMERE N’ ENNYONGEREZA KU MMERE GY’OLYA,0,0,0
4135,ENNAKU MU SSABIITI,0,0,0
4136,OKUKUNGULA AMAZZI G’ENKUBA,0,0,0
4137,KAYONGO N’ENGERI Y’OKUJJAWO KAYONGO,0,0,0
4138,Emyezi mu Luganda,0,0,0
4139,OMUZIMBA NDEGEYA,0,0,0
4140,KAWOOMERA MBUZZI,0,0,0
4141,KALWENDA,0,0,0
4142,OMUGAVU,0,0,0
4143,KATUNGULUCCUMU,0,0,0
4144,BUDALASINI,0,1,0
4145,ENIMAWA,0,0,0
4146,Mangada,0,1,0
4147,Afirika,0,0,1
4148,Category:Ensi za Afirika,14,0,0
4149,Template:Amawanga g'Afirika,10,0,1
4150,Template:Navbox generic,10,0,0
4151,Template:FlowMention,10,0,0
4157,Kabeji,0,0,0
4158,User talk:David Adam Kess,3,0,0
4163,User talk:Omulongo wasswa,3,0,0
4164,Ebiriisa mu'mmere gyoowa ebisolo,0,0,0
4165,Olulyo lw'ebisolo ng'olunda,0,0,0
4166,OKULIISA EKISOLO,0,0,0
4167,Ebbanyi,0,1,0
4168,Kakooto,0,0,0
4169,ETTAKA OKULIZIYIZA OKUKULUKUTA,0,0,0
4170,Ebitooke,0,0,0
4171,EBBANYI,0,0,0
4172,KAKOOTO,0,0,0
4173,EBITOOKE,0,0,0
4175,ENDDWADDE N’EBIZIFAAKO MU BYALO MU’ ENKULAAKULANA EYA NAMADDALA,0,0,0
4176,OBWAVU N’OKUNONNYEREZA KU BIBUFAAKO MU BYALO MU’ ENKULAAKULANA EYA NAMADDALA,0,0,0
4178,EMBUZZI ESULA MU KISIBO,0,0,0
4179,EKITIMBA KY’OMUNTU,0,0,0
4180,EBINYEBWA EBISIIKE,0,0,0
4181,EKYUMA EKIWEESA,0,0,0
4182,OMUNTU OMUBAKA,0,0,0
4183,KIYINI KIBI,0,0,0
4184,OFUUYE MUKKA MU KISERO,0,0,0
4186,Ssebuko bunaafa,0,0,0
4187,Olusozi,0,1,0
4188,Ssoolabessaazaala,0,0,0
4189,Essununa,0,0,0
4190,Nnamaaso,0,0,0
4191,Mpujjo,0,0,0
4192,Namakaka,0,0,0
4193,Nabulagala,0,0,0
4194,Omusaayi okuggwa mu mubiri,0,0,0
4195,Ekigaji ddagala,0,0,0
4196,Mwambala zitonya,0,0,0
4197,Eppaapaali,0,0,0
4199,Emmanvu,0,0,0
4200,Warszawa,0,1,3
4201,EMMANVU,0,0,0
4202,Nkalubo,0,0,0
4203,Embazzi okugyekulira ku kugulu,0,0,0
4204,Omukulu ali ewuwe,0,0,0
4205,Obubulwa,0,0,0
4206,Empewo eya kiwanuka,0,0,0
4207,Obwoya bwo mu kutu,0,0,0
4208,Omuvubi w’emmamba,0,0,0
4209,Omwogezi atasalako,0,0,0
4210,Atwalira nnyina,0,0,0
4211,Osindise mwana wa jjajjawe,0,0,0
4212,Masenge ga muyiisa,0,0,0
4213,Eryokanga n’etonya,0,0,0
4214,Wali olabye,0,0,0
4215,Kaggalira,0,0,0
4216,Ekikambirizi,0,0,0
4217,Suulensaamu,0,0,0
4220,Gy’otasula,0,0,0
4221,Omubi atavaawo,0,0,0
4222,Ekitibwa kya Daudi Ccwa,0,0,0
4223,Akatiko akabaala,0,0,0
4224,Lumonde awusse,0,0,0
4225,Mbadde mulowooza,0,0,0
4227,Kwata enkata nkutikke,0,0,0
4228,Okwerya omuguju,0,0,0
4229,Lubaale wa wansi,0,0,0
4230,Nsowerezi,0,0,0
4231,Ekisubi kimusaze,0,0,0
4232,Kuukuu kkange balimi,0,0,0
4233,Nfukamirizi,0,0,0
4234,Ngwa bugazi,0,0,0
4235,Kalungu atabaala,0,0,0
4236,Okulima empindi ku mabega,0,0,0
4237,Zibugo ne Nkubansi,0,0,0
4238,Ebbaaga,0,0,0
4239,Kasisiro,0,0,0
4240,Munyeenye,0,0,0
4241,Ffene mu lugero,0,0,0
4242,Okulya emyungu,0,0,0
4243,Ekitibwa kya Dokita M.B.Nsimbi,0,0,0
4244,Azaalibwa n’endira ebbiri,0,0,0
4245,Mulyangogumu,0,0,0
4246,Muzibo,0,0,0
4247,Buli avaayo Kabaka,0,0,0
4248,Olwazi,0,0,0
4249,Okwetema engalike,0,0,0
4250,Ekigere,0,0,0
4251,Ofiirwa amalusu n’omwasi,0,0,0
4252,Katali kabe,0,0,0
4253,Guwedde entonto,0,0,0
4254,Kibuye,0,0,0
4255,Kawuka,0,0,0
4256,Okulaaza,0,0,0
4257,Olunyago,0,0,0
4258,Akabango,0,0,0
4259,K’otonnaba kumwesa,0,0,0
4260,Obugulu bukuba sikyakyala,0,0,0
4261,Nnyini kakomo,0,0,0
4262,Esomoka tewoloma,0,0,0
4263,Omuchungwa,0,0,0
4264,Omusogasoga,0,0,0
4265,Amaduudu,0,0,0
4266,Empaanyi,0,0,0
4267,Ekajolyanjovu,0,0,0
4268,Ekitembe,0,0,0
4269,Omwolola,0,0,0
4270,Omuyirikiti,0,0,0
4271,Omunyanya,0,0,0
4273,Ebirungo,0,1,0
4274,Ebyennyanja ebise,0,1,0
4275,Enkwa Emmyukirivu,0,1,0
4276,’Enkwa Embalabala,0,1,0
4277,Enkwa eya Bbululu,0,1,0
4278,Ebivu,0,1,0
4279,Łobez,0,2,3
4280,Ekitonto ddagala,0,0,0
4281,Endwadde y’amaaso,0,0,0
4282,Ekyenda ekinene,0,0,0
4283,Amabwa agatawona,0,0,0
4284,Okulumwa omutwe,0,0,0
4285,Endwadde mu byalo,0,0,0
4286,Kisubi kya kyaayi,0,0,0
4287,Kalifuwa,0,0,0
4288,Amakajja,0,0,0
4289,Okutumbira olubuto,0,0,0
4290,Obugulumbu,0,0,0
4291,Emisuwa egizimba,0,0,0
4292,Obulwadde bw’ekiwanga,0,0,0
4293,Ekifuba,0,0,0
4294,Senyiga,0,0,0
4295,Okwenyika omutima,0,0,0
4296,Omutuba,0,0,0
4297,Embalabe,0,0,0
4298,Endwadde y’omugongo,0,0,0
4299,Pulesa,0,0,0
4300,Kolera ndwadde,0,0,0
4301,Kamunye,0,0,0
4302,Ekiyondo,0,0,0
4303,User:Prossy Tulinomubezi,2,0,0
4304,Okwerabira,0,0,0
4305,Obuyute,0,0,0
4306,Obutazaala,0,0,0
4307,Ensigo,0,0,0
4308,Ebirogologo,0,0,0
4309,Kokolo,0,0,0
4310,Nzingu,0,0,0
4311,Mukoma,0,0,0
4312,Musaali,0,0,0
4313,Nkago,0,0,0
4314,Oluwawu,0,0,0
4315,Nkoni,0,0,0
4316,Kalitunsi alimu ebika,0,0,0
4317,Kookowe,0,0,0
4318,Mukunyu,0,0,0
4319,Kabalira,0,0,0
4320,User talk:לערי ריינהארט,3,2,1
4321,Molinga,0,0,0
4322,Okugwamu amazzi,0,0,0
4323,Okuggwamu omusaayi,0,0,0
4324,Obulumi mu lubuto,0,0,0
4325,Amaaso agaleeta ebinyinyi,0,0,0
4326,Okweralikirira ennyo,0,0,0
4327,Bbowolola Omusajja,0,0,0
4328,Akafuba bulwadde,0,0,0
4329,Ensimbu,0,0,0
4330,Mukekimbo,0,0,0
4331,Nkikimbo,0,0,0
4332,Omujaaja,0,0,0
4333,Okutumbira,0,0,0
4334,Amannyo,0,0,0
4335,Obuteyabya,0,0,0
4336,Kibwankulata,0,0,0
4337,Okwesika,0,0,0
4338,Eyaabwe,0,0,0
4339,Obulwadde bw 'ensusu,0,0,0
4340,Enuuni ezimbye,0,0,0
4341,Ngwabuzito,0,0,0
4342,Entaseesa,0,0,0
4343,Obulwadde bw’okukawago,0,0,0
4344,Akeyeeyo,0,0,0
4345,Akakumirizi,0,0,0
4346,Okukyuka mu nnyingo,0,0,0
4347,Obumenyefu,0,0,0
4348,Kifabakazi,0,0,0
4349,Olususu olubutukabutuka,0,0,0
4350,Omutwe ogulumira oludda olumu,0,0,0
4351,Omugongo,0,0,0
4352,ENKOZESA YOMULURUUZA,0,0,0
4353,Enkozesa y'omululuza,0,1,0
4370,User talk:12.251.244.238,3,0,0
4373,Emisuwa egikaluba,0,0,0
4374,Ennyingo Okuzimba,0,0,0
4375,Amabwa wakati wenjala,0,0,0
4376,Ekiwalata,0,0,0
4377,Ebizimba,0,0,0
4378,Enseke n’ekifu ku maaso,0,0,0
4379,Ebigalagamba ku lususu,0,0,0
4380,Enjovu bulwadde,0,0,0
4381,Omwana okufuka ku buliri,0,0,0
4382,Namusuna,0,0,0
4383,Okuddukana n’Okusesema,0,0,0
4384,Amatu okulwala,0,0,0
4385,Aniya,0,0,0
4386,Obunnafu mu mubiri,0,0,0
4387,Amayinja mu Nseke,0,0,0
4388,Ekibumba nga kilwadde,0,0,0
4389,Amabwa munda w’obulago,0,0,0
4390,Enkaka,0,0,0
4391,Mulalama,0,0,0
4392,Kyewamala,0,0,0
4393,User talk:בײַ מיר ביסטו שיין,3,1,0
4394,User talk:KIZZA ABRAHAM,3,0,0
4395,User:Wasswa Benedict,2,0,0
4396,User:Nambwayo ester/sandbox,2,1,0
4397,User:Wasswa Benedict/sandbox,2,1,0
4398,Omumbejja,0,1,0
4399,User:Kiriggwajjo Anatole/sandbox,2,1,0
4400,User:Ssenyondo/sandbox,2,1,0
4401,Ttoli mwavu,0,1,0
4402,User:Buyondo Musoke/sandbox,2,1,0
4403,Sekamu,0,1,0
4405,User:Wassswa Benedict/sandbox,2,1,0
4406,Ebyawuzi,0,1,0
4407,Bbayo Ggaasi,0,0,0
4408,User:Jjumba Joseph,2,0,0
4409,Ennyambala mu Buganda,0,1,0
4410,Lubugo,0,0,0
4411,User:Nakatoogo Allen/sandbox,2,1,0
4412,User:Buyondo Musoke/EKIKA KY'EMBOGO,2,0,0
4413,Ekika ky'Embogo,0,0,0
4414,Enjatuza,0,1,0
4415,User talk:Buyondo Musoke,3,0,0
4416,Makerere y'akubiri ku ssemazinga,0,1,0
4417,Omutima omugumu,0,0,0
4418,Ensilifu,0,1,0
4419,Okusogola omwenge,0,1,0
4420,ENSILIFU,0,0,0
4421,EBYAWUZI,0,0,0
4422,OMUMBEJJA,0,0,0
4423,EKIKA KY'EMBOGO,0,0,0
4424,SEKAMU,0,0,0
4425,User;nambwayo ester/sandbox,0,0,0
4426,EPPAAPAALI,0,0,0
4428,MWAMBALA ZITONYA,0,0,0
4429,EKIGAJI DDAGALA,0,0,0
4430,OMUSAAYI OKUGGWA MU MUBIRI,0,0,0
4431,NABULAGALA,0,0,0
4432,NAMAKAKA,0,0,0
4433,MPUJJO,0,0,0
4434,NNAMAASO,0,0,0
4435,ESSUNUNA,0,0,0
4436,SSOOLABESSAAZAALA,0,0,0
4437,OLUSOZI,0,0,0
4438,SSEBUKO BUNAAFA,0,0,0
4439,Okwongera ku mmere gyolya,0,0,0
4440,Okukyusa emmere,0,0,0
4441,Erinnya Kabaka,0,1,0
4442,Beene,0,1,0
4443,Kalemakansinjo,0,1,0
4444,Sikoselo,0,0,0
4445,Ebigalanga,0,0,0
4446,Kaggo,0,1,0
4447,Mukwenda,0,1,0
4448,Ssekiboobo,0,1,0
4449,Kangaawo,0,1,0
4450,User talk:I18n,3,1,1
4451,Ssebwana,0,0,0
4452,Kayima,0,1,0
4453,Kitunzi,0,1,0
4454,Ppookino,0,1,0
4455,Kasujju,0,1,0
4456,Katambala,0,1,0
4457,Kweba,0,1,0
4458,Kamuswaga,0,0,0
4459,Ddaaza,0,0,0
4460,Ezzooba,0,0,0
4462,Pikachu,0,0,0
4463,Flippy,0,0,0
4464,User:Doc Taxon/monobook.css,2,0,0
4465,Omuti omuzimba ndegeya,0,0,0
4466,Template:LQT Moved thread stub converted to Flow,10,0,0
4467,Template:LQT page converted to Flow,10,0,0
4468,Template:Archive for converted LQT page,10,0,0
4469,Template:LQT post imported with supressed user,10,0,0
4470,Template:LQT post imported with different signature user,10,0,0
4471,Template:Wikitext talk page converted to Flow,10,0,0
4472,Template:Archive for converted wikitext talk page,10,0,0
4473,Template:Infobox settlement,10,0,0
4474,Module:Check for unknown parameters,828,0,0
4475,Template:Location map,10,0,0
4476,Module:Location map,828,0,2
4478,Template:Geobox coor,10,0,0
4479,Module:Geobox coor,828,0,0
4480,Template:Coord,10,0,0
4481,Module:Coordinates,828,0,0
4482,Module:Math,828,0,0
4483,Template:Both,10,0,0
4484,Template:Infobox settlement/areadisp,10,0,0
4485,Template:Rnd,10,0,0
4486,Template:Order of magnitude,10,0,0
4487,Template:Max/2,10,0,0
4488,Template:Max,10,0,0
4489,Template:Precision,10,0,0
4490,Template:Infobox settlement/pref,10,0,1
4491,Template:Infobox settlement/densdisp,10,0,0
4492,Template:Infobox settlement/metric,10,0,0
4493,Template:Infobox settlement/lengthdisp,10,0,0
4494,Module:Navbar,828,0,0
4495,Template:Location map Uganda,10,0,0
4496,Template:Location map/Info,10,0,1
4497,Template:Template other,10,0,0
4498,Template:I,10,0,0
4499,Template:Indent,10,0,0
4500,Template:PAGENAMEBASE,10,0,0
4501,Module:String,828,0,0
4502,Disitulikiti mu Yuganda,0,0,1
4503,Template:Smn,10,0,0
4504,Buikwe (disitulikit),0,0,0
4505,Template:Disitulikiti mu Yuganda,10,0,0
4506,Template:Collapsible option,10,0,0
4507,Template:Navbox,10,0,0
4508,Module:Navbox,828,0,0
4509,Template:Para,10,0,0
4510,Module:Color contrast,828,0,0
4511,Module:Color contrast/colors,828,0,0
4512,Template:Flag,10,0,0
4513,Template:Country data,10,0,0
4514,Template:Flag/core,10,0,1
4515,Bukomansimbi (disitulikit),0,0,0
4516,Butambala (disitulikit),0,0,0
4517,Buvuma (disitulikit),0,0,0
4518,Gomba (disitulikit),0,0,0
4519,Kalangala (disitulikit),0,0,0
4520,Kalungu (disitulikit),0,0,0
4521,Kampala (disitulikit),0,0,0
4522,Kayunga (disitulikit),0,0,0
4523,Kiboga (disitulikit),0,0,0
4524,Kyankwanzi (disitulikit),0,0,0
4525,Luweero (disitulikit),0,0,0
4526,Lwengo (disitulikit),0,0,0
4527,Lyantonde (disitulikit),0,0,0
4528,Masaka (disitulikit),0,0,0
4529,Mityana (disitulikit),0,0,0
4530,Mpigi (disitulikit),0,0,0
4531,Mubende (disitulikit),0,0,0
4532,Mukono (disitulikit),0,0,0
4533,Nakaseke (disitulikit),0,0,0
4534,Nakasongola (disitulikit),0,0,0
4535,Rakai (disitulikit),0,0,0
4536,Sembabule (disitulikit),0,0,0
4537,Wakiso (disitulikit),0,0,0
4538,Amuria (disitulikit),0,0,0
4539,Budaka (disitulikit),0,0,0
4540,Bududa (disitulikit),0,0,0
4541,Bugiri (disitulikit),0,0,0
4542,Bukedea (disitulikit),0,0,0
4543,Bukwa (disitulikit),0,0,0
4544,Bulambuli (disitulikit),0,0,0
4545,Busia (disitulikit mu Yuganda),0,0,0
4546,Butaleja (disitulikit),0,0,0
4547,Buyende (disitulikit),0,0,0
4548,Iganga (disitulikit),0,0,0
4549,Jinja (disitulikit),0,0,0
4550,Kaberamaido (disitulikit),0,0,0
4551,Kaliro (disitulikit),0,0,0
4552,Kamuli (disitulikit),0,0,0
4553,Kapchorwa (disitulikit),0,0,0
4554,Katakwi (disitulikit),0,0,0
4555,Kibuku (disitulikit),0,0,0
4556,Kumi (disitulikit),0,0,0
4557,Kween (disitulikit),0,0,0
4558,Luuka (disitulikit),0,0,0
4559,Manafwa (disitulikit),0,0,0
4560,Mayuge (disitulikit),0,0,0
4561,Mbale (disitulikit),0,0,0
4562,Namayingo (disitulikit),0,0,0
4563,Namutumba (disitulikit),0,0,0
4564,Ngora (disitulikit),0,0,0
4565,Pallisa (disitulikit),0,0,0
4566,Serere (disitulikit),0,0,0
4567,Sironko (disitulikit),0,0,0
4568,Soroti (disitulikit),0,0,0
4569,Tororo (disitulikit),0,0,0
4570,User:Philip J,2,0,0
4571,Abim (disitulikit),0,0,0
4572,Adjumani (disitulikit),0,0,0
4573,Agago (disitulikit),0,0,0
4574,Alebtong (disitulikit),0,0,0
4575,Amolatar (disitulikit),0,0,0
4576,Amudat (disitulikit),0,0,0
4577,Amuru (disitulikit),0,0,0
4578,Apac (disitulikit),0,0,0
4579,Arua (disitulikit),0,0,0
4580,Dokolo (disitulikit),0,0,0
4581,Gulu (disitulikit),0,0,0
4582,Kaabong (disitulikit),0,0,0
4583,Kitgum (disitulikit),0,0,0
4584,Koboko (disitulikit),0,0,0
4585,Kole (disitulikit),0,0,0
4586,Kotido (disitulikit),0,0,0
4587,Lamwo (disitulikit),0,0,0
4588,Lira (disitulikit),0,0,0
4589,Maracha-Terego (disitulikit),0,0,0
4590,Moroto (disitulikit),0,0,0
4591,Moyo (disitulikit),0,0,0
4592,Nakapiripirit (disitulikit),0,0,0
4593,Napak (disitulikit),0,0,0
4594,Nebbi (disitulikit),0,0,0
4595,Nwoya (disitulikit),0,0,0
4596,Otuke (disitulikit),0,0,0
4597,Oyam (disitulikit),0,0,0
4598,Pader District,0,0,0
4599,Yumbe (disitulikit),0,0,0
4600,Zombo (disitulikit),0,0,0
4601,Buhweju (district),0,0,0
4602,Buhweju (disitulikit),0,0,0
4603,Buliisa (disitulikit),0,0,0
4604,Bundibugyo (disitulikit),0,0,0
4605,Bushenyi (disitulikit),0,0,0
4606,Hoima (disitulikit),0,0,0
4607,Ibanda (disitulikit),0,0,0
4608,Isingiro (disitulikit),0,0,0
4609,Kabale (disitulikit),0,0,0
4610,Kabarole (disitulikit),0,0,0
4611,Kamwenge (disitulikit),0,0,0
4612,Kanungu (disitulikit),0,0,0
4613,Kasese (disitulikit),0,0,0
4614,Kibaale (disitulikit),0,0,0
4615,Kiruhura (disitulikit),0,0,0
4616,Kiryandongo (disitulikit),0,0,0
4617,Kisoro (disitulikit),0,0,0
4618,Kyegegwa (disitulikit),0,0,0
4619,Kyenjojo (disitulikit),0,0,0
4620,Masindi (disitulikit),0,0,0
4621,Mbarara (disitulikit),0,0,0
4622,Mitooma (disitulikit),0,0,0
4623,Ntoroko (disitulikit),0,0,0
4624,Ntungamo (disitulikit),0,0,0
4625,Rubirizi (disitulikit),0,0,0
4626,Rukungiri (disitulikit),0,0,0
4627,Sheema (disitulikit),0,0,0
4635,User talk:107.92.59.234,3,0,0
4638,Ekiwanga,0,1,0
4639,Lubyamira,0,1,0
4772,Traduzir,0,0,0
4773,User talk:Nalumansi tinah,3,1,0
4774,Eteeka ly'entobazi,0,0,0
4776,Template:Latin alfabeti,10,0,0
4777,Template:Unicode,10,0,0
5124,Ennkulaakulanna,0,0,0
5128,User:Nalumansi tinah,2,0,0
5129,Wikipedia:Asian Month,4,1,0
5130,Wikipedia:Asian Month/participants,4,0,0
5134,Abayita Ababiri,0,0,0
5135,Abaita Ababiri,0,0,0
5136,Abim (kibuga),0,0,0
5137,Aboke,0,0,0
5138,Acholibur,0,0,0
5139,Adilang,0,0,0
5140,Adjumani,0,0,0
5141,Aduku,0,0,0
5142,Agago,0,0,0
5149,Alebtong,0,0,0
5150,Aloi,0,0,0
5151,Amolatar,0,0,0
5152,Amudat,0,0,0
5153,Amuria,0,0,0
5154,Amuru,0,0,0
5155,Anaka,0,0,0
5156,Apac,0,0,0
5157,Arapai,0,0,0
5158,Arua,0,0,0
5159,Atiak,0,0,0
5160,Alebtongo,0,0,0
5161,Bamunanika,0,0,0
5162,Baamunaanika,0,0,0
5163,Barlonyo,0,0,0
5164,Bbaale,0,0,0
5165,Bale,0,0,0
5166,Bibia,0,0,0
5167,Binyiny,0,0,0
5168,Bombo,0,0,0
5169,"Bombo, Yuganda",0,0,0
5170,"Bondo, Yuganda",0,0,0
5171,Budadiri,0,0,0
5172,Budaka,0,0,0
5173,Buddo,0,0,0
5174,Budo,0,0,0
5175,Bududa,0,0,0
5176,Bufuka,0,0,0
5177,Bugamba,0,0,0
5178,Bugembe,0,0,0
5179,Bugiri,0,0,0
5180,Bugoye,0,0,0
5181,Buikwe,0,0,0
5182,Bujerere,0,0,0
5183,Bukakkata,0,0,0
5184,Bukedea,0,0,0
5185,Bukomansimbi,0,0,0
5186,Bukomero,0,0,0
5187,Bukwo,0,0,0
5188,Bukakata,0,0,0
5189,Buyikwe,0,0,0
5190,Bukwo (disitulikit),0,0,0
5191,Bulambuli,0,0,0
5192,Buliisa,0,0,0
5193,"Bunagana, Yuganda",0,0,0
5194,Bunagana,0,0,0
5195,Bundibugyo,0,0,0
5416,Kyakyu,0,0,0
5417,User talk:Stephenwanjau,3,0,0
5418,User:Stephenwanjau,2,0,0
5419,Amakubo mu ttaka,0,1,0
5424,User:Alextejthompson,2,0,0
5426,User:Hahc21/common.css,2,0,0
5427,User:Hahc21/common.js,2,0,0
5428,User:Hahc21,2,0,0
5430,Module:TableTools,828,0,0
5432,User:Varlaam,2,0,0
5433,Y. K. Museveni,0,0,0
5434,Museveni,0,0,0
5435,User talk:2A00:801:210:33F3:1844:415A:5D6F:51C1,3,1,0
5438,Ebyazaawa,0,1,0
5439,Busembatya,0,0,0
5440,Busembatia,0,0,0
5441,Bushenyi,0,0,0
5442,"Busia, Yuganda",0,0,0
5443,Busia,0,0,0
5444,Busitema,0,0,0
5445,Busobya,0,0,0
5446,Busolwe,0,0,0
5447,Busunju,0,0,0
5448,Butaleja,0,0,0
5449,Butyaba,0,0,0
5450,Butiaba,0,0,0
5451,Buwenda,0,0,0
5452,Buwenge,0,0,0
5453,Buyende,0,0,0
5454,Bwamiramira,0,0,0
5455,Bweyogerere,0,0,0
5456,Bwizibwera,0,0,0
5457,Dokolo,0,0,0
5458,Elegu,0,0,0
5459,Entebbe,0,0,0
5460,Category:Entebbe,14,0,0
5461,Category:Kampala,14,0,0
5462,Banovci (Nijemci),0,0,0
5463,Fort Portal,0,0,1
5464,Mountains of the Moon University,0,0,0
5465,Category:Fort Portal,14,0,0
5466,Galilaya,0,0,0
5467,Galiraya,0,0,0
5468,Gayaza,0,0,0
5469,Goli,0,0,0
5470,Gombe,0,0,0
5471,"Gombe, Butambala",0,0,0
5472,"Gombe, Wakiso",0,0,0
5473,Gulu,0,0,1
5474,Category:Gulu,14,0,0
5475,Amereka,0,0,0
5476,USA,0,0,0
5477,Hima,0,0,0
5478,"Hima, Yuganda",0,0,0
5479,"Hima, USA",0,0,0
5482,Rio de Janeiro,0,0,1
5483,Kasasiro avaamu ekigimusa ettaka,0,1,0
5484,Ennyama enkalubo ekira amaluma,0,1,0
5485,Emiteeru,0,0,0
5486,Amazina g’ekirevu,0,0,0
5487,Kiwanuka,0,0,0
5488,Ekinyaalika,0,0,0
5489,Ente,0,0,0
5490,User talk:Nhóm Thông tin Wikimedia,3,0,0
5491,Geoffrey Oryema,0,0,1
5492,Soroti,0,0,1
5494,User:Marce79,2,0,0
5495,Enyanjula y’Entobazi,0,0,0
5496,Ebiibira n’entobazi,0,0,0
5497,Embeera y’emigga n’ebiibira,0,0,0
5498,Enkola n’Amateeka g’Entobazi,0,0,0
5499,Emigaso gy’entobazi,0,1,0
5500,Abantu abasinga tebamanyi mugaso gwa ntobazi,0,0,0
5501,Emmere gyoowa ebisolo n’ Ebiriisa,0,0,0
5502,Lunda ebisolo nga bya’lulyo,0,0,0
5503,Liisa ekisolo,0,0,0
5504,Obulwadde bw’Ebbanyi,0,1,0
5505,Obulwadde bw’Kkakooto,0,0,0
5506,Ziyiza ettaka okukulukuta,0,0,0
5507,Simba ebitooke,0,0,0
5508,Ebibafaako Abavubuka mu byalo mu’ enkulaakulana eya namaddala,0,0,0
5509,Ebifa ku’nddwadde mu byalo mu’ enkulaakulana eya namaddala,0,0,0
5510,Ebifa ku’bwavu n’okunonnyereza ku bibufaako mu byalo mu’ enkulaakulana eya namaddala,0,0,0
5511,Ebifa ku ‘amazzi mu byalo mu’ enkulaakulana eya namaddala,0,0,0
5512,Etooke ssoolabessaazaala,0,0,0
5513,Okukalirira ebyennyanja oba Essununa,0,0,0
5514,Omubiri okuggwamu omusaayi,0,0,0
5515,Eddagala eriyitibwa Ekigaji,0,0,0
5516,Eddagala eriyitibwa Mwambala zitonya,0,0,0
5517,Ddagala eriyitibwa Mwambala zitonya,0,0,0
5518,Eddagala eriyitibwa Eppaapaali,0,0,0
5519,Eddagala eriyitibwa Akagobadogo,0,0,0
5520,User talk:NAMBATYA,3,0,0
5521,Okujjanjabisa obutonde,0,0,0
5522,User:Pinus,2,0,0
5523,Aafrika,0,0,0
5525,User:Riley Huntley,2,0,0
5526,Algeria,0,0,0
5527,Angola,0,0,0
5528,Malawi,0,0,0
5529,Red Hot Chili Peppers,0,0,1
5531,Hoima,0,0,0
5532,Ibanda,0,0,0
5533,Iganga,0,0,0
5534,Ishaka,0,0,0
5535,"Ishasha, Yuganda",0,0,0
5536,Isingiro,0,0,0
5537,Jinja,0,0,1
5538,Kaabong,0,0,0
5539,Kabale,0,0,0
5540,Kabamba,0,0,0
5541,Kaberamaido,0,0,0
5542,Kabojja,0,0,0
5543,Club Silk,0,0,0
5544,Guvnor,0,0,0
5545,Club Amnesia,0,0,0
5546,Cineplex Cinema,0,0,0
5547,Kabulasoke,0,0,0
5548,Kabwohe,0,0,0
5549,Kabwoya,0,0,0
5550,Kagadi,0,0,0
5551,Kagamba,0,0,0
5552,Kaiso,0,0,0
5553,Kajjansi,0,0,0
5554,Kakira,0,0,0
5555,Kakiri,0,0,0
5556,Kakuuto,0,0,0
5557,Kalagala,0,0,0
5558,Kalagi,0,0,0
5559,"Kalagi, Yuganda",0,0,0
5560,"Kalagi, Mubende",0,0,0
5561,"Kalagi, Mukono",0,0,0
5562,Kalangala,0,0,0
5563,Kanungu,0,0,0
5564,Kanoni,0,0,0
5565,Kamwenge,0,0,0
5566,Kamuli,0,0,0
5567,Kampala Industrial and Business Park,0,0,0
5568,KIBP,0,0,0
5569,Namanve,0,0,0
5570,Kamonkoli,0,0,0
5571,Kamdini,0,0,0
5572,Kamdini Center,0,0,0
5573,"Kalungu, Yuganda",0,0,0
5574,Kalungu,0,0,0
5575,Kalule,0,0,0
5576,Kalongo,0,0,0
5577,Kalisizo,0,0,0
5578,Kaliro,0,0,0
5579,Ssabagabo,0,0,0
5580,Makindye-Ssabagabo,0,0,0
5581,Ssabagabo-Makingdye,0,0,0
5582,"Zombo, Yuganda",0,0,0
5583,Zombo,0,0,0
5584,Ziroobwe,0,0,0
5585,Wadelai,0,0,0
5586,Wakiso Town,0,0,0
5587,Wakiso,0,0,0
5588,Wakyaato,0,0,0
5589,Wakyato,0,0,0
5590,Wampeewo,0,0,0
5591,Wanseko,0,0,0
5592,Wobulenzi,0,0,0
5593,Yenga,0,0,0
5594,"Yenga, Yuganda",0,0,0
5595,Yumbe,0,0,0
5596,Tirinyi,0,0,0
5597,Tonya,0,0,0
5598,"Tonya, Yuganda",0,0,0
5599,Tororo,0,0,0
5600,"Villa Maria, Yuganda",0,0,0
5601,Vurra,0,0,0
5602,Sango Bay,0,0,0
5603,Ssemuto,0,0,0
5604,Semuto,0,0,0
5605,Sentema,0,0,0
5606,Suam,0,0,0
5607,"Suam, Yuganda",0,0,0
5608,"Suam, Kenya",0,0,0
5609,Sironko,0,0,0
5610,Serere,0,0,0
5611,Sanga,0,0,0
5612,Sanga Town,0,0,0
5613,Seeta,0,0,0
5614,Seta,0,0,0
5615,Sembabule,0,0,0
5616,Olujjuliro,0,0,0
5618,Bujuuko,0,0,0
5619,Buloba,0,0,0
5620,BULOBA,0,0,0
5621,Oyam,0,0,0
5622,"Oyam, Yuganda",0,0,0
5623,Rwimi,0,0,0
5624,Rwekunye,0,0,0
5625,Rushere,0,0,0
5626,Rukungiri,0,0,0
5627,Rubirizi,0,0,0
5628,Rubiriizi,0,0,0
5629,Rubindi,0,0,0
5630,Rakai,0,0,0
5631,Putti,0,0,0
5632,Patongo,0,0,0
5633,Paraa,0,0,0
5634,Pallisa,0,0,0
5635,Palabek Kal,0,0,0
5636,Pakwach,0,0,0
5637,Pakuba,0,0,0
5638,Paidha,0,0,0
5639,Afoji,0,0,0
5640,Atutur,0,0,0
5641,Alokolum,0,0,0
5642,Akright City,0,0,0
5643,Bobi,0,0,0
5644,"Bobi, Yuganda",0,0,0
5645,Bobi Wine,0,0,0
5646,Robert Ssentamu Kyagulanyi,0,0,0
5647,Bukuya,0,0,0
5648,Bukungu,0,0,0
5649,Bukeerere,0,0,0
5650,Bukerere,0,0,0
5651,Bulindo,0,0,0
5652,Kapchorwa,0,0,0
5653,Kapeeka,0,0,0
5654,Kapir Atiira,0,0,0
5655,Benin,0,0,0
5656,Botswana,0,0,0
5657,Burkina Faso,0,0,0
5658,Burundi,0,0,0
5659,Cameroon,0,0,0
5660,Cape Verde,0,0,0
5661,Central African Republic,0,0,0
5662,Chad,0,0,0
5663,Comoros,0,0,0
5664,Democratic Republic of Congo,0,0,0
5665,Republic of Congo,0,0,0
5666,Djibouti,0,0,0
5667,Misiri,0,0,0
5668,Equatorial Guinea,0,0,0
5669,Eritrea,0,0,0
5670,Ethiopia,0,0,0
5671,Gabon,0,0,0
5672,Gambia,0,0,0
5673,Guinea,0,0,0
5674,Guinea-Bissau,0,0,0
5675,Ivory Coast,0,0,0
5676,Lesotho,0,0,0
5677,Liberiya,0,0,0
5678,Libya,0,0,0
5679,Madagascar,0,0,0
5680,Mali,0,0,0
5681,Mauritania,0,0,0
5682,Mauritius,0,0,0
5683,Morocco,0,0,0
5684,Mozambique,0,0,0
5685,Namibia,0,0,0
5686,Niger,0,0,0
5687,Nigeria,0,0,0
5688,Rwanda,0,0,0
5689,São Tomé and Príncipe,0,0,0
5690,Senegal,0,0,0
5691,Seychelles,0,0,0
5692,Sierra Leone,0,0,0
5693,Somalia,0,0,0
5694,South Africa,0,0,0
5695,South Sudan,0,0,0
5696,Sudaani,0,0,0
5697,Eswatini,0,0,0
5698,Togo,0,0,0
5699,Tunisia,0,0,0
5700,Zambia,0,0,0
5701,Zimbabwe,0,0,0
5702,Sudan,0,0,0
5703,Chia,0,0,0
5704,Republic of the Congo,0,0,0
5705,Democratic Republic of the Congo,0,0,0
5706,Karenga,0,0,0
5707,Karuma,0,0,0
5708,Karuma Falls,0,0,0
5709,Kasangati,0,0,0
5710,Kasanje,0,0,0
5711,Kasawo,0,0,0
5712,Kasenyi,0,0,0
5713,Kasese,0,0,0
5714,Kassanda,0,0,0
5715,Katakwi,0,0,0
5716,Katalemwa,0,0,0
5717,Katuna,0,0,0
5718,Katunguru,0,0,0
5719,"Katunguru, Yuganda",0,0,0
5720,Kawanda,0,0,0
5721,Kayunga,0,0,0
5722,Kazo,0,0,0
5723,"Kazo, Yuganda",0,0,0
5724,Kilembe,0,0,0
5725,"Kilembe, Yuganda",0,0,0
5726,Kitamilo,0,0,0
5727,Kibaale,0,0,0
5728,Kibimba,0,0,0
5729,Kibingo,0,0,0
5730,"Kibingo, Yuganda",0,0,0
5731,"Kibingo, Kenya",0,0,0
5732,Kiboga,0,0,0
5733,Kibuku,0,0,0
5734,Kibulala,0,0,0
5735,"Kibulala, Hoima",0,0,0
5736,"Kibulala, Ssingo",0,0,0
5737,Kigulu,0,0,0
5738,"Kigulu, Kira",0,0,0
5739,"Kigulu, Wakiso",0,0,0
5740,"Kira, Yuganda",0,0,0
5741,Kira Town,0,0,0
5742,Kira,0,0,0
5743,Kitagata,0,0,0
5744,"Kitagata, Yuganda",0,0,0
5745,Kisubi,0,0,0
5746,Kisozi,0,0,0
5747,Kisoro,0,0,0
5748,Kisoga,0,0,0
5749,"Kisoga, Gomba",0,0,0
5750,"Kisoga, Mukono",0,0,0
5751,Kisiizi,0,0,0
5752,Kisizi,0,0,0
5753,Kiryandongo,0,0,0
5754,Kiruhura,0,0,0
5755,Kirinnya,0,0,0
5756,Kireka,0,0,0
5757,Kimwanyi,0,0,0
5758,Kimaka,0,0,0
5759,Kigumba,0,0,0
5760,Kihiihi,0,0,0
5761,Kihihi,0,0,0
5762,Kijura,0,0,0
5763,Kikagati,0,0,0
5764,Kikorongo,0,0,0
5765,Kikorongo Junctiom,0,0,0
5766,User:Doc James/Open Textbook of Medicine,2,0,13
5767,Category:User en-3,14,0,0
5770,Category:User de,14,0,0
5771,Category:User de-1,14,0,0
5772,Category:Disambig,14,0,0
5773,Wikipedia:Abateesiteesi/Apipo1907,4,4,0
5774,Wikipedya:Abateesiteesi/Apipo1907,0,0,0
5775,Template:U,10,0,0
5776,Category:Afirika,14,0,0
5777,Porto-Novo,0,0,2
5778,Liberia,0,0,0
5779,MANGADA,0,0,0
5780,OKUKUNGANYA AMAZZI G'ENKUBA,0,0,0
5781,User talk:Apipo1907,3,1,0
5782,User:G(x)-former,2,0,0
5783,User talk:G(x)-former,3,0,0
5784,User talk:Ercé,3,0,0
5785,User:Reder,2,0,0
5786,Kraków,0,3,3
5787,Category:USA,14,0,0
5788,Baltic Sea,0,2,1
5789,Black Sea,0,2,1
5790,Mediterranean Sea,0,2,1
5791,Category:Asia,14,0,0
5792,Category:Sea,14,0,0
5793,Estonia,0,1,1
5794,Category:Estonia,14,0,0
5796,MediaWiki:Deletereason-dropdown,8,0,0
5797,Sea of Azov,0,2,1
5798,Category:Nepal,14,0,0
5799,Łódź,0,3,3
5800,Trindade,0,1,3
5801,Belarus,0,3,1
5802,Category:Belarus,14,0,0
5805,Latvia,0,3,1
5807,North America,0,3,2
5808,Category:North America,14,0,0
5809,Category:Latvia,14,0,0
5810,Asia,0,4,1
5811,Category:Chile,14,0,0
5812,Category:South America,14,0,0
5813,South America,0,4,2
5814,Australia (ssemazinga),0,3,2
5815,Category:Australia,14,0,0
5816,Wikipedia:Stub,4,0,0
5817,User talk:169.244.25.226,3,0,0
5819,Australia (continent),0,0,0
5820,Florence Kasumba,0,0,1
5821,Gaetano Kagwa,0,0,0
5826,Emizannyo gy'Abaganda,0,0,0
5827,User:Kizito Ratasha,2,0,0
5828,User talk:Ssemmanda will,3,0,0
5829,User talk:ANAKYAGA,3,0,0
5830,User:Ssemmanda will,2,0,0
5831,Okucaafuwaza Amazzi,0,3,0
5832,User talk:Kizito Ratasha,3,0,0
5833,Ennima ey'obutonde,0,4,0
5834,"Makerere University, Uganda",0,1,0
5835,Ttiimu y’omupiira eya Kampala City Council Football Club,0,2,0
5836,Amaanyi,0,9,0
5837,User:Ssemakula simonz,2,0,0
5838,Category:Ekibalangulo,14,0,0
5840,Force,0,0,0
5841,Energy,0,0,0
5842,Mass,0,0,0
5843,Nabuzimbe,0,0,0
5844,Motion (physics),0,0,0
5845,Ebyobuziba,0,0,0
5846,Ebyobuzimbe,0,0,0
5847,Ekibalirizo,0,0,0
5848,Geometry,0,0,0
5851,Empalirizo,0,0,0
5852,Okuva (Motion),0,0,0
5853,Obuwangaaliro( Environment),0,0,0
5854,Ekiwangaaliro (Habitat),0,0,0
5855,Ekinonoozo (Engineering),0,0,0
5856,Omunonooza(engineer),0,0,0
5857,Ekitambuzo(Mechanics),0,0,0
5858,Ensengekera (System),0,0,0
5859,Ekigereeso (Theory),0,0,0
5860,Entunnunsi,0,0,0
5861,ETTAMIIRO,0,0,0
5862,ENNYANGUYIRIZI(MACHINE),0,0,0
5863,Omulengera (the Mind),0,0,0
5864,Essoma-(-logy)words,0,0,0
5865,Ebyamalimiro,0,0,0
5866,Essomabuzaale,0,0,0
5867,Essomabiramu,0,0,0
5869,Empalirizo(Force),0,0,0
5870,Okuva,0,0,0
5871,Ekibalangulo (Mathematics),0,0,0
5872,Ekizimba,0,0,0
5873,EKIDDUKANO,0,0,0
5874,OMUTIMA OKULEMERERWA,0,0,0
5875,Ebika bya namba,0,0,0
5876,Emisingi gya Namba,0,0,0
5877,Emigereko,0,0,0
5878,Okunambulula,0,0,0
5879,Nambuluzo,0,0,0
5880,Enkubise,0,0,0
5881,Ekitondeko,0,0,0
5882,Ennyingo,0,0,0
5883,Enkyusibwo,0,0,0
5884,Nakyenkanyampuyi ne Nakyekubira,0,0,0
5885,Musikisa/Okusikiza,0,0,0
5886,Okuwendowaza,0,0,0
5887,Okusonjola,0,0,0
5888,Ekikunizo,0,0,0
5889,Mpuyinnyingi,0,0,0
5890,Mpuyinnya,0,0,0
5891,Essomampuyisatu (Trigonometry),0,0,0
5892,Eppeto,0,0,0
5893,Eppetero,0,0,0
5894,Obuufu oba Obuyitiro,0,0,0
5895,Kalonda ne Kalondomusengeke,0,0,0
5896,Okukunuukiriza n'Okuzingako namba,0,0,0
5897,Emikwanaganyo n'Emikwataganyo,0,0,0
5898,Ekibazamukisa,0,0,0
5899,Ebisengeko,0,0,0
5900,Ekifunza,0,0,0
5901,Endwadde z'Ekikaba,0,0,0
5902,Omwenkanonkano,0,0,0
5903,Kandika,0,0,0
5904,Obulwadde bwa Hernia,0,0,0
5905,Amambulugga,0,0,0
5906,Okufuukuuka omubiri,0,0,0
5907,Okuyimbulukuka,0,0,0
5908,Okutya,0,0,0
5909,Ebigendererwa by’ensi eby’enkulakulana,0,0,0
5910,Kandida,0,0,0
5911,Enkulaakulana eyannamaddala,0,1,0
5912,Okutana,0,3,0
5913,Eddembe ly'okweyogerera,0,2,0
5914,Omusujja gw’omu byenda,0,4,0
5915,Ebiramu eby’enjawulo,0,3,0
5916,Okukendeeza ku katyabaga k’ebigwawo nnamuzisa,0,10,0
5917,Obunyukufu(Literacy),0,0,0
5925,SIKO SEERO,0,0,0
5926,Ebyobugagga ebyobutonde,0,0,0
5927,Ebika by’ettaka,0,3,0
5928,EBYOBUGAGGA BY'OMU TTAKA N'ENKULAAKULANA GYE BIREETA,0,2,0
5929,Engeri ebintu ebiramu gye byebeezaawo,0,3,0
5930,Amaanyi g’Enjuba,0,3,0
5931,OBUYONJO,0,6,0
5932,Obuwangwa,0,2,0
5933,Olujegere n’ekitimba ky’emmere,0,0,0
5934,Obulimi obuyimirizikawo,0,0,0
5935,Omupango(Strategy),0,0,0
5937,Bwenyibungi=Feesinnyingi(Polyhedron),0,0,0
5939,Omubalanguzi(mathematician),0,0,0
5940,Okubalangula(to calculate),0,0,0
5941,Namunigina (units),0,0,0
5942,Empimo oba Empima(Dimensions),0,0,0
5943,Ebinnyonnyozo by'essomampimo (Geometrical properties),0,0,0
5944,Ensibuko y'Ebikula(the origin of species),0,0,0
5945,Ekyelongooserezo ky'Ebiramu(the evolution of life),0,0,0
5947,Obuziizi(Nucleus),0,0,0
5948,Obutoffaali(Particles),0,0,0
5950,Enzimbulukusa(Microscope),0,0,0
5951,Ennengeza(Telescope),0,0,0
5953,Emisinde n'Engenda(Seed and Velocity),0,0,0
5954,Okutebenta n'okutolontoka(acceleration and Momentum),0,0,0
5955,Okufumuuka n'Okutondowala (Evaporation and condensation),0,0,0
5956,Oluganda Olubalanguzi(Mathematical Luganda),0,0,0
5957,EKYOKI (LASER),0,0,0
5958,EKYOKIRA (LASER),0,0,0
5959,EKIKENGO(RADAR),0,0,0
5960,Embu z'Ensolo(Categories of animals),0,0,0
5961,Oluyengo(Radiation),0,0,0
5962,Olubumbulukuko(Radioactivity),0,0,0
5963,Kalonda w'Obutonde(Natural phenomena),0,0,0
5964,Obuzimbe bw'Ensi(the structure of the earth),0,0,0
5965,Semayanja ne Waluyanja(Oceons and Seas),0,0,0
5966,Ebipimo ebyeyunira amakkati(Measures of centeral tendency),0,0,0
5967,Kibalirampuyibbiri(Integers),0,0,0
5968,Okwetta,0,0,0
5969,Enziku,0,0,0
5971,Ebitontome bya Charles Muwanga ebya Sayansi,0,0,0
5972,Amasoboza mu Mubiri (Energy in the body),0,0,0
5973,Obwenkanyi mu mbeerabantu,0,0,0
5974,Ebyenfuna ebitoonoona butonde bwansi,0,0,0
5975,Okukola ebintu ebipya okuva mu birala,0,0,0
5976,Olukusense,0,0,0
5977,Amateeka agafuga Empandiika y'Oluganda,0,1,0
5978,Ebikolwa,0,1,0
5979,Okuggyamu olubuto,0,0,0
5980,Embu z'Ebigambo,0,1,0
5981,Okuwangaala mu Luganda,0,1,0
5982,Walifu y'Oluganda,0,1,0
5983,Enzijanjaba y'Olukusense,0,1,0
5984,Ekikuubagano(Fiction),0,0,0
5985,Ekikuubagano(Friction),0,0,0
5987,Ekitambuzo n'Okuva(Mechanics and Motion),0,0,0
5988,Nabuzimbe(Matter),0,0,0
5989,Obuzimbe bw'Akaziba (the structure of the atom),0,0,0
5990,Akaziba ka ayidologyeni (hydrogen atom),0,0,0
5997,User:ANAKYAGA,2,0,0
6001,Ensenke,0,0,0
6002,Eddagala erigema endwadde ya kkolera,0,0,0
6003,Obulwadde bw'Ennyingo (Arthritis),0,0,0
6004,Okulya ekisusse,0,3,0
6005,Obulwadde bw'Entunnunsi,0,1,0
6006,Obulwadde bw'Okwebaka,0,1,0
6007,Eddagala erigema Amambulugga,0,2,0
6008,Ekitooke,0,5,0
6009,EkkyO (IQ),0,0,0
6010,Enkalala z'emiramwa gy'Ekibalangulo,0,0,0
6011,Enkyusabuziba(chemicals or chemical susbstances),0,0,0
6012,Ebbombo nga Eddagala,0,3,0
6013,Obuziba(atoms),0,0,0
6014,Ekisannyalazo(Charge),0,0,0
6015,Okwekwasawaza (bonding),0,0,0
6016,Obusannyalazo(Electrons),0,0,0
6017,Obukontanyo(Protons),0,0,0
6018,Nampawengwa(neutron),0,0,0
6019,Molekyo,0,0,0
6020,Endagakintu eyamatenkane(Isotope),0,0,0
6021,Vatomu(ion),0,0,0
6022,Ekiyayaano (valency),0,0,0
6023,Ebipooli eby'enkyusabuziba (Chemical compounds),0,0,0
6024,Omusujja gw'Enkaka,0,0,0
6025,Endwadde y'okusiiyibwa amaaso,0,0,0
6026,Ekirwadde kya Cholera,0,4,0
6027,Omusujja gwa Typhoid,0,3,0
6028,Ekizibu ky'Okwerabira,0,4,0
6029,Kaboni (Carbon),0,0,0
6030,Ennetoloola ya Kaboni (the Carbon Cycle),0,0,0
6031,Nampewo (the atmosphere),0,0,0
6032,Ensengekera ya kitegabbugumu(The greenhouse system),0,0,0
6033,Olubuguumiriro lw'Enkulungo y'Ensi,0,0,0
6034,Ggaasi ezitega ebbugumu (Greenhouse gases),0,0,0
6035,Ekiyumba ekigerere(the Greenhouse),0,0,0
6037,Obuwangaaliro obw'Obutonde(the natural environment),0,0,0
6038,Namunigina z'entababutonde(Ecological units),0,0,0
6039,Entababutonde,0,0,0
6040,Ensengekera z'entababutonde(Ecological systems),0,0,0
6041,Entababiramu (Biomes),0,0,0
6042,Ebiwangaaliro (Habitats),0,0,0
6043,Entababimira (vegetation),0,0,0
6044,Obusangiro bw'ebiramu mu Nampewo(Biosphere),0,0,0
6045,Omuteeko/Entuumo y'ebiramu(Biomass),0,0,0
6046,Obunnyowavu (Salinity),0,0,0
6047,Entababimera(Biomes),0,0,0
6048,Lwaki Tukuuma Obuwangaaliro bwaffe(Why we should Protetct our Emvironment),0,0,0
6049,Obulamu obw'Enjawulo (Biodiversity),0,0,0
6050,Tekinologiya w'Abaganda Abedda(Technology used by the ancient Baganda),0,0,0
6051,Ekitondekamaanyi (Engine),0,0,0
6052,Ensengekera z'Omubiri (Body Systems),0,0,0
6060,Entabaganya (Society),0,0,0
6062,Empalirizo z'Entondeka y'Ebikole(The Forces of Production),0,0,0
6064,Obutaffaali bw'Omubiri (Body cells),0,0,0
6065,Ekikula(species),0,0,0
6066,Ensengekera z'entabaganyi(Social systems),0,0,0
6067,Sebuzimbe (the Superstructure),0,0,0
6068,Omusingi gw'Ebyenfuna(The Economic Base),0,0,0
6069,Ebyobufuna bya Buganda eyedda(the Political economy of precolonial Uganda),0,0,0
6070,Endagamuwendo (digits),0,0,0
6071,Zeero (Ziro),0,0,0
6072,Namba za Kibazo(cardinal numbers),0,0,0
6073,Namba ez'endagakifo,0,0,0
6074,Namba eya Ndagalinnya(nominal number),0,0,0
6075,Namba enzijuvu ne Kibalirampuyibbiri(Whole numbers and integers),0,0,0
6076,Namba ez'Obutonde(natural numbers),0,0,0
6077,Namba za Kyegabanya(Even numbers),0,0,0
6078,Namba eza Kigaanira(Odd numbers),0,0,0
6079,Emikutule (Fractions),0,0,0
6080,Namba ez'Omugerageranyo(Rational NUmbers),0,0,0
6081,Namba ezitali za mugerageranyo(Irrational numbers),0,0,0
6082,User:Mugunga john,2,0,0
6083,Namba zennyini (Real numbers),0,0,0
6084,Namba ez'omuteeberezo(imaginery numbers),0,0,0
6085,Namba enzibuwavu(Complex numbers),0,0,0
6086,Okusengeka namba (Ordering numbers),0,0,0
6087,Omuwendo gw'ekifo(Place Value),0,0,0
6088,St. Anthonys Secondary School Kayunga,0,0,0
6090,Obuwakatirwa,0,2,0
6091,Nakongezakikolwa,0,4,0
6092,User:Sharon Jolly,2,0,0
6093,Ekigerageranyo (Rate),0,0,0
6094,Kyanamukaaka,0,5,0
6095,Omugerageranyo(Ratio),0,0,0
6096,Emigendanyo(Proportions),0,0,0
6097,Nakasigirwa,0,10,0
6098,LWENGO ETTENDEKERO LYEBYEMIKONO,0,0,0
6099,"Bawala ba Maria, Bannabikira bwanda",0,6,0
6100,Nakongezalinnya,0,10,0
6101,Akatale ke Rugombe,0,0,0
6102,Lwengo District,0,1,0
6103,User:Kiiza olive,2,0,0
6104,User:Kabareebe Julius,2,1,0
6107,Ensonga z'Entondeka y'Ebikole (Factors of Production),0,0,0
6116,Okubala,0,0,0
6117,Ensengeka edda waggulu,0,0,0
6118,Ensengeka ekka wansi,0,0,0
6119,Emisimba,0,0,0
6120,Ensekkati,0,0,0
6121,Ensinga,0,0,0
6122,Enjawuzo,0,0,0
6123,Omugeranyo=Ekigero,0,0,0
6124,Nnamusuna,0,3,0
6125,Okubuzibwabuzibwa mu langi,0,0,0
6126,Okubeera olubuto,0,4,0
6127,Okugenda mu nsonga,0,1,0
6128,Okukoma okuzaala,0,0,0
6129,Omusujja gw'ensiri,0,0,0
6130,Kokeyini,0,0,0
6131,Eddagala erigema omusujja gw’Omu byenda,0,1,0
6132,Endwadde ya scurvy,0,1,0
6133,Enkola ez'ekizaalaggumba,0,1,0
6134,Kookolo w'amawuggwe,0,0,0
6135,Kookolo w'Ekibumba,0,2,0
6136,Obulwadde bw'Akafuba,0,0,0
6137,Mukenenya,0,0,0
6138,Eddagala ly'Okulumwa Omutwe,0,4,0
6140,User:COWO Kasswa Zinda ESD Village,2,0,0
6141,User talk:COWO Kasswa Zinda ESD Village,3,0,0
6142,Ebiseera,0,7,0
6143,EMPEEKERA NNAKONGEZAKIKOLWA,0,5,0
6144,Ensaalu,0,2,1
6145,Okukola ebyoto,0,4,0
6146,Okwefumiitiriza(Critical thinking),0,0,0
6147,Empisa ez'Obuntu(Morals),0,0,0
6148,Okutendeka Obukulembeze mu Baana baffe (Inculcating Leareship in Children),0,0,0
6149,Okwekuuma,0,0,0
6150,OKUBULWA OTULO,0,0,0
6151,OKUYONSA,0,0,0
6152,SIKAAVE,0,0,0
6153,EBISOKO,0,0,0
6154,ENGERO ZA BUGANDA,0,0,0
6155,"Emmanuel College Kazo, Kampala",0,0,0
6156,Ekika ky'Empeewo,0,0,0
6157,EMPUMUMPU,0,0,0
6158,Omuntu kalimagezi(Intelligent man),0,0,0
6159,Obwakalimagezi,0,0,0
6160,Engerekera,0,0,0
6161,Muntunsolo ya byanfuna(homo economicus),0,0,0
6162,Muntunsolo entabaganyi(homo sociologicus),0,0,0
6163,Muntunsolo ey'ebyobufuzi(Homo politicus),0,0,0
6164,Embeera z'Obuntu(Human emotions),0,0,0
6165,Okwagala(Love),0,0,0
6166,Obunakuwavu(Sadness),0,0,0
6167,Okutya (fear),0,0,0
6168,Okubugaana okunyumirwa(Pleasure),0,0,0
6169,Okwewuunya(Wonder),0,0,0
6170,Okunyiiga(anger),0,0,0
6171,Okokwekubira(Prejudice),0,0,0
6172,Okwekubira(Prejudice),0,0,0
6173,Okwekubagiza(Self pity),0,0,0
6174,Okwennyika (Depression),0,0,0
6175,Okwegulumiza(Pride),0,0,0
6176,Obujja (Jealousy),0,0,0
6177,Ensaalwa(Envy),0,0,0
6178,Okuggwamu amaanyi(Discouragement),0,0,0
6179,Obuswavu(Shame),0,0,0
6180,Obubuguumirivu(enthusiasm),0,0,0
6181,Ennyiike (too much sadness),0,0,0
6182,Obunakuwavu(sadness),0,0,0
6183,Okunyumirwa nga abalala bali mu bulumi oba mu bunakuwavu(Sadism),0,0,0
6184,Embeera y'okwolekera akatyabaga(Vulnarability),0,0,0
6185,Embeera ey'ebirowoozo,0,0,0
6186,Embeera z'obuntu embi(Bad emotions),0,0,0
6187,Omuzira ow'entiisa (Tragic Hero),0,0,0
6188,Okufuga embeera z'Obuntu(Controling human emotions),0,0,0
6189,Amasomo ga sayansi(Scientific fields of study),0,0,0
6190,Essikirizo (Gravity),0,0,0
6191,Empalirizo z'Obuziba(Atomic forces),0,0,0
6192,Empalirizo z'Obuziizi(Nuclear forces),0,0,0
6193,Ennyanguyirizi ezisookerwako(Basic Machines),0,0,0
6194,Ekitendero ekyewunzifu(Inclined Plane),0,0,0
6195,Enjuziso (Wedge),0,0,0
6196,Ensuubo(levers),0,0,0
6197,Namuziga n'Ekikono(Wheel and Axle),0,0,0
6198,Ebiwangagano(Gears),0,0,0
6199,Engozo n'Engolo(Cams and Cranks),0,0,0
6200,Ensikiso (Pulleys),0,0,0
6201,Kalinjola (Screw),0,0,0
6202,Ekigaaniro (Inertia),0,0,0
6203,Seppulingi (Spring),0,0,0
6204,Labbabbandi(Rubberband),0,0,0
6205,Nayitogyeni(Nitrogen),0,0,0
6206,Okisigyeni(Oxygen),0,0,0
6207,Sodiyamu(Sodium),0,0,0
6208,Aluminiyamu,0,0,0
6209,Sirikooni(Siricon),0,0,0
6210,Salufa (Sulphur),0,0,0
6211,Kololiini,0,0,0
6212,Kalusiyaamu (Calcium),0,0,0
6213,Kkalwe (Iron),0,0,0
6214,Kkopa (Copper),0,0,0
6215,Ttino (Tin),0,0,0
6216,Zzaabu,0,0,0
6217,Makyule (Mercury),0,0,0
6218,Ekikulembero (Lead),0,0,0
6219,Yulaniyaamu (Uranium),0,0,0
6220,Matiiriyo (material),0,0,0
6221,Emigattiko( Mixtures),0,0,0
6222,"Enkyusabuzuba (Chemicals, Pure susbstances)",0,0,0
6223,Ekikyusabuziba (Chemical reaction),0,0,0
6224,Enkwaso (Chemical bond),0,0,0
6225,Enkyukakyuka ez'Obuziba(Chemical change),0,0,0
6226,Empakiso (Sperm),0,0,0
6227,Obuwakiso (Pollen),0,0,0
6228,Empugiso (Semen),0,0,0
6229,Nakimuli (Female part of a flower),0,0,0
6230,Sekimuli (male parts of a fllower),0,0,0
6231,Mulowooza(Cerebrum ),0,0,0
6232,Mukwanaganya(Cerebellum),0,0,0
6233,Ebitontome bya Charles Muwanga Ebya Sayansi(Charles Muwanga's Poems of Science),0,0,0
6235,Omugobansonga (Dialectician),0,0,0
6236,Emigendano egya Kifuulannenge(Inverse proprotions),0,0,0
6237,Ekibalirizo (Arithmetic),0,0,0
6238,Nambiso ne Namba (Numerals and numbers),0,0,0
6239,Namba (Numbers),0,0,0
6240,Ekikyusatomu (atomic reaction),0,0,0
6241,Entikko ey'Okumerenguka (Melting Point),0,0,0
6242,Tempulikya ey'ekitondowalo(Condensation Temperature),0,0,0
6244,Sempeke (Crystals),0,0,0
6245,Ebikulukusi (Liquids),0,0,0
6246,Mpekemu (Monocotyledon),0,0,0
6247,Mpekebbiri (Dicotyledon),0,0,0
6248,Mukuumansigo (Ovary),0,0,0
6249,Mufuukansigo (Ovules),0,0,0
6250,Omukka (Ggaasi),0,0,0
6251,Ejjengerero (Plasma),0,0,0
6252,Oluzira (Bose Einstein),0,0,0
6253,Ekitondowalo = Okutondowala (Condensation),0,0,0
6254,Seng'endo (Heavenly Bodies),0,0,0
6255,Empalirizo esikira mu makkati(Centripetal force),0,0,0
6256,Empalirizo eviira amakkati(Centrifugal force),0,0,0
6258,Enkulungo y'Ensi (The Planet Earth),0,0,0
6259,Ekibulungulo,0,0,0
6260,Ebyuma (Metals),0,0,0
6261,Dimiti Mandeevu,0,0,0
6262,Endagakintu ez'enkyusabuziba(Chemical elements),0,0,0
6264,Antimoni (Antimony),0,0,0
6265,Agoni (Argon),0,0,0
6266,Aseniki (Arsenic),0,0,0
6267,Asitatayini,0,0,0
6268,Bariyaamu(Barium),0,0,0
6269,Bbolomayini (Bromine),0,0,0
6270,Kadimiyaamu(Cadmium),0,0,0
6271,Seriyaamu (Cerium),0,0,0
6272,Seziyaamu (Cesium),0,0,0
6273,Kolomiyaamu(Chromium),0,0,0
6274,Desipolosiyaamu(Dysprosium),0,0,0
6275,Fololiini,0,0,0
6276,Keriyaamu (Herium),0,0,0
6277,Kitondekamazzi,0,0,0
6278,Ayodiini (Iodine),0,0,0
6279,Yirediyaamu (Irdium),0,0,0
6280,Keriputooni (Crypton),0,0,0
6281,Lantanaamu(Lanthanum),0,0,0
6283,Kalooli Ddawano (Charles Darwin ),0,0,0
6284,Payisoggolaasi,0,0,0
6285,Yisaaka Netoni,0,0,0
6286,Alubbaati Ansitayini,0,0,0
6288,Emiramwa egisookerwako mu Luganda Olwa Sayansi,0,0,0
6290,Emirandira gy'enamba,0,0,0
6291,Okwebiriga n'Okwesatuza namba,0,0,0
6292,Olukoloboze lw'ennamba,0,0,0
6293,Kyesatuza,0,0,0
6294,Kyebiriga (square),0,0,0
6296,Ensoggo,0,0,0
6297,Ekigulumiro,0,0,0
6298,Ekitendero,0,0,0
6299,Entoloovu = Enkula ennetoloovu,0,0,0
6300,Ettoloovu =Ekkubo eryetoloovu,0,0,0
6301,"Enkulungo=Enkula ennekulungirivu(Sphere, Planet)",0,0,0
6302,Kyesimba (Rectangle),0,0,0
6303,Enkoloboze ezigendagana(parallel lines),0,0,0
6304,Enkoloboze eza kapendikyula(Perpendikyula lines),0,0,0
6305,Akatonnyeze (Point),0,0,0
6306,Mpuyittaano(Pentagon),0,0,0
6307,Mpuyimukaaga(Hexagon),0,0,0
6308,Mpuyimusanvu (heptagon),0,0,0
6309,Mpuyimunaana(Octagon),0,0,0
6310,Mpuyimwenda(Nenagon),0,0,0
6311,Mpuyikkumi (Decagon),0,0,0
6312,Obubangirivu (Volume),0,0,0
6313,Obwagaagavu (Area),0,0,0
6323,Obukwafu n'Obukwafuwavu,0,0,0
6324,Empalirizo esukuma ekitengejjeso waggulu,0,0,0
6325,Ekitengejjo,0,0,0
6326,Okufuma n'Okutalagga,0,0,0
6327,Ekigugubiro,0,0,0
6328,Ebigugubizi,0,0,0
6329,Amasannyalaze ag'entagenda,0,0,0
6330,Ekisannyalazo,0,0,0
6331,Nansannyalaze,0,0,0
6332,User talk:197.157.0.23,3,0,0
6333,Luyiika,0,0,0
6334,Nanzitoya (Kiroggulaamu),0,0,0
6335,Senzito,0,0,0
6336,Enzito,0,0,0
6337,Ttani =Senzito (Metric Ton),0,0,0
6338,Nang'endo,0,0,0
6339,Nabwoki (Keruvin),0,0,0
6340,Nabudde,0,0,0
6341,Ekirandizo,0,0,0
6342,Ekibulukusi,0,0,0
6343,OLubugumu = Oluyengo,0,0,0
6344,Amasoboza ag'amasannyalaze,0,0,0
6345,Nabbirye w'Ekitangaala,0,0,0
6346,Amayengo g'Omugendo gw'amasannyalaze n'Ebyebulungulo bya magineeti,0,0,0
6347,Kkala z'Ekitangaala,0,0,0
6348,Ekitangaala ekirabika,0,0,0
6349,Amayengo,0,0,0
6350,Kawereege,0,0,0
6351,Ekinyigirizo,0,0,0
6352,Ekikkatiro,0,0,0
6353,Ebinanuuko,0,0,0
6354,Olunanuuko(Lastic),0,0,0
6355,Emiramwa egyekuusiza ku kuva kw'ebintu,0,0,0
6357,Bassekalowooleza ne Bannakalowooleza ba Buganda abedda,0,0,0
6358,Sayansi w'Ebyamalimiro,0,0,0
6359,Ebitangattiso,0,0,0
6360,Ensengekera z'Ebitangattiso,0,0,0
6361,Ebyetaagisa okukuza ebirime,0,0,0
6362,Ebitundu by'Ekimera,0,0,0
6363,Ekimuli,0,0,0
6364,Ekikoola,0,0,0
6365,Emirandira gy'ebimera,0,0,0
6366,Enduli oba enkolo,0,0,0
6367,Obulamu obusirikitu,0,0,0
6368,Obulamu Obusirikitu obw'omugaso,0,0,0
6369,Obulamu Obusirikitu obw'obulabe,0,0,0
6370,Bakitiiriya,0,0,0
6371,Polotozoowa,0,0,0
6372,Olufungi,0,0,0
6373,Olutiko,0,0,0
6374,Obwoyooya,0,0,0
6375,Vayiraasi (Virus)),0,0,0
6376,Ebyobugagga obw'ensibo,0,0,0
6377,Ensngekera y'Ekitegabbugumu (the Greenhouse system),0,0,0
6378,Ensengekera y'Ekitegabbugumu,0,0,0
6379,Ekiteggabbugumu ekisukkulumu,0,0,0
6380,Ekitegabbugumu ekisukkulumu(the Greenhouse effect),0,0,0
6381,Okugatta mu bugalamivu(adding holizontally),0,0,0
6382,Okugatta mu busimba (Vertical addition),0,0,0
6383,Emisengeko n'Enziring'anya ya namba (Patterns and sequencing of numbers),0,0,0
6384,Essomampimo (Geometry),0,0,0
6385,Eggereeso lya Payisoggolaasi (the Pythogorean Theorem),0,0,0
6386,Essomankula ennetoloovu,0,0,0
6387,Enkola z'Omulengera (the Mental processes),0,0,0
6389,Finola Hughes,0,0,0
6390,Senkuluze (Encyclopeadia),0,0,0
6391,Entabaganya y'abayivu(Academia),0,0,0
6392,Akataffaali,0,0,0
6393,Atomu = Akaziba (atom),0,0,0
6394,Obuzimbe bwa atomu (the atomic structure),0,0,0
6395,Atomu enzigumivu n'ezitali nzigumivu(Stable and unstable atoms),0,0,0
6397,Omuntu,0,0,0
6398,Omuyivu oba Omuyivuwavu(Learned person or Intellectual?),0,0,0
6399,Ebikolwa ebigerekere(Instinctive acts),0,0,0
6400,Bakakensa ba Buganda abedda (the Scientists and Philosophers of ancient Buganda,0,0,0
6401,Essomabutaffaali(Cell Biology),0,0,0
6402,Obukwafuwavu(Density),0,0,0
6403,Ebirwaza(Diseases),0,0,0
6404,Ebyobuwangwa (Culture),0,0,0
6405,Obwongo (the Brain),0,0,0
6406,Empewo (Air),0,0,0
6407,Kkala za Musoke (Rainbow Colours),0,0,0
6408,Embuyaga (Wind),0,0,0
6409,Ebinnyonnyozo by'Enkula ez'ekibalo(Properties of Mathematical shapes),0,0,0
6410,Ekipimampeto(Protractor),0,0,0
6411,Eppeto eryesimbu(Right angle),0,0,0
6412,Eppeto essongovu (Acute angle),0,0,0
6413,Eppeto erya Mwamyakooye(Obtuse angle),0,0,0
6414,Eppeto eggolokofu =Eppeto ezzingulukufu (Straight angle),0,0,0
6415,Empeto ezekyendeza (Complimentary angles),0,0,0
6416,Empeto enzingulukufu(Supplementary angles),0,0,0
6417,Omugendo (Ray),0,0,0
6418,Ebinnyonnyozo bya Kyebiriga (the properties of Sqaures),0,0,0
6423,Omulowooza (Cerebrum),0,0,0
6424,Omutunsi gw'Obwongo (the brain stem),0,0,0
6425,Olukusiko olwo mu Nkizi (Spinal code),0,0,0
6428,Embeera ezifuga obwakalimagezi (the conditions that govern intelligence),0,0,0
6429,Ebyetaago by'Obulamu eby'Omulengera (the Mental needs of Life),0,0,0
6430,Ebyetaago by'Obulamu eby'Omubiri(the Physical needs of Life),0,0,0
6431,Enketteso z'Omubiri (the Body senses),0,0,0
6432,Ebyetaago by'Obulamu eby'Omwoyo (the Spritual needs of Life),0,0,0
6433,Emitendera gy'enkula n'enkulaakulana y'omwana(the stages of child growth and development),0,0,0
6434,Okulowooza(thinking),0,0,0
6435,Okulambika ensonga(inductive reasoning),0,0,0
6436,Okulambulula ensonga (Deductive reasoning),0,0,0
6437,Okutesegeera n'Okutegeera (Sense perception and understanding),0,0,0
6438,Okulowooza okusegeevu n'Okulowooza okugereefu(Concrete and abstract thinking),0,0,0
6440,Okwetegeera (Selfconsciousness ),0,0,0
6441,Okumanya okw'embagirawo(Intuition),0,0,0
6442,Okusegeera n'Okutegeera (Sense perception and understanding),0,0,0
6443,Okwebuuza (Questions on natural phenomena),0,0,0
6444,Ebibuuzo ku bulungi (Questions on beauty ),0,0,0
6445,Ebibuuzo ku kumanya (Questions on knowledge),0,0,0
6446,Ebibuuzo ku Butonde (Questions on nature),0,0,0
6447,Concepts necessary for Luganda Physics discourse on the Duality of nature,0,0,0
6449,Concepts necessary for Luganda discourse on the Universe,0,0,0
6450,More concepts necessary for Luganda discourse on the Cosmic arrangement,0,0,0
6451,Concepts necessary for Luganda discourse on the Laws that govern the Universe,0,0,0
6452,Concepts necessary for Luganda discourse on the opposing forces that keep our solar system together,0,0,0
6453,Concept necessary for Luganda discourse on the Laws that govern Planet Earth,0,0,0
6454,The Concepts necessary for the discourse on nuclear science in Luganda,0,0,0
6455,The Concepts necessary for Luganda discourse on the Forces of nature,0,0,0
6456,The concepts necessary for Luganda discourse on the science of electricity,0,0,0
6457,The concepts necessary for Luganda discourse on the Green gas effect,0,0,0
6459,The concepts necessary for Luganda scientific discourse on motion,0,0,0
6460,The concepts necessary for Luganda discourse on Newton's Laws of Motion,0,0,0
6464,The concepts necessary for Luganda discourse on Energy,0,0,0
6465,More concepts necessary for Luganda discourse on the forces of Nature,0,0,0
6466,The concepts necessary for Luganda discourse on instincts(Engerekera),0,0,0
6467,The concepts necessary for Luganda discourse on the body senses(enketteso z'omubiri),0,0,0
6468,The concepts necessary for the discourse on microbiology in Luganda,0,0,0
6469,User talk:Erinamukuta,3,1,0
6470,User talk:Failstate14,3,1,0
6471,User talk:Mugunga john,3,1,0
6472,User talk:Ssentanda,3,1,0
6473,Okuva ku Mwenge,0,0,0
6474,Kookolo w’Emimiro,0,0,0
6477,Okukomola Abakyala,0,2,0
6478,Omutima,0,0,0
6479,Ebinnyonnyozo by'Entoloovu(the properties of a Circle),0,0,0
6480,Obulwadde bw'Obutalaba biri wala,0,0,0
6481,Olunekkati (radius),0,0,0
6482,Olusekkati (Diameter),0,0,0
6483,Okuvaamu olubito,0,0,0
6484,Obwetoloovu (Circumference),0,0,0
6485,Obwebulungirivu (Perimeter),0,0,0
6486,Entakyuka eya Paayi (the Pi constant),0,0,0
6487,Okukomola Abasajja,0,2,0
6488,Okumaanyuuka enviiri,0,2,0
6489,Endwadde y’Obulangula,0,0,0
6490,Okuggya,0,2,0
6491,Obulwadde bw’Embwa obuluma abantu,0,2,0
6492,Embu z'Amannya,0,2,0
6508,Enziring'ana y'Obubalanguzo (the Order of Operations),0,0,0
6509,Amatabi g'enambuluzo (Factor Trees),0,0,0
6510,"Omugerageranyo gw'ekikumi (Ratio of 100, Percentage , % )",0,0,0
6511,Chemistry,0,0,0
6512,Category:Ebyobuziba,14,0,0
6513,Category:Essomabiramu,14,0,0
6514,User:Katxis,2,0,0
6515,Essomabiramu(Biology),0,0,0
6516,Template:Sayansi,10,0,0
6520,Essomampuyisatu(Trigonometry),0,0,0
6521,Trigonometry,0,0,0
6522,Alubbaati Ansitayini(Albert Ainstein),0,0,0
6523,Template:Ekibalangulo,10,0,1
6524,Physics,0,0,0
6525,Category:Ebyobuzimbe,14,0,0
6526,Essomabuzimbe,0,0,0
6527,Ebinnyonnyozo by'essomampimo(Geometrical properties),0,0,0
6528,Obutaffaali bw'Omubiri(Body cells),0,0,0
6529,Okusengeka namba(Ordering numbers),0,0,0
6530,Namba zennyini(Real numbers),0,0,0
6531,Namba zennyini,0,0,0
6532,Real numbers,0,0,0
6533,Namba eza kigaaniremu,0,0,0
6534,Ebika bya namba(Types of numbers),0,0,0
6535,Okuzaala omwana omufu,0,3,0
6536,Kookolo w’omu lubuto,0,3,0
6537,Ebbango,0,6,0
6538,Kookolo,0,5,0
6539,Obulemu ku bwongo,0,3,0
6540,Nnakimu w’omumwa n’ekibuno,0,3,0
6541,Endwadde y’omutima,0,3,0
6542,Okuziŋŋama obwongo,0,1,0
6543,Ebizibu ebiva ku mwenge ebituuka ku mwana atannazaalibwa,0,3,0
6544,Kookolo w’obusajja,0,3,0
6545,Embeera ezibaawo ng’omukazi anaatera okugenda mu nsonga,0,2,0
6546,Obulungi bw'Okuyiga sayansi n'ekibalangulo mu Luganda n'Olungereza mu essomeso lye limu,0,0,0
6547,DEED,0,0,0
6548,Ettalo,0,0,0
6550,Ebika by'entababuvobwawamu (Types of Communities),0,0,0
6551,Entababaganya n'Entababuvobwawamu(Society and Community),0,0,0
6552,Okusoosowaza ebyenfuna (materialism),0,0,0
6553,Omusoosowazabyanfuna(Materialist),0,0,0
6554,Omugereesi (Idealist),0,0,0
6555,Ebyenfuna ng'ekintu eky'ebyafaayo(Historical materialism),0,0,0
6557,Ebyenfuna ng'ekivugo ky'ebyafaayo(The materialist conception of history),0,0,0
6558,Enkola z'Obukulembeze ennungi(Pro-people methods of work),0,0,0
6559,Ebyenjigiriza mu Buganda ng'abafuzi b'amatwale tebannajja(the education system in Precolonial Buganda),0,0,0
6560,Ebyobufuna bya Buganda Eyedda (the Political economy of precolonial Buganda),0,0,0
6561,Okudibaga okwakolebwa abafuzi b'amatwale(the distortions of colonialism),0,0,0
6562,Okusegeera (sense Perception),0,0,0
6563,Ensenserwo (Sensation),0,0,0
6564,Okusitimula (to stimulate),0,0,0
6565,Omugendo gw'amasoboza(Energy Flow),0,0,0
6566,Semateeka (Constitution),0,0,0
6567,Sikimanyinkitye(Superstitution),0,0,0
6568,Ebiriisa ebyetaagisa mu Mubiri(Body Nutrients),0,0,0
6569,Ettalo(Septic arthritis),0,0,0
6570,Voronezh,0,0,1
6571,Astrakhan,0,0,1
6572,Novosibirsk,0,0,1
6573,Novorossiysk,0,0,1
6574,Krasnoyarsk,0,0,1
6575,Omsk,0,0,1
6576,Yaroslavl,0,0,1
6577,Ufa,0,0,1
6578,Yokohama,0,0,1
6579,Tokyo,0,0,1
6580,Nagoya,0,0,1
6581,Kyoto,0,0,1
6582,Osaka,0,0,1
6583,Sapporo,0,0,1
6584,Engeri ez'enjawulo ez'okuzimbamu emiramwa gy'ekibalangulo mu Luganda(the different techniques of forming mathwords in Luganda Language),0,0,0
6585,Emiramwa omusomesa gye yetaaga okuwa ebiragiro eby'ekibalangulo mu Luganda(the basic concepts a teacher needs to give mathematical instructions in Luganda),0,0,0
6586,Amasomo agali wansi wa Sessomo ly'Ekibalangulo(the Topics or Sub-fields of study under the discipline of Mathematics in Luganda Language),0,0,0
6587,Ebikyusaganyo (Transformations),0,0,0
6588,Omuganyulwo/Omuganyulo(Interest),0,0,0
6589,Enzirukanya y'ekitongole ey'Omupango(Startegic Managenenr),0,0,0
6590,Enzirukanya y'ekitongole ey'Omupango (Strategic Management),0,0,0
6591,"Ebigendererwa, Ebiruubirirwa, n'Ebiruubiriro(Goals, Aims, and Objectives)",0,0,0
6592,Ebisonjozo by'Ebiruubirirwa n'ebiruubiriro(Characteristics of aims and objectives),0,0,0
6593,Ebiruubiriro (Objectives),0,0,0
6595,Ebiruubirirwa (Aims),0,0,0
6596,Ebigendererwa (Goals),0,0,0
6597,Emiramwa egyetaagisa mu Aligebbula(Concepts required for algebra in Luganda),0,0,0
6598,Entakyuka (Constant),0,0,0
6599,Omusimba ogw'Ekkumi (Base Ten),0,0,0
6600,Omugereeso(Mathematical theory),0,0,0
6601,Ekigereeso (Scientific theory),0,0,0
6602,Okukunuunukiriza n'Okuzingako(Approximation and Rounding numbers),0,0,0
6603,Nambuluzo za Namba(Factors of Numbers),0,0,0
6604,Okulambulula namba,0,0,0
6605,Category:Entababutonde,14,0,0
6607,Entababutonde(Ecology),0,0,0
6608,Olubuguumiriro lw'Enkulungo y'Ensi(Global Warming),0,0,0
6610,Template:Sayans,10,0,0
6611,Obulwadde bw'Okulumizibwa amagulu,0,3,0
6612,Obulwadde bw'Okukulungutana,0,0,0
6613,Obulwadde bw'okulumizibwa mu luba,0,3,0
6614,Obulamu obw'Enjawulo(Biodiversity),0,0,0
6615,Kookolo w'oku bwongo,0,3,0
6616,Essomabuzaale(Genetics),0,0,0
6617,Essomankula ennetoloovu(the Geometry of a Circle),0,0,0
6618,Category:Essomampimo,14,0,0
6619,Template:Paleontology,10,0,0
6620,Okufumuuka n'Okutondowala(Evaporation and condensation),0,0,0
6621,Ensonga z'Entondeka y'Ebikole(Factors of Production),0,0,0
6622,Nambiso ne Namba (Numerals and numbers)(,0,0,0
6623,Category:Essomabusirikituo,14,0,0
6624,Akaziba ka ayidologyeni(hydrogen atom),0,0,0
6625,Obulwadde bw'okubeera n’amazzi ku bwongo,0,3,0
6626,Arithmetic,0,0,0
6627,Okutya (Panic),0,0,0
6628,Ebyamalimiro(Agriculture),0,0,0
6629,Ekimuli (Flower),0,0,0
6630,Flower,0,0,0
6631,Category:Essomabimera,14,0,0
6632,Obuzimba bw’omu nnyindo,0,1,0
6633,Okwetukuta kw'emisuwa,0,4,0
6634,Ebigenge,0,4,0
6635,Obulwadde bw'Ebola,0,4,0
6636,Kookolo W’omu musaayi (Leukemia),0,4,0
6639,Obulemu ku maaso,0,4,0
6640,Obulemu mu kuwulira,0,2,0
6641,User talk:दीपक कूमार साह,3,0,1
6642,Obulwadde bwa Anthrax,0,0,0
6643,Obulwadde bwa Asima (Asthma),0,4,0
6644,Omusujja oguyitibwa Rift Valley Fever (RVF),0,4,0
6645,Obulwa bw’Akalulwe (Pancreatitis),0,4,0
6646,Obulwadde bw’ensigo (Kidney stone disease),0,3,0
6647,Okutabuka omutwe (Schizophrenia),0,3,0
6648,User talk:Dipak Kr. Sah,3,0,0
6649,Omusuja gw’enkaka (Yellow fever),0,3,0
6650,Ebyenfuna mu Buganda Eyedda,0,0,0
6651,Bulungibwansi,0,3,0
6652,Okutta omukago,0,8,0
6653,Okuwuga,0,7,0
6654,Ennyambala y’Abaganda,0,5,0
6655,Okwebaka,0,3,0
6656,Okulima,0,4,0
6657,Okunywa,0,12,0
6658,Ekizzaŋŋanda,0,4,0
6660,User:Morphypnos/common.js,2,0,0
6662,User:Allan Aguilar/common.js,2,0,0
6663,Valparaíso,0,0,2
6664,Omuwendo ogwenkomeredde(Absolute value),0,0,0
6665,Omweyoleko gwa Aligebbula,0,0,0
6666,Enkubisa,0,0,0
6667,Omugereko omukalu,0,0,0
6669,Endaga,0,0,0
6670,Nakyekubira(Inequality),0,0,0
6671,Nakyenkanyampuyi/Nakyenkanyanjuyi,0,0,0
6672,Omugeranyo,0,0,0
6673,Ekigero,0,0,0
6692,User talk:197.157.0.35,3,0,0
6710,Nambiso z'ekirooma (Roman Numerals),0,0,0
6711,Namba(Numbers),0,0,0
6712,Ebinnyonnyozo bya namba eza kyegabanya ne kigaanira(Properties of even and odd numbers),0,0,0
6713,Talk:Luganda,1,0,0
6714,Emikwataganyo gy'Essomampuyissatu(the Trigonomical Functions),0,0,0
6715,Omusiina (the Cosine function),0,0,0
6716,Omukosiina (the cosine function),0,0,0
6717,Omutangenta (the tangent function),0,0,0
6718,Omukontano =Omusiina( sine function),0,0,0
6719,Omukoono=Omukosiina(cosine function),0,0,0
6720,Omusimbagalo=Omutangenta (Tangent function),0,0,0
6721,Seppeto (angle theta),0,0,0
6722,Ekiwakanyo (Negation),0,0,0
6723,Ekikwakkulizo (Conditional statement),0,0,0
6724,Ekisinziiro (Hypothesis),0,0,0
6725,Omukwataganyo (Function),0,0,0
6726,Omukwanaganyo (Mathematical relation),0,0,0
6727,Stephen Kiragga Kiyonga,0,0,0
6729,User talk:154.70.157.2,3,0,0
6730,OKubalirira (Arithmetic),0,0,0
6731,Embalirira(Budget),0,0,0
6732,Enfissi (Remainder),0,0,0
6733,Enfikkizo(Remainder),0,0,0
6734,Enfikko(Remainder),0,0,0
6735,Ebigambo ebifaanagavu(Synonyms),0,0,0
6736,Emiramwa emifaanagavu(Synonyms),0,0,0
6737,Omukutule ogwa nigeemu(Unit fraction),0,0,0
6738,Omukutule omutuukirivu(Proper fraction),0,0,0
6739,Omukutule ogutali mutuukirivu(Improper fraction),0,0,0
6740,Omukutule omugattike(Mixed fraction),0,0,0
6741,Omujjuulirizo gw'omukutule (the complement of a fraction),0,0,0
6742,Omukutule ogwa bulijjo(Common fraction),0,0,0
6743,Omukutule ogw'omutonnyeze(Decimal fraction),0,0,0
6744,Omugeranyakikumi (percentage),0,0,0
6745,"Omugeranya100 (%, Percentage, ratio of a hundred))",0,0,0
6746,User:Sserugo,2,0,0
6748,User talk:David Grafix,3,0,0
6749,Okusoma,0,0,0
6750,User talk:160.242.142.203,3,0,0
6751,User:Semakulaa,2,0,0
6753,User talk:Sserugo,3,0,0
6754,Empeekera,0,0,0
6756,Nampalirizo(Newtons),0,0,0
6757,Nansoboza (Volts),0,0,0
6758,Namaanyi(Watts),0,0,0
6759,Nakongezabwangu (Catalyst),0,0,0
6760,Ekintu obutalwa mu lubuto,0,7,0
6761,Eddagala erigema olukusense,0,6,0
6762,Okusomesa ekibalangulo mu Luganda .Miramwa ki omusomesa gye yetaaga?,0,0,0
6764,Essomabimera(Botany),0,0,0
6765,Ebyobulamu(Health education/science and health services),0,0,0
6767,Sseddagala/Naddagala((Pharmacist),0,0,0
6768,Omulongoosabalwadde(Surgeon),0,0,0
6769,Essomakirongoosabirwadde(Surgery),0,0,0
6770,Ekirongoosabirwadde (Surgery),0,0,0
6771,Ettundiro ky'eddagala(Drug shop),0,0,0
6772,Ssettundiro ly'eddagala (Pharmacy),0,0,0
6773,Eddongooserezo (Theatre),0,0,0
6774,Essomabujjanjabi(Nursing),0,0,0
6775,Essommesezo ly'Obujjanjabi(School of Nursing),0,0,0
6776,Essomesezo ly'Obusawo(School of Medicine),0,0,0
6777,Ettendekero ly'Abasawo(School of Medicine),0,0,0
6778,Ettendekero ly'obujjanjabi (School of nursing),0,0,0
6779,Omuzaalisa (Midwife),0,0,0
6780,Okulabirira abalindiridde okuzaala(Antenetal care),0,0,0
6781,Obujjannjabi bw'abalindiridde okuzaala(antenetal care),0,0,0
6782,Obujjanjabi bw'abalindiridde okuzaala(antenatal care),0,0,0
6783,Obujjanjabi bwa bannakawere(Post-natal care),0,0,0
6785,Omunoonyerezi (Researcher),0,0,0
6786,Omunoonyereza (Investigator),0,0,0
6787,Omusawo n'Omujjanjabi(Doctor and Nurse),0,0,0
6788,Sseggwanga ne Segwanga( Statesman and Cock),0,0,0
6789,User talk:154.70.159.2,3,0,0
6790,Obutaffaali obulemuwavu (Sickle cells),0,0,0
6792,Endagabuzaale ennemu(Mutated genes),0,0,0
6795,Obulamu obwa kataffaalikamu(unicellular life ),0,0,0
6796,Ebiramu ebya butaffaalibungi(Multicellular lifeforms),0,0,0
6797,Namunigina za Kyebiriga (Square units),0,0,0
6798,Namunigina za Kyesatuza (Cubic units),0,0,0
6799,Endagabwolekero,0,0,0
6800,Bukiikakkono,0,0,0
6801,Bukiikaddyo,0,0,0
6802,"Okulembewaza(to Police, Policing)",0,0,0
6803,Abalembawazi(Police officers),0,0,0
6804,Omuduumizi w'Abalembawazi mu Disitulikiti (District Police Commander),0,0,0
6805,Ssabalembawaza ow'ettundutundu(Regional Police Commander),0,0,0
6806,Ssaabaduumizi w'Ekirembawazo(Inspector General of Police),0,0,0
6807,Ekirembewazo n'ekirembewazi(Police Department and Police Station),0,0,0
6808,Bhumibol Adulyadej,0,0,1
6823,Eggwanga eryetongovu (Sovereign State),0,0,0
6824,User:PHION DEASEL,2,0,0
6825,Omulembe Omutebi(the Mutebi era),0,0,0
6826,User:SUEAZEL LAWINTER,2,0,0
6828,Okugandawaza n'okuyugandawaza obuyivuwavu(gandanisation and ugandanisation of academics),0,0,0
6829,Okufirikawaza obuyivuwavu(Africanisation of academics),0,0,0
6830,Obuyivu n'obuyivuwavu(being learned and being educated/intellectual),0,0,0
6831,User talk:IALI NGO,3,0,0
6832,Ekifulumyalubugumu(Radioactivity),0,0,0
6833,Ekibumbulukuko(radioactivity),0,0,0
6835,Okufulumya olubugumu=Okufulumya Oluyengo (to emit radiation),0,0,0
6836,Okubumbulukuka okw'ekifulumyalubugumu(radioactive decay),0,0,0
6837,Obuziizi obuggumivu(Stable nuclei),0,0,0
6838,Obuziizi obutali buggumivu(unstable nuclei),0,0,0
6839,Endagabuzimbe enzigumivu(Stable elements),0,0,0
6840,Endagabuzimbe ezitali nzigumivu(unstable elements),0,0,0
6841,Ekiyaayaano ky'Obusannyalazo,0,0,0
6842,Endagabuzimbe(Chemical element),0,0,0
6843,Enkulaakulana y'Entabaganya(the Development of Society),0,0,0
6844,Emiramwa gy'ebyobufuna(the concepts for analysing Poitical economy),0,0,0
6845,Okwekenneenya Ebyobufuna(analysisis of Political economy),0,0,0
6846,Ebipimiso (Measuring instruments),0,0,0
6847,Obusirifaali(Microscopic particles),0,0,0
6848,Obutunniinya (Particles),0,0,0
6849,Obutonniinya(the Subatomic particles),0,0,0
6850,Obutinniinya (the elementary particles),0,0,0
6851,Atomu =akaziba (atom),0,0,0
6853,Vatone ( Negative ion),0,0,0
6854,Vatopo(Positive ion),0,0,0
6855,Pozitiivu (Positive),0,0,0
6856,Negatiivu (negative),0,0,0
6857,"Kiddannyuma (reverse, negative)",0,0,0
6858,"Kiddamaaso(Foward, positive)",0,0,0
6859,Ekifuulannenge(Inverse),0,0,0
6860,Ekikulungo(hemisphere),0,0,0
6861,Eripuso(ellipse),0,0,0
6862,Enkinu (Cylinder),0,0,0
6863,Olukoloboze olw'Ekisittalo(transversal line),0,0,0
6864,Olusittalo(Diaganol Line),0,0,0
6865,Oluwunziko/Olwewunziko/Omusittalo(Hypotenuse),0,0,0
6866,Empeto n'Empetero(Angles and Bearings),0,0,0
6867,Endagabusangiro(Geographical Positioning System),0,0,0
6868,Ensengekera y'Endagabusangiro(GPS Syetm),0,0,0
6869,Essomakubala =Ekibalangulo (Mathematics),0,0,0
6870,Enfissi =enfikkizo=enfikkizi=Enfikko(Remainder),0,0,0
6871,Essomabigoberero,0,0,0
6872,Essomakubalirira=Okubalirira=Ekibalirizo(Arithmetic),0,0,0
6873,Obutaffaali obw'eggabo=Obutaffaali obulemawavu(Sickle cells),0,0,0
6874,Ekisensero(Diffusion),0,0,0
6875,Ekikenululo,0,0,0
6876,Essomakubala,0,0,0
6877,Ekikenululo(Osmosis),0,0,0
6878,Ekibalangulo eky'Obusuubuzi(Business Mathematics),0,0,0
6879,Engula ey'ekipangiso(Hire purchase),0,0,0
6880,Ensibiriro (Insurence),0,0,0
6881,"Olusasuliro(Bill, Invoice)",0,0,0
6882,Okugendana Obutereevu(Direct proportionality),0,0,0
6883,Okugendana kifuulannenge(Inverse proportion),0,0,0
6886,Ensengeka y'Ebiramu(Life Taxonomy),0,0,0
6887,Ebizimbamubiri(Proteins),0,0,0
6888,Ebireetamaanyi(Carbohydrates),0,0,0
6889,Ebisukaali (Sugars),0,0,0
6890,Ebyassava ne woyiro(Fats and Oils),0,0,0
6891,Minero (Menerals),0,0,0
6892,Minero (Minerals),0,0,0
6893,Vitamiini,0,0,0
6894,Amazzi mu mubiri (water in the Body),0,0,0
6895,Ekibumba,0,0,0
6896,Akazitoya (Molecule),0,0,0
6897,Ebinnyonnyozo by'Omukka(Properties of a Gas),0,0,0
6899,Obutonniinya n'obutinniinya(Subatomic and elementary particles),0,0,0
6900,Obwoki (Temperature),0,0,0
6901,OLukalala lw'Emiramwa egy'Ekibalangulo(a List of Luganda mathematical terms),0,0,0
6902,Ensolo ez'omusaayi omubugumu n'ensolo ez'omusaayi omunnyogovu,0,0,0
6903,Ensolo ez'omusaayi omunnyogovu(Cold blooded animals),0,0,0
6904,Ensolo ez'omusaayi Omubugumu(Warm blooded animals),0,0,0
6905,Lulyansolo,0,0,0
6906,Lulyansolobi(Omnivorous animals),0,0,0
6907,Lulyabimera (Herbivorous animals),0,0,0
6908,Lugajambula (Predator),0,0,0
6909,Okugajambula(Predation),0,0,0
6910,User talk:154.73.12.115,3,0,0
6911,Category:Ekinonoozo,14,0,0
6913,Yisaaka Netoni (Isaac Newton),0,0,0
6914,Category:Olupapula Olusooka,14,0,0
6915,Category:Gyenvuddewe,14,0,0
6916,Category:Sayansi,14,0,0
6917,Category:Terminology,14,0,0
6918,Ensolo Lubbira,0,0,0
6919,Lugirigimba(Reptiles),0,0,0
6920,Luyonsa (Mammals),0,0,0
6921,User talk:197.157.34.174,3,0,0
6922,Category:Essomansolo,14,0,0
6923,Template:Terminology,10,0,0
6924,Category:Akaziba,14,0,0
6925,Ayidologyeni= Kitondekamazzi(Hydrogen),0,0,0
6926,Ayidologyeni,0,0,0
6927,Category:Essomampuyisatu,14,0,0
6928,Ekibalo ekigobensonga(Variation Math),0,0,0
6929,Wikipedia:Okutangaaza ku,4,0,0
6930,"Obufo,Obusangiro, Obwolekero (Position, Location, and Direction)",0,0,0
6931,Ekibuuzabantu n'embuuzamuntu(Survey and Questionaire),0,0,0
6932,Ekibazisambira=Embazamapeesa (Abacus),0,0,0
6933,User:77.245.120.191,2,0,0
6936,Muddugavukwefaako(Blafricanism),0,0,0
6937,Ekibanduso (A Primer of Change),0,0,0
6938,Ekitojji ky'ensirinngaannyi,0,1,0
6939,Okuvunda Kw'ebiramu,0,0,0
6940,Obutaffaali n'Obutoffaali(Cells and particles),0,0,0
6941,Munna-words of Luganda experts,0,0,0
6942,Ekikamulabiriisa(Digestion),0,0,0
6943,Ekifulumyakazambi(Excretion),0,0,0
6944,Ekivululo,0,0,0
6945,Ensengekera y'ekitambuzamusaayi(the Blood circulatory system),0,0,0
6946,Ensengekera y'emifumbi(the muscular system),0,0,0
6947,Ensengekera y'ekikyusaganyampewo(the Respiratory System),0,0,0
6948,Ensengekera y'Ekizaazi(the Reproductive system),0,0,0
6949,Ensengekera y'ekiremesandwadde(the immune system),0,0,0
6950,Ensengekera y'amasitukiro(the Skeletal system),0,0,0
6951,Ensengekera y'Obusimu(the nervous system),0,0,0
6952,Ensengekera y'ekikugiro,0,0,0
6953,Ensengekera mu Essomabiramu (Systems in Bilogy),0,0,0
6954,Ensengekera mu Essomabiramu(Systems in Biology),0,0,0
6956,Okuvunda kw'ebiramu(Decomposition),0,0,0
6957,Ekigoberero kya Akimeedizi,0,0,0
6958,Entengejjeso (Buoyancy),0,0,0
6960,Obuzimbe(Structure),0,0,0
6961,Ekiramu kataffaalikamu(Unicelullar organism),0,0,0
6962,Ekiramu butaffaalibungi(Multicellular organism),0,0,0
6963,Ebiziziina(Eukaryotes),0,0,0
6964,Ebiziziite(Prakaryotes),0,0,0
6965,Ebikoggona(Vertebrates),0,0,0
6966,Ebikoggote(Invertebrates),0,0,0
6967,Okwezaala(Reproduction),0,0,0
6968,Omuntu omukujjukujju(Homo Habiris),0,0,0
6969,Omuntu kalimagezi,0,0,0
6970,Omuntu omusenguse,0,0,0
6971,User:André Costa (WMSE)/Main Page,2,0,0
6972,1 Gwakutaano,0,1,0
6975,Nelson Mandela,0,0,0
6976,User:Emigga Nnatex,2,7,0
6977,User:André Costa (WMSE)/Main Page/Sister projects,2,0,12
6978,User:André Costa (WMSE)/Main Page/sisterprojects,2,0,0
6979,Template:Clear,10,0,0
6980,User:André Costa (WMSE)/Main Page/Image of the Month/05,2,0,1
6981,Template:Article of the month,10,0,1
6982,User:André Costa (WMSE)/Main Page/Article of the Month/05,2,0,0
6983,User talk:André Costa (WMSE)/Main Page,3,1,0
6984,Ekifumbekero (Acid),0,0,0
6985,Ekijjulungo (Base),0,0,0
6986,Ekipimiso ky'Obufumbekevu(PH Scale),0,0,0
6987,User talk:154.70.157.145,3,0,0
6988,Ensengekera y'ekikugiro(Integumentary system),0,0,0
6990,Munnassomabusirikitu(Microbiologist),0,0,0
6992,Category:Bufalansa,14,0,0
6993,Roubaix,0,0,1
6994,Category:France,14,0,0
6995,Bubirigi,0,0,0
6996,Bufalansa,0,0,0
6997,Brussels,0,0,1
6998,User:Oyiga Emmanuel,2,7,0
7000,Ensolo Lubbira(Amphibians),0,0,0
7001,Okulambika ebirowoozo(Inductive reasoning),0,0,0
7002,Okulambika ensonga(Inductive Logic),0,0,0
7003,Obugobansonga (Dialectics),0,0,0
7004,Ensonga (Premise),0,0,0
7005,Fakikya (fact),0,0,0
7006,Okusengekensonga okw'ekibalo(Mathematical logic),0,0,0
7007,Ebiwunziko n'ebikubampawa(Inferences and arguments),0,0,0
7008,Sayansi omwekebezzi(Imperical science),0,0,0
7009,User:Emigga,2,2,0
7010,Category:User fr,14,0,0
7011,Category:User es,14,0,0
7012,Category:User pl,14,0,0
7013,Category:User ru,14,0,0
7014,Category:User sv,14,0,0
7015,Category:User no,14,0,0
7016,Category:User nn,14,0,0
7017,Category:User da,14,0,0
7018,Category:User nds,14,0,0
7020,Category:User nl,14,0,0
7021,Category:User af,14,0,0
7022,Category:User la,14,0,0
7023,Category:User pt,14,0,0
7024,Category:User ca,14,0,0
7025,Category:User gl,14,0,0
7026,Category:User mwl,14,0,0
7027,Category:User it,14,0,0
7028,Category:User an,14,0,0
7029,Category:User oc,14,0,0
7031,Category:User fi,14,0,0
7032,Category:User lv,14,0,0
7033,Category:User uk,14,0,0
7034,Category:User ab,14,0,0
7035,Category:User rn,14,0,0
7036,Category:User sw,14,0,0
7037,Category:User ar,14,0,0
7038,Category:User zh,14,0,0
7039,Category:User yue,14,0,0
7040,Category:User bn,14,0,0
7041,Category:User hi,14,0,0
7043,Category:User el,14,0,0
7044,Category:User zh-Hans,14,0,0
7045,Category:User zh-Hant,14,0,0
7046,Category:User szl,14,0,0
7047,Category:User lzh,14,0,0
7048,Category:User eo,14,0,0
7049,Category:User ko,14,0,0
7050,Category:User ro,14,0,0
7051,Category:User bg,14,0,0
7052,Category:User bs,14,0,0
7053,Category:User cs,14,0,0
7054,Category:User csb,14,0,0
7055,Category:User dsb,14,0,0
7056,Category:User hr,14,0,0
7057,Category:User hsb,14,0,0
7058,Category:User kg,14,0,0
7059,Category:User sc,14,0,0
7060,Category:User sh,14,0,0
7061,Category:User sk,14,0,0
7062,Category:User sr,14,0,0
7063,Category:User eu,14,0,0
7064,Category:User ja,14,0,0
7065,Category:User tl,14,0,0
7066,Category:User hu,14,0,0
7067,Category:User be,14,0,0
7068,Category:User et,14,0,0
7069,Category:User grc,14,0,0
7070,Category:User ksh,14,0,0
7071,Category:User nds-NL,14,0,0
7072,Category:User vls,14,0,0
7073,Category:User li,14,0,0
7074,Category:User lb,14,0,0
7075,Category:User gsw,14,0,0
7076,Category:User pdc,14,0,0
7077,Category:User pfl,14,0,0
7078,Category:User sxu,14,0,0
7079,Category:User bar,14,0,0
7080,Category:User wep,14,0,0
7081,Category:User swg,14,0,0
7082,Category:User sli,14,0,0
7083,Category:User ast,14,0,0
7085,Category:User nb,14,0,0
7086,Category:User ka,14,0,0
7087,Category:User sco,14,0,0
7088,Category:User pih,14,0,0
7089,Category:User nov,14,0,0
7090,Category:User mg,14,0,0
7091,Category:User de-AT,14,0,0
7092,Category:User or,14,0,0
7093,Category:User pi,14,0,0
7094,Category:User kn,14,0,0
7095,Category:User ne,14,0,0
7096,Rome,0,0,0
7097,User:Emmygga Godpower,2,2,0
7098,Category:User is,14,0,0
7099,User:Emmygga Starboy,2,2,0
7100,Riga,0,0,2
7101,Dättlikon,0,0,3
7102,User:Brubaker610,2,0,0
7103,Category:User az,14,0,0
7104,Category:User fa,14,0,0
7117,User talk:Katxis,3,0,0
7118,User talk:176.147.224.55,3,1,0
7119,User talk:41.79.120.28,3,0,0
7121,User talk:197.239.7.5,3,1,0
7123,User talk:92.207.215.100,3,1,0
7125,User talk:46.72.23.57,3,0,0
7126,Nnamba,0,0,0
7127,Eby'obutonde,0,0,0
7128,Amasannyalaze,0,0,0
7129,Ekitangaala,0,0,0
7131,Water,0,0,0
7132,Bbayologye,0,0,0
7136,Human,0,0,0
7139,Ensi,0,0,0
7156,Ennyanja Nalubaale,0,0,0
7157,Omugga Kiira,0,0,0
7158,Langi,0,0,0
7159,Abantu,0,0,0
7162,Sembuya Christopher Columbus,0,0,0
7163,Color,0,0,0
7165,User talk:Kateregga1,3,0,0
7166,Template:National Cultural Site of Uganda row,10,0,1
7167,Template:National Cultural Site of Uganda header,10,0,0
7168,User talk:Bukulu Steven,3,4,0
7169,User talk:Ssenkungu ivan,3,1,0
7170,Wikipedia:Ekifo ekisomerwamu ebitabo Wikipediya,4,0,0
7171,Kabegyi,0,1,0
7172,Endiisa y'ebisolo,0,1,0
7176,Nolwe,0,0,0
7177,Emu(One),0,0,0
7178,Bukiikakkono(North),0,0,0
7179,Bukiikaddyo (South),0,0,0
7180,"Endagabwolekero(the Compass Rose , geographical Compass)",0,0,0
7181,Category:Essomansi,14,0,0
7182,Category:Ssemazinga,14,0,0
7183,Category:Esomanjazi,14,0,0
7184,Bien Hoa,0,0,0
7186,User talk:119.160.116.218,3,1,0
7187,User talk:Trauenbaum,3,0,0
7189,User talk:160.242.146.130,3,1,0
7190,User talk:197.252.4.248,3,1,0
7191,User:분당선M/common.css,2,0,0
7192,User:분당선M/common.js,2,0,0
7193,User talk:분당선M,3,0,0
7194,Talk:Omujjuulirizo gw'omukutule (the complement of a fraction),1,1,0
7195,Number,0,0,0
7196,Nature,0,0,0
7197,Electricity,0,0,0
7198,Light,0,0,0
7200,Biology,0,0,0
7201,Omuntu omusenguse(Homo eructus),0,0,0
7202,Omuntu kalimagezi(Homo sapiens),0,0,0
7203,Omuntu (Man),0,0,0
7204,Earth,0,0,0
7205,Cocaine,0,0,0
7206,Matter,0,0,0
7207,Lulyansolo(Carnivorous animals),0,0,0
7208,Ekiyaayaano ky'Obusannyalazo (the valency of electrons),0,0,0
7209,Ekigoberero kya Akimeedizi (The Archmeddes principle,0,0,0
7212,Ennanda y'amakulu(Lexical relations),0,0,0
7213,Ebifaananyampandiika(Homographs),0,0,0
7214,Ebifaananyanjatula(Homophones),0,0,0
7215,Ebyawukanyanjatula(Heterophones),0,0,0
7216,Ebifaananyamakulu(Synonyms),0,0,0
7217,Ekirandiro(the root of a word),0,0,0
7218,Ekimerukiro (the stem of a word),0,0,0
7220,Essomabuzimba = Essomabuziba(Chemistry),0,0,0
7221,Okusonjolera(Paraphrasing),0,0,0
7222,Ekirandaggo(Circumlocution),0,0,0
7223,Ekibabiro=Ekigambululo ekikwata omubabiro(Catchphrase),0,0,0
7224,Ekigattikakibabiro,0,0,0
7225,Essomansonga(Logic),0,0,0
7226,Ekigewukano,0,0,0
7227,Olufaananyamuntu(personification),0,0,0
7228,Kazannyirizi(Character),0,0,0
7229,Olunaawuzo(legend),0,0,0
7230,Essomabuntu(Humanities),0,0,0
7233,User talk:196.43.144.12,3,1,0
7234,User talk:197.239.38.117,3,1,0
7235,User talk:197.157.21.234,3,1,0
7236,User talk:123.108.244.5,3,1,0
7237,User talk:194.168.178.174,3,1,0
7238,User talk:Baurzhanuly,3,1,0
7239,User talk:Ksembuya,3,1,0
7240,Essomannimi,0,0,0
7241,Essomampandiika,0,0,0
7242,User talk:160.242.138.138,3,0,0
7243,Essomanjatula,0,0,0
7244,Essomabuzimba,0,0,0
7245,Essomabuziba,0,0,0
7246,Essomabigambo,0,0,0
7247,Category:Essomannimi,14,0,0
7248,Okulambulula tekinologiya(reverse engineering),0,0,0
7249,Okunonooza ekiddannyuma(Reverse engineering),0,0,0
7250,Nnabuzaale ennemu(Mutated genes),0,0,0
7251,Essomabidduka(Vehicology),0,0,0
7252,Essomansi,0,0,0
7253,Essomabusimu(Neurology),0,0,0
7254,Essomanampewo(Meteorology),0,0,0
7256,Ekigeranyabudde,0,0,0
7257,Aligebbula,0,0,0
7258,Algebra,0,0,0
7259,Essomabigoberero=Aligebbula(Algebra),0,0,0
7260,Omweyoleko gwa Aligebbula(algebric expression),0,0,0
7261,Category:Aligebbula,14,0,0
7263,Akataffaali (Living Cell),0,0,0
7264,Ekivululo(Secretion),0,0,0
7266,Nanfumbekera(candela),0,0,0
7267,Nabuzitoya(Mole),0,0,0
7269,Nanziring'ana(hertz),0,0,0
7270,Nannyigirizi(pascal),0,0,0
7271,"Nansobozeso(joule, unit of energy)",0,0,0
7272,"Namaanyi(watt ,unit of power)",0,0,0
7273,"Nakisannyalazo (coulomb, Unit of electric charge)",0,0,0
7274,"Nanterefu(volt,unit of electric potential)",0,0,0
7275,"Nangugubiro(ohm, unit of electric resistence)",0,0,0
7276,Nabwoki eza serisiyaasi(degrees Celsius),0,0,0
7277,Nampeto(measure of angles in degrees),0,0,0
7278,Namungina z'ebipimo,0,0,0
7279,Essomabwengula,0,0,0
7280,Essomabwengula(Astronomy),0,0,0
7282,Namungina z'ebipimo(units of measurements),0,0,0
7283,Ensibukula y'ebigambo(Etymologisation),0,0,0
7284,Okusibukula(Etymologisation),0,0,0
7285,Ensibukula,0,0,0
7286,Okuzimbulula Omulamwa(terminology decomposition),0,0,0
7287,Essomankuluze,0,0,0
7288,Munnasomankuluze(Lexicographer),0,0,0
7289,Essomanzimbo(Morphology),0,0,0
7291,Ekigegeenyo(Mememe / meme),0,0,0
7293,Kanyego(Morpheme),0,0,0
7295,Sensalire(Luganda words formed by Clipping),0,0,0
7296,Ebisookesannene ne Ebisookesantono (Capitonyms & Smonyms),0,0,0
7297,Essomanjatula(Phonology),0,0,0
7298,Ekyekebejjo (Empiricism),0,0,0
7299,User talk:41.202.241.13,3,1,0
7300,Daniel Kaluuya,0,0,1
7301,User:Miguel2706,2,0,0
7303,Mowzey Radio,0,1,0
7304,User:Trauenbaum,2,0,0
7305,Ssekalowooleza Kiwanuka,0,0,0
7306,Ssekalowooleza Mukasa,0,0,0
7308,Ssekalowooleza Kayikuuzi,0,0,0
7309,Ssekalowooleza Ggulu,0,0,0
7310,Nakalowooleza Nakayima,0,0,0
7311,Nakalowooleza Kitinda,0,0,0
7312,Ssekalowooleza Muwanga,0,0,0
7313,Ssekalowooleza Kawumpuli,0,0,0
7314,Ssekalowooleza Kintu,0,0,0
7315,Ssekawooleza Ddungu,0,0,0
7316,Ssekalowooleza Kibuuka Omumbaale,0,0,0
7317,Ssekalowooleza Matayo Kisuule Omubundu,0,0,0
7318,Ssekalowooleza Musoke,0,0,0
7319,Eddiini ya Buganda,0,0,0
7320,Template:Infobox omuntu,10,0,0
7321,Template:Infobox person,10,0,0
7322,Template:Infobox Ensi,10,0,0
7323,Donald Trump,0,0,0
7324,Vladimir Putin,0,1,1
7325,Yoweri Museveni,0,0,1
7326,Template:Infobox Person,10,0,3
7328,User talk:NASSANGA LG,3,1,0
7329,Embaziso(Number),0,0,0
7330,Emikwanaganyo gy'ebyenfuna (Econimic Relations),0,0,0
7331,Essomabirowoozo(Psychology),0,0,0
7333,Essomabulungi(Esthetics),0,0,0
7334,Essomabirungi(Easthetics),0,0,0
7336,Essomakumanya(Epistimology),0,0,0
7337,Essomampisa,0,0,0
7339,Embonero(Numerals),0,0,0
7340,Namunkanga(Helicopter),0,0,0
7341,"Ennyonyi(Aircraft,Earoplane)",0,0,0
7342,Essomamisango(Criminology),0,0,0
7343,Essomampozesa(Jurisprudence),0,0,0
7344,Ekijjanjabiro(Hospital),0,0,0
7345,Ekizungirizi(Rocket),0,0,0
7346,Okugunja ebigambo(Conceptualisation),0,0,0
7347,Ssessomabuntu(Humanities),0,0,0
7348,Olunnyonnyolo(Circumlocution),0,0,0
7349,Okugattika ebigambo ekyetoloola(Circumblending,0,0,0
7350,Okuwangowaza(Affixation),0,0,0
7353,Talk:Muwanga Charles,1,0,0
7354,User talk:Kansiiwa,3,1,0
7356,User:Ffffnm,2,0,0
7361,Balubaale(the Departed Thinkers/Wisepersons of Buganda),0,0,0
7362,Charles Muwanga Foundation for Intellectualisation of African Vernaculars,0,0,0
7363,Ebisukkulumiso(Supernyms),0,0,0
7364,Embugaano (Matter),0,0,0
7365,The list of the titles of 77 Muwanga 's coming primers of Mathematics and Science in Luganda,0,0,0
7367,User talk:169.159.212.2,3,1,0
7368,User:Kansiiwa,2,0,0
7371,Okunonooza (to ingineer),0,0,0
7372,Category:Obulamu obusirikitu,14,0,0
7373,Bbakitiiriya (Bacteria),0,0,0
7374,Category:Bakitiiriya,14,0,0
7375,Category:Vayiraasi,14,0,0
7376,Category:Polotozoowa,14,0,0
7377,Essomannimi (Linguistics),0,0,0
7378,Linguistics,0,0,0
7379,Vitamins,0,0,0
7380,Vitamiini(Vitamins),0,0,0
7381,Essomansi(Geography),0,0,0
7382,User talk:154.70.157.149,3,0,0
7384,Entaba-words,0,0,0
7385,Ekipuluko,0,0,0
7386,Ensozi ez'ekipuluko(Volcanic mountains),0,0,0
7387,Olutabu olw'ekipuluko(magma),0,0,0
7389,Okuseetuka kwa Ssemazinga(Continental Drift),0,0,0
7390,User talk:Basaaya,3,1,0
7391,Essomamawanga,0,0,0
7392,Entabamawanga,0,0,0
7393,Ssessomamateeka,0,0,0
7394,Amayengo g'Obwongo,0,0,0
7395,Ebbulwabuzito,0,0,0
7396,Ensikiriziso,0,0,0
7397,Ebbugulimu,0,0,0
7398,Empalirizo z'ekitambuzo,0,0,0
7399,Engerikuva,0,0,0
7400,Ekigereeso ky'Okubwatuka Okunene(The Bigbang Theory),0,0,0
7401,Ekire Nnabire (The Nebular Cloud),0,0,0
7402,Entabamawanga(International Affairs),0,0,0
7406,User:Marcello Gianola,2,0,0
7408,User:Mubtxs,2,0,0
7409,Module:Databox,828,0,2
7410,Template:Databox,10,0,0
7411,User:André Costa (WMSE)/Main Page/Article of the Month/07,2,0,1
7412,User:André Costa (WMSE)/Main Page/Article of the Month,2,0,0
7413,User:André Costa (WMSE)/Main Page/Article of the Month/2017/05,2,0,0
7414,User:André Costa (WMSE)/Main Page/Image of the Month/2017/05,2,0,0
7415,User:André Costa (WMSE)/Main Page/Image of the Month,2,0,0
7417,Edirne,0,1,0
7419,User:Erinamukuta,2,0,1
7420,User:Erinamukuta/Main Page/Image of the Month,2,0,0
7421,User:Erinamukuta/Main Page/Image of the Month/01,2,0,1
7422,User:Erinamukuta/Main Page/Image of the Month/02,2,0,1
7423,User:Erinamukuta/Main Page/Image of the Month/03,2,0,1
7424,User:Erinamukuta/Main Page/Image of the Month/04,2,0,1
7425,User:Erinamukuta/Main Page/Image of the Month/05,2,0,1
7426,User:Erinamukuta/Main Page/Image of the Month/06,2,0,1
7427,User:Erinamukuta/Main Page/Image of the Month/07,2,0,1
7428,User:Erinamukuta/Main Page/Image of the Month/08,2,0,1
7429,User:Erinamukuta/Main Page/Image of the Month/09,2,0,1
7430,User:Erinamukuta/Main Page/Image of the Month/10,2,0,1
7431,User:Erinamukuta/Main Page/Image of the Month/11,2,0,1
7432,User:Erinamukuta/Main Page/Image of the Month/12,2,0,1
7433,User:Erinamukuta/Main Page/Article of the Month,2,0,0
7434,User:Erinamukuta/Main Page/Article of the Month/01,2,0,0
7435,User:Erinamukuta/Main Page/Article of the Month/02,2,0,0
7436,User:Erinamukuta/Main Page/Article of the Month/03,2,0,0
7437,User:Erinamukuta/Main Page/Article of the Month/04,2,0,0
7438,User:Erinamukuta/Main Page/Article of the Month/05,2,0,0
7439,User:Erinamukuta/Main Page/Article of the Month/06,2,0,0
7440,User:Erinamukuta/Main Page/Article of the Month/07,2,0,0
7441,User:Erinamukuta/Main Page/Article of the Month/08,2,0,0
7442,User:Erinamukuta/Main Page/Article of the Month/09,2,0,0
7443,User:Erinamukuta/Main Page/Article of the Month/10,2,0,0
7444,User:Erinamukuta/Main Page/Article of the Month/11,2,0,0
7445,User:Erinamukuta/Main Page/Article of the Month/12,2,0,0
7446,User:Erinamukuta/Main Page/Sister projects,2,0,12
7447,Essomankuluze(Lexicography),0,0,0
7449,User:Vogone/minerva.js,2,0,0
7452,Category:User zh-Hans-CN,14,0,0
7453,Category:User zh-Hant-TW,14,0,0
7454,Category:User zh-Hant-HK,14,0,0
7458,Kintu,0,0,0
7460,Ewakuumirwa Eggaali Y'omukka (Estacion) Bajo Hondo,0,2,0
7462,User:EurovisionGR,2,0,1
7463,Argentina,0,0,0
7464,Brasil,0,0,0
7465,Peru,0,0,0
7466,Uruguay,0,0,0
7468,User talk:41.210.155.59,3,0,0
7469,Barbara Kaija,0,7,0
7470,Amelia Kyambadde,0,5,0
7471,User:Lukwago Solomon,2,0,0
7472,Betty Nambooze,0,6,0
7473,Winnie Kiiza,0,2,0
7474,Judith Nabakooba,0,1,0
7475,Jennifer Musisi,0,0,0
7476,Rema Namakula,0,7,0
7477,Ingrid Turinawe,0,2,0
7478,Juliana Kanyomozi,0,10,0
7479,Specioza Kazibwe,0,5,0
7480,Allen Kagina,0,6,0
7482,User:Mentifisto,2,0,0
7483,User:Equawikipedizer,2,0,0
7486,Category:Firimu mu Buturuki,14,0,0
7487,Category:Firimu,14,0,0
7488,User talk:Ameisenigel,3,0,0
7489,Mode Gakuen Cocoon Tower,0,0,1
7490,Kizuna AI,0,1,1
7493,Japan,0,0,1
7494,Colombia,0,0,2
7495,Bogotá,0,0,1
7496,Medellín,0,0,1
7497,User:Waldir,2,0,0
7498,User talk:186.148.182.152,3,0,0
7499,User:Kasauli meddy,2,0,0
7500,User talk:Kasauli meddy,3,1,0
7501,Cali,0,0,1
7502,Monte Águila,0,0,1
7503,User talk:محمد شعیب,3,0,0
7504,User:محمد شعیب,2,0,0
7505,User talk:קיין ומוויסנדיק פּרעפֿערענצן,3,0,2
7506,User:Erinaceus,2,0,0
7507,User:FR30799386/minerva.js,2,0,0
7509,Cayina,0,0,0
7510,Swaziland,0,0,0
7511,User:Thuvack/Sandbox,2,0,4
7512,Template:Wikipediasister,10,0,12
7514,Template:Wikipedia-Africa,10,0,0
7515,Template:Wikipedia-Welcome,10,0,0
7516,Template:Today's featured picture,10,0,9
7517,Template:Dow,10,0,0
7518,Template:Time,10,0,0
7519,Module:Time,828,0,0
7520,Module:Time/data,828,0,0
7521,Template:Today's featured picture/POD-06,10,0,1
7523,Template:Featured Article of the day/FAOD-06,10,0,2
7524,Template:Featured Articles,10,0,7
7525,Template:Featured Article of the day,10,0,0
7526,Template:Featured Article of the day/FAOD-01,10,0,2
7527,Template:Featured Article of the day/FAOD-02,10,0,2
7528,Template:Featured Article of the day/FAOD-03,10,0,2
7529,Template:Featured Article of the day/FAOD-04,10,0,2
7530,Template:Featured Article of the day/FAOD-05,10,0,2
7531,Template:Featured Article of the day/FAOD-07,10,0,2
7532,Template:Featured Article of the day/FAOD-08,10,0,2
7533,Template:Featured Article of the day/FAOD-09,10,0,2
7534,Template:Featured Article of the day/FAOD-10,10,0,2
7535,Template:Featured Article of the day/FAOD-11,10,0,2
7536,Template:Featured Article of the day/FAOD-12,10,0,2
7537,Template:Featured Article of the day/FAOD-13,10,0,2
7538,Template:Featured Article of the day/FAOD-14,10,0,2
7539,Template:Featured Article of the day/FAOD-15,10,0,2
7540,Template:Featured Article of the day/FAOD-16,10,0,2
7541,Template:Featured Article of the day/FAOD-17,10,0,2
7542,Template:Featured Article of the day/FAOD-18,10,0,2
7543,Template:Featured Article of the day/FAOD-19,10,0,2
7544,Template:Featured Article of the day/FAOD-20,10,0,2
7545,Template:Featured Article of the day/FAOD-21,10,0,2
7546,Template:Featured Article of the day/FAOD-22,10,0,2
7547,Template:Featured Article of the day/FAOD-23,10,0,2
7548,Template:Featured Article of the day/FAOD-24,10,0,2
7549,Template:Featured Article of the day/FAOD-25,10,0,2
7550,Template:Featured Article of the day/FAOD-26,10,0,2
7551,Template:Featured Article of the day/FAOD-27,10,0,2
7552,Template:Featured Article of the day/FAOD-28,10,0,2
7553,Template:Featured Article of the day/FAOD-29,10,0,2
7554,Template:Featured Article of the day/FAOD-30,10,0,2
7555,Template:Featured Article of the day/FAOD-31,10,0,2
7556,Template:Today's featured picture/POD-01,10,0,2
7557,Template:Today's featured picture/POD-02,10,0,2
7558,Template:Today's featured picture/POD-03,10,0,2
7559,Template:Today's featured picture/POD-04,10,0,2
7560,Template:Today's featured picture/POD-05,10,0,2
7561,Template:Today's featured picture/POD-07,10,0,2
7562,Template:Today's featured picture/POD-08,10,0,2
7563,Template:Today's featured picture/POD-09,10,0,2
7564,Template:Today's featured picture/POD-10,10,0,2
7565,Template:Today's featured picture/POD-11,10,0,2
7566,Template:Today's featured picture/POD-12,10,0,2
7567,Template:Today's featured picture/POD-13,10,0,2
7568,Template:Today's featured picture/POD-14,10,0,2
7569,Template:Today's featured picture/POD-15,10,0,2
7570,Template:Today's featured picture/POD-16,10,0,2
7571,Template:Today's featured picture/POD-17,10,0,2
7572,Template:Today's featured picture/POD-18,10,0,2
7573,Template:Today's featured picture/POD-19,10,0,2
7574,Template:Today's featured picture/POD-20,10,0,2
7575,Template:Today's featured picture/POD-21,10,0,2
7576,Template:Today's featured picture/POD-22,10,0,2
7577,Template:Today's featured picture/POD-23,10,0,2
7578,Template:Today's featured picture/POD-24,10,0,2
7579,Template:Today's featured picture/POD-25,10,0,2
7580,Template:Today's featured picture/POD-26,10,0,2
7581,Template:Today's featured picture/POD-27,10,0,2
7582,Template:Today's featured picture/POD-28,10,0,2
7583,Template:Today's featured picture/POD-29,10,0,2
7584,Template:Today's featured picture/POD-30,10,0,2
7585,Template:Today's featured picture/POD-31,10,0,2
7586,User:Erinamukuta/Sandbox,2,1,0
7649,User:Thuvack/Sandbox1,2,6,0
7655,User:Thuvack,2,0,4
7656,Template:Quote,10,0,0
7657,Template:Quote/styles.css,10,0,0
7658,Template:Trim quotes,10,0,0
7659,Module:Trim quotes,828,0,0
7660,Template:Lorem ipsum,10,0,0
7661,Template:Comma separated entries,10,0,0
7662,Module:Separated entries,828,0,0
7663,Template:If empty,10,0,0
7664,Module:If empty,828,0,0
7665,User talk:Thuvack,3,0,0
7666,User:Thuvack/Sandbox2,2,1,0
7667,User:Thuvack/to do,2,3,0
7669,User:Ainz Ooal Gown/minerva.js,2,0,0
7670,Ekibumba (Liver),0,0,0
7671,Essomabigambo(Lexicology),0,0,0
7672,Essomampandiika(Orthography),0,0,0
7673,Ensibukula(Etymology),0,0,0
7674,Essomanjatula (Phonology),0,0,0
7679,User talk:Killarnee,3,0,0
7680,Usama Mukwaya,0,1,0
7681,User:Kapeter77,2,0,0
7682,Talk:Afirika,1,1,0
7683,User talk:Sewepb,3,0,0
7684,User:WhitePhosphorus/minerva.js,2,0,0
7685,Talk:Rome,1,1,0
7686,Category:Japan,14,0,0
7688,John Ssenseko Kulubya,0,3,0
7690,User talk:193.108.252.250,3,0,0
7694,Abakulembeze ba Uganda,0,1,0
7695,Idi Amin,0,0,0
7696,Mutesa II of Buganda,0,0,0
7697,Tito Okello,0,0,0
7698,Bazilio Olara-Okello,0,0,0
7699,Paulo Muwanga,0,0,0
7700,Godfrey Binaisa,0,0,0
7701,Yusuf Lule,0,0,0
7703,Pulezidenti Commission wa Uganda,0,0,0
7704,Saulo Musoke,0,0,0
7705,Polycarp Nyamuchoncho,0,0,0
7706,Yoweri Hunter Wacha-Olwol,0,0,0
7708,Prime Minister wa Uganda,0,1,0
7724,User:Leitoxx,2,0,0
7725,Peace Mutuuzo,0,4,0
7726,Esther Mayambala Kisaakye,0,3,0
7727,User:Sion8,2,0,0
7728,User:Uchastnik1,2,0,0
7729,User:Athur ssegawa,2,0,0
7731,User:Colon Vasquez,2,0,0
7732,Essomampisa(Ethics),0,0,0
7733,Okusumululwa okw'Omwoyo(Deliverance),0,0,0
7734,Ekyewuunyo eky'Obutonde (The Miracle in Nature),0,0,0
7735,Ensibuko y'emizimu n'emisambwa ogimanyi ?,0,0,0
7738,User:DeltaQuad,2,0,0
7739,User talk:DeltaQuad,3,0,0
7741,User:Masumrezarock100/minerva.js,2,0,0
7743,Maria Kiwanuka,0,4,0
7747,User:AKigere,2,0,0
7748,Ennyanja Mwitanzige,0,1,0
7749,User:Pintert3,2,0,0
7750,Wikipedia:Olukalala lwa infoboxes,4,0,0
7751,Talk:Omweso,1,1,0
7752,User talk:Pintert3,3,1,0
7753,Template:Infobox ennyanja,10,0,0
7754,Template:Infobox ennyanja/doc,10,6,0
7755,Makerere University,0,0,0
7756,Talk:Endagabwolekero,1,1,0
7757,Ennyanja Albert,0,0,0
7758,User:Pintert3/skin.css,2,0,0
7759,User:Pintert3/common.css,2,0,0
7760,Template:CategoryTOC,10,0,0
7761,Template:CategoryTOC/doc,10,0,0
7762,Template:TOC top,10,0,0
7763,Template:TOC top/doc,10,4,0
7764,Template:TOC bottom,10,0,0
7765,Template:TOC bottom/doc,10,2,0
7767,Template:Category TOC,10,0,0
7768,Template:Category TOC/doc,10,5,0
7769,Template:Tl,10,0,0
7770,Template:Tl/doc,10,3,0
7771,Template talk:Infobox omuntu,11,0,0
7775,Lungereza,0,0,0
7776,Template:Infobox lulimi,10,0,0
7777,Template:Sfn,10,0,0
7778,Template:Sfn/doc,10,2,0
7779,Kabaka,0,0,0
7780,Talk:Ekipimiso ky'Obufumbekevu(PH Scale),1,1,0
7781,Template:Pp,10,0,0
7782,Module:Protection banner,828,0,0
7783,Template:Pp-semi,10,0,0
7784,Module:Protection banner/doc,828,11,0
7785,Template:High-use,10,0,0
7786,Module:File link,828,0,1
7787,Module:Effective protection level,828,0,0
7788,Module:Effective protection expiry,828,0,0
7789,Module:Protection banner/config,828,0,0
7792,Caroline Kamya,0,5,0
7793,Kigali,0,0,0
7794,Naruhito,0,0,1
7795,Ruth Wanyana,0,2,0
7796,Abu Kawenja,0,3,0
7798,User:SELWANGA RICHARD,2,0,0
7799,User:Ssenkungu ivan,2,0,0
7800,User:Mbabaali Ibrahim,2,0,0
7801,Charles Mayiga,0,5,0
7802,Queen Elizabeth National Park,0,5,2
7803,Olukangaga lw'amalwaliro mu Uganda,0,10,0
7804,Ekkuumiro ly'ebisolo erya Kigezi,0,1,0
7805,Ekkuumiro ly'ebisolo erya Rwenzori Mountains National Park,0,5,1
7806,User:Kajoovi,2,0,0
7807,Muteesa I of Buganda,0,10,0
7808,Buddu,0,4,0
7809,Ekkuumiro ly'ebisolo erya Bwindi,0,8,6
7810,Ssekabaka Daudi Cwa II,0,7,0
7811,User:Erokhin,2,0,0
7812,Bugema University,0,15,0
7813,Ekkuumiro ly'ebisolo erya Kidepo Valley,0,12,2
7814,Mulago National Specialised Hospital,0,8,0
7815,Essomero lya Kibuli Sekendule,0,6,0
7816,Essomero lya Christian Upliftment,0,1,0
7817,Essomero lya Rubaga Community,0,3,0
7818,Essomero lya Française Les Grands Lacs,0,2,0
7820,Ekkuumiro ly'ebisolo erya Lake Mburo,0,5,0
7821,Ekkuumiro ly'ebisoro erya Murchison Falls,0,7,1
7822,Ekkuumiro ly'ebisolo erya Katonga,0,5,0
7823,Ekkuumiro ly'ebisolo ly'e Entebbe,0,1,0
7824,Ekkuumira ly'amazike erya Mgahinga,0,7,0
7825,Ssemaduuka za Quality,0,6,0
7826,Mikheil Saakashvili,0,0,1
7828,User:Pratyya Ghosh/WSign.js,2,0,0
7829,Saskhori,0,0,1
7830,Zviad Gamsakhurdia,0,0,1
7831,User:Bukenya Shafick,2,0,0
7832,User:מושך בשבט/WSign.js,2,0,0
7834,User talk:RacoonyRE,3,0,1
7835,Joyce Bagala,0,7,0
7836,Shamim Malende,0,4,0
7837,Persis Namuganza,0,7,0
7838,User:Alvinategyeka/Beti Kamya-Turwomwe,2,4,0
7839,Beti Kamya,0,4,0
7840,Hellen Obura,0,4,0
7841,User:Alvinategyeka/Hellen Obura,2,4,0
7842,Angelline Osegge,0,5,0
7843,Cornelia Sabiiti,0,3,0
7844,Barbara Nekesa Oundo,0,4,0
7845,Evelyn Anite,0,6,0
7846,Edith Mary Bataringaya,0,7,0
7847,Anita Among,0,7,0
7848,Radoje Domanović,0,4,0
7849,Sarah Najjuma,0,4,0
7850,Agnes Taaka,0,5,0
7851,Florence Akiiki Asiimwe,0,3,0
7852,Dorcus Acen,0,4,0
7853,Mary Karooro Okurut,0,7,0
7854,Winnie Byanyima,0,7,0
7855,User:Alvinategyeka/Winnie Byanyima,2,0,0
7856,Anna Ebaju Adeke,0,5,0
7857,Idah Nantaba,0,8,0
7858,Lilian Aber,0,2,0
7859,Veronica Namaganda Nanyondo,0,6,0
7860,Munnayuganda,0,0,0
7861,Janet Grace Akech Okori-Moe,0,5,0
7862,Agnes Atim Apea,0,5,0
7863,Betty Louke Chelain,0,3,0
7864,Susan Achola Engola,0,3,0
7865,Resty Nanteza,0,3,0
7866,Ndamira Atwakire,0,4,1
7867,Agnes Nandutu,0,5,0
7868,Mary Paula Kebirungi Turyahikayo,0,6,0
7869,Betty Ethel Naluyima,0,3,0
7870,Christine Tubo Nakwang,0,6,1
7871,Emma Boona,0,5,0
7872,Norah Bigirwa-Nyendwoha,0,4,0
7873,Juliet Kyinyamatama Suubi,0,5,0
7874,Kevin Ojinga Kaala,0,3,0
7875,Maria Mutagamba,0,5,0
7876,Winnie Nanyondo,0,7,1
7877,Pamela Nasiyo Kamugo,0,3,0
7878,Nandagire Christine Ndiwalana,0,2,0
7879,Betty Oyella Bigombe,0,4,0
7880,Annet Katusiime Mugisha,0,6,0
7881,Hellen Auma Wandera,0,4,0
7882,Ndamira Catherine Atwikiire,0,2,0
7883,Janet Museveni,0,7,0
7884,Aisha Sekindi,0,5,0
7885,Janet Kataaha Museveni,0,7,0
7887,Grace Akello,0,7,1
7888,Cissy Dionizia Namujju,0,6,0
7889,Hanifa Kawooya,0,6,0
7890,Irene Muloni,0,5,0
7891,Janat Mukwaya,0,5,0
7892,Victoria Sekitoleko,0,1,7
7893,Zomura Manezo,0,2,0
7894,Judith Peace Achan,0,3,0
7895,Agnes Acibu,0,2,0
7896,Sarah Kayaki Netalisile,0,2,0
7897,Victorious Zawedde,0,2,0
7898,Hanifa Nabukeera,0,2,0
7901,User talk:InternetArchiveBot,3,0,0
7906,User:Snaevar,2,0,0
7907,User:ZI Jony/minerva.js,2,0,0
7909,Corbin Bleu,0,0,1
7910,User talk:About672599,3,0,0
7911,User talk:Nzewasajja,3,1,0
7912,OKUBAKA OMUPIIRA,0,0,0
7913,User:AKibombo,2,0,0
7914,User:Nakatudde Winnie,2,0,0
7915,User talk:Nambogo Catharine,3,0,0
7916,User talk:Nakatudde Winnie,3,0,0
7917,User:Nambogo Catharine,2,0,0
7918,Robinah Nabbanja,0,1,0
7919,Nabbanja,0,1,0
7920,Amazi,0,0,0
7921,Empumumpu,0,0,0
7922,Ekikata,0,0,0
7923,Amalagala,0,0,0
7924,Esther Mbulakubuza Mbayo,0,5,0
7925,Jesca Ababiku,0,0,0
7926,Beatrice Were,0,2,0
7927,Joel Ssenyonyi,0,1,0
7928,User:Harriet Nambooze,2,0,0
7929,Abdu Katuntu,0,0,0
7930,Sarah Achieng Opendi,0,4,0
7931,Edward Rugumayo,0,5,0
7932,Francis K. Butagira,0,7,0
7933,Francis Zaake,0,5,0
7934,John Bowes Griffin,0,6,0
7935,James Wapakhabulo,0,5,0
7936,Meddie Kaggwa,0,7,0
7937,Ssekabaka Mutesa II,0,11,0
7938,Frank Tumwebaze,0,7,0
7939,Ow'ekitiibwa Edward Kiwanuka Ssekandi,0,4,0
7940,Thomas Tayebwa,0,5,0
7941,Rebecca Kadaga,0,7,0
7942,Jacob Oulanyah,0,4,0
7943,Monica Musenero,0,6,0
7944,Diana Atwine,0,5,0
7945,Aggrey Bagiire,0,2,0
7946,Abed Bwanika,0,4,0
7947,Moses Ali,0,4,0
7948,Moses Magogo Hassim,0,1,0
7949,Charles Bakkabulindi,0,5,0
7950,Chris Baryomunsi,0,9,1
7951,Jeje Odongo,0,4,0
7952,Musa Ecweru,0,6,0
7953,Michael Lulume Bayigga,0,5,0
7954,Peter Elwelu,0,3,0
7955,Vincent Ssempijja,0,4,0
7956,Ruth Nankabirwa,0,5,0
7957,David Bahati,0,5,0
7958,Mary Begumisa,0,5,0
7959,Harriet Businge,0,5,0
7960,Denis Obua,0,6,0
7961,Oliver Katwesigye Koyekyenga,0,3,0
7962,Justine Lumumba Kasule,0,3,0
7963,Ebyafaayo bya Uganda,0,11,1
7964,Henry Oryem Okello,0,6,0
7965,Betty Amongi,0,6,0
7966,National Resistance Movement,0,9,0
7967,Jessica Alupo,0,4,0
7968,Jim Muhwezi,0,6,0
7969,Omulangirizi,0,5,2
7970,Allan Ssewanyana,0,6,0
7971,Muhammad Nsereko,0,3,0
7972,Wilson Muruli Mukasa,0,5,0
7973,Ibrahim Ssemujju Nganda,0,4,0
7974,Nanyondo Birungi Carolyn,0,3,0
7975,"Muwenda Mutebi II, Kabaka wa Buganda",0,10,2
7976,Theodore Ssekikubo,0,4,0
7977,Joyce Nabbosa Ssebugwawo,0,2,0
7978,Nandala Mafabi,0,6,0
7979,Solomon Iguru I,0,8,0
7980,Jane Aceng,0,8,0
7982,Sam Mangusho Cheptoris,0,4,0
7983,Kahinda Otafiire,0,3,0
7984,Katumba Wamala,0,4,0
7985,Raphael Magyezi,0,5,0
7986,Amama Mbabazi,0,4,0
7987,Hilary Onek,0,13,0
7988,Kiryowa Kiwanuka,0,6,0
7989,User talk:Yahya,3,0,0
7990,MediaWiki:GrowthExperimentsConfig.json,8,0,0
7991,MediaWiki:NewcomerTasks.json,8,0,0
7995,User talk:Mark Dingemanse,3,0,0
7996,The Carpenters,0,2,1
8000,The Doors,0,2,1
8001,Lutembe Bay,0,2,0
8002,Uganda National Cultural Centre,0,6,0
8003,Buvuma Island,0,9,0
8004,Mpanga Central Forest Reserve,0,7,2
8005,Ennyanja Wamala,0,6,2
8006,Nakaseke,0,6,1
8009,Mabira Forest,0,5,2
8010,User talk:Mr.SeoDayi,3,1,0
8012,Payisoggolaasi (Pythogoras),0,0,0
8013,Pythagoras,0,0,0
8014,Poland,0,0,0
8015,Turkey,0,0,0
8016,User talk:Lulu Okulista,3,1,0
8017,User talk:Deborahjay,3,0,0
8018,Talk:Makerere y'akubiri ku ssemazinga,1,1,0
8019,Talk:Abakulembeze ba Uganda,1,1,0
8020,Talk:Ssekabaka Mutesa II,1,1,0
8021,Belgium,0,0,0
8022,User talk:Allem9,3,1,0
8023,France,0,0,0
8024,Talk:Swiiden,1,1,0
8025,Africa,0,0,0
8026,Russia,0,0,0
8027,Lake Wamala,0,0,0
8028,Lake Albert,0,0,0
8029,Lake Mobutu Sese Seko,0,0,0
8030,Category talk:Sea,15,1,0
8031,Solomon iguru,0,0,0
8032,Bacteria,0,0,0
8033,Robert Kyagulanyi Ssentamu,0,0,0
8034,Talk:Enkoko,1,1,0
8035,Talk:Nabbanja,1,1,0
8036,Talk:Robinah Nabbanja,1,1,0
8037,Category:Cayina,14,0,0
8038,Talk:Makerere University,1,1,0
8039,Polotozoowa(Protozoa),0,0,0
8040,Protozoa,0,0,0
8041,Geography,0,0,0
8042,Dimiti Mandeevu (Dmitri Mandeleev,0,0,0
8043,Dmitri Mendeleev,0,0,0
8044,Ekigeranyabudde(Climate),0,0,0
8045,Climate,0,0,0
8046,Category talk:Capitals of the World,15,1,0
8047,Ekitengejjo (Floatation),0,0,0
8048,Flotation,0,0,0
8049,Molekyo(Molecule),0,0,0
8050,Talk:Akazitoya (Molecule),1,1,0
8051,Category:Mpigi,14,0,0
8052,Mexico,0,1,0
8053,User talk:Abuse filter,3,1,0
8054,Enjuba,0,0,3
8055,Omwezi,0,0,2
8056,Category:Essomabwengula,14,0,0
8057,Ekibulungulo (satellite),0,0,0
8058,Satellite,0,0,0
8059,Talk:Okutana,1,1,0
8060,Ekipuluko(Volcano),0,0,0
8061,Volcano,0,0,0
8062,User:Kakonjo,2,0,0
8063,Sembuya Nalumu Mary,0,2,0
8064,Yafesi Magulu,0,2,0
8065,Afrika,0,0,0
8066,User:Vit Koz,2,0,0
8067,User:Bayburtlum,2,0,0
8068,John Chrysestom Muyingo,0,5,0
8069,User:Harriet Nambooze/James Mulwana,2,5,0
8071,User:Solomon Suubi,2,0,0
8072,User:Deogratius Kiwanuka,2,0,0
8073,User:Ssekaggo Emmanuel,2,0,0
8074,User:Esther Stellah,2,0,0
8075,User:SAUYAH NAMWANJE,2,0,0
8076,User:Ssuuna Peter,2,0,0
8077,User:Samson Ssemakadde,2,0,0
8078,Rita Atukwasa,0,4,1
8079,Dorothy Nyakato,0,4,1
8080,Jackie Senyonjo,0,6,0
8081,Margaret Aachilla Aleper,0,7,0
8082,Sheila Nduhukire,0,3,0
8083,Alice Alaso,0,3,0
8084,Lydia Mugambe,0,5,0
8085,Victoria Nalongo Namusisi,0,9,0
8086,Stella Isodo Apolot,0,3,0
8087,Baby Gloria,0,9,0
8088,"Talk:Emmanuel College Kazo, Kampala",1,1,0
8089,Alice Kaboyo,0,0,0
8090,User:Kalemabenjamin,2,0,0
8092,Mugisha Muhanga Margaret,0,7,0
8093,Sylvia Muzila,0,6,0
8094,Sylvia Nayebale,0,4,0
8095,Grace Kaudha,0,5,0
8096,Hellen Adoa,0,5,0
8097,Namaganda Susan,0,6,0
8098,Rose Mwebaza,0,3,1
8099,Lucy Achiro Otim,0,6,0
8100,Judith Adong,0,4,0
8101,Kyokuhairwa Kyaka Vicky,0,1,0
8102,Namaganda Christine,0,1,0
8103,Kiboijana Margaret N,0,3,0
8104,Jane Frances Kuka,0,8,0
8105,Susan Muwonge,0,4,0
8106,Derrick Nyeko,0,4,0
8107,Angella Katatumba,0,5,0
8108,Cerinah Nebanda,0,2,0
8109,Victoria Kakoko Sebagereka,0,7,0
8110,Joana Ntaja,0,5,0
8111,Miss Uganda,0,2,0
8112,Angelina Wapakhabulo,0,5,0
8113,Ampaire Shakira,0,5,0
8114,Madagascar (firimu),0,1,0
8115,Rosebell Kagumire,0,5,1
8116,Babungi Josephine Bebona,0,4,0
8117,Olukoongo,0,0,0
8118,Ruth Molly Lematia,0,3,0
8119,Nvumetta Ruth Kavuma,0,6,1
8121,Angella Emurwon,0,4,0
8122,Doreen Kabareebe,0,6,0
8123,Baskin-Robbins,0,0,0
8124,Kiiza Eron,0,8,0
8125,Primah Kwagala,0,4,0
8126,Eddy Yawe,0,7,0
8127,Kayinga Muddu Yisito,0,4,0
8128,Immaculate Akello,0,4,0
8129,Aamito Lagum,0,5,0
8130,Hilda Flavia Nakabuye,0,3,0
8131,Franc Kamugyisha,0,6,1
8135,Ebyeddusa(Automobile),0,0,0
8136,User talk:King Mowzey,3,0,0
8137,User:King Mowzey,2,0,0
8138,Lisangá lya Bikólo bya Molɔ́ngɔ́,0,0,0
8147,Frida Kahlo,0,0,1
8148,User talk:MdsShakil/header,3,0,2
8149,User talk:MdsShakil,3,0,0
8150,User:Yunzheng Chan,2,1,0
8151,User talk:Velimir Ivanovic,3,1,0
8152,Zzaabu (Gold),0,0,0
8153,Fololiini (Fluoline),0,0,0
8154,Aluminiyamu(Alminium),0,0,0
8155,Kololiini (Chroline),0,0,0
8156,User:Maroon Kanzu,2,0,1
8157,User talk:Maroon Kanzu,3,0,1
8158,Category:Ennyimba,14,0,0
8159,Category:Bwawandikibwa,14,0,0
8160,User:Wasswa joseph male,2,0,0
8161,User:PAUL GALIWANGO,2,0,0
8162,User:Lawrence Kizito,2,0,0
8163,User:Sharon Nabasirye,2,0,0
8164,Jessica Nabongo,0,4,0
8165,Apollo Makubuya,0,8,0
8166,Ada Ehi,0,8,0
8167,Denis Zakaria,0,13,0
8168,Lawrence Mulindwa,0,3,0
8169,Armando Broja,0,16,0
8170,Gavi (footballer),0,9,0
8171,Eleanor Nabwiso,0,6,0
8172,Ian Wright,0,5,0
8173,Robin van Persie,0,5,3
8174,Kieran Tierney,0,14,0
8175,Sinach,0,3,0
8176,Robert Kayanja,0,7,0
8177,User:Eric Luth (WMSE)/Sandbox,2,0,1
8178,Eric Luth (WMSE)/Sandbox,0,0,0
8179,Florence Nakiwala Kiyingi,0,7,0
8180,Virgil van Dijk,0,22,3
8181,Jennifer Ayoo,0,3,0
8182,David Obua,0,7,0
8183,Vinka (musician),0,5,0
8184,Grace Bantebya Kyomuhendo,0,6,0
8185,WOUGNET,0,5,1
8186,Susan Okalany,0,8,0
8187,Bethlehem Tilahun Alemu,0,6,0
8188,Shilla Omuriwe Buyungo,0,3,0
8189,Melia Likoswe Douglas,0,4,0
8190,Maurice Peter Kagimu Kiwanuka,0,3,0
8191,Fortunate Nantongo,0,3,0
8192,Pauline Kemirembe Kyaka,0,6,0
8193,Tereza Mbire,0,2,0
8194,Mathew Nabwiso,0,4,0
8195,Azawi,0,10,0
8196,Florence Kabugho,0,2,0
8197,Alex Mukulu,0,5,1
8198,Linda Agnes Auma,0,3,0
8199,Jovanice Twinobusingye,0,4,0
8200,Prudence Ukkonika,0,3,0
8201,Christine Nakimwero Kaaya,0,5,0
8202,Gloria Nansubuga,0,3,0
8203,Lilongwe,0,15,0
8204,Flavia Nabagabe Kalule,0,6,0
8205,Brenda Namukuta,0,3,0
8206,Glanis Changachirere,0,4,0
8207,Patience Nkunda Kinshaba,0,1,0
8208,Sugra Visram,0,5,0
8209,Shatsi Musherure Kutesa,0,2,0
8210,Justina Geraldine Najjuka,0,7,0
8212,Aloisea Inyumba,0,7,0
8213,Damilola Odufuwa,0,5,0
8214,Iriama Rose,0,2,0
8216,Ebyafaayo by'olugoye lw'embaga,0,5,1
8217,MediaWiki:GrowthMentors.json,8,0,0
8219,John Blaq,0,6,0
8220,Paragwayi,0,0,1
8221,Pius Adome,0,1,0
8222,Tarsis Orogot,0,2,0
8223,Davis Kamoga,0,1,0
8224,Abraham Chepkirwok,0,1,0
8225,Julius Achon,0,5,1
8226,Ronald Musagala,0,5,0
8227,Boban Zirintusa,0,10,0
8228,Daniel Kipkorir Chepyegon,0,2,0
8229,Stephen Kissa,0,1,0
8230,Lillian Mutuuzo,0,3,0
8231,Moses Ndiema Kipsiro,0,2,0
8232,Hassan Wasswa,0,5,0
8233,Uganda National Records Centre and Archives,0,5,0
8234,Jimmy Katumba,0,5,0
8235,Jacob Kiplimo,0,10,0
8236,Annet Nandujja,0,4,0
8237,Esther and Ezekiel,0,5,0
8238,Hannz Tactiq,0,7,0
8239,Ekisaawe ky'okuyimba mu Uganda,0,16,1
8240,Faith Kakembo,0,5,0
8241,Angela Kalule,0,7,0
8242,Giovanni Kiyingi,0,7,0
8243,Irene Ntale,0,5,0
8244,Uganda Broadcasting Corporation,0,4,0
8245,Cindy Sanyu,0,10,0
8246,NBS Television (Uganda),0,13,0
8247,NTV Uganda,0,8,0
8248,Baba TV,0,4,0
8249,Sanyuka TV Uganda,0,4,0
8250,Milton Obote,0,6,1
8251,Edith Nakiyingi,0,1,0
8252,Jackie Chandiru,0,5,0
8253,Blu*3,0,3,0
8254,Nick Nola,0,10,0
8255,Spice Diana,0,7,0
8256,Undercover Brothers Ug,0,8,0
8257,Samson Kisekka,0,1,0
8258,Alimansi Kadogo,0,2,0
8259,Saidi Kyeyune,0,3,0
8260,97.7 Record FM,0,2,0
8261,Geofrey Kusuro,0,1,0
8262,Felix Chemonges,0,2,0
8263,Jean Baptiste Okello,0,2,0
8264,Kakyeka Stadium,0,1,0
8265,John Akii-Bua,0,3,0
8266,Boniface Abel Sikowo,0,2,0
8267,Simon Ayeko,0,4,0
8268,Okuyimba mu Uganda,0,17,1
8269,Fred Rwigyema,0,5,0
8270,Vampino,0,7,0
8271,Radio One FM,0,1,0
8272,Jackie Akello,0,9,0
8273,New Vision (olupapula lw'amawulire),0,7,0
8274,Rachael Kungu,0,5,0
8275,Ruth Kyalisima,0,1,0
8276,Assani Bajope,0,3,0
8277,Leila Kayondo,0,3,0
8278,Ekibiina kya Conservative Party (Uganda),0,2,1
8279,Fille Mutoni,0,6,0
8280,Frank Mbalire,0,6,0
8281,Mukotani ng'ayimba,0,1,0
8282,Mukotani Rugyendo,0,1,0
8283,Ruyonga,0,4,0
8284,Sandra Suubi,0,5,0
8285,The mith,0,4,0
8286,Kabaka Yekka,0,5,0
8287,91.3 Capital FM,0,4,0
8288,Ali Kimera,0,2,0
8289,Abu Mayanja,0,11,1
8290,Kataleya ne Kandle,0,6,1
8291,Oluguudo lwa Swangz,0,4,0
8292,Swangz Avenue,0,4,0
8293,Desire Luzinda,0,11,0
8294,Grace Ibingira,0,7,2
8295,Mariam Ndagire,0,7,0
8296,Kizza Besigye,0,11,0
8297,Gilbert Bukenya,0,6,0
8298,Lillian Mbabazi,0,6,0
8299,Judith Babirye,0,9,0
8300,Grace Buzu,0,2,0
8301,94.8 XFM,0,3,0
8302,Stella Chesang,0,5,0
8303,CBS FM Buganda,0,6,2
8304,Sylver Kyagulanyi,0,4,0
8305,Radio Muhabura,0,2,0
8306,Radio Simba,0,2,0
8307,Radio West (Uganda),0,3,0
8308,User:Emmanuel Ssekaggo,2,0,0
8309,Ken Lukyamuzi,0,5,0
8310,Ekisaawe kya Nakivubo,0,4,0
8311,Joanita Kawalya,0,7,0
8312,Paulo Kafeero,0,3,0
8313,Forum for Democratic Change (FDC),0,9,0
8314,User:Jhaliya,2,0,0
8315,National Unity Platform,0,7,0
8316,Ekitongole kya National Social Security Fund (Uganda),0,11,0
8317,Jowaash Mayanja Nkangi,0,7,0
8318,Bunamwaya Stadium,0,0,0
8319,Paul Hasule,0,1,0
8320,Express FC,0,8,2
8321,St. Mary's Stadium-Kitende,0,2,0
8322,Ekisaawe kya Mutesa II,0,1,0
8323,Ekisaawe ky'eggwanga ekya Mandela,0,6,0
8324,Ekisaawe ky'e Lugogo,0,2,0
8325,Moses Golola,0,2,0
8326,Charles Peter Mayiga,0,6,0
8327,Ttiimu ya Vipers SC,0,8,4
8328,Kiraabu ya Vipers SC,0,8,4
8329,Ekisaawe kya Lugogo Stadium,0,2,0
8330,Wilson Bugembe,0,6,0
8331,Lutikko ya Rubaga,0,5,0
8332,Kilaabu ya Victors FC,0,5,0
8333,Kilaabu ya SC Victoria University,0,4,0
8334,Uganda Revenue Authority SC,0,6,1
8335,Ruhakana Ruganda,0,6,0
8336,Philly Bongole Lutaaya,0,5,2
8337,Apolo Nsibambi,0,5,0
8338,Sophie Gombya,0,7,0
8339,Tooro United FC,0,5,0
8340,Abraham Waligo,0,2,0
8341,Kampala Capital City Authority FC,0,16,2
8342,Egbert Udo Udoma,0,4,0
8343,Otema Allimadi,0,2,0
8344,Paul Ssemogerere,0,0,0
8345,Kilaabu ya Simba FC,0,5,1
8346,Sandra Nankoma,0,7,0
8347,Shafik Batambuze,0,2,0
8348,Kilaabu ya SC Villa,0,15,2
8349,Giosue Bellagambi,0,5,0
8350,Flavia Tumusiime,0,9,0
8351,Rolling Stone (Uganda),0,5,0
8352,Mugisha Muntu,0,7,0
8353,Federation of Uganda Football Associations,0,25,0
8354,Pallaso,0,7,0
8355,Kintu Musoke,0,4,0
8356,AK 47 Mayanja,0,6,0
8357,John Mikloth Magoola Luwuliza-Kirunda,0,8,0
8358,GNL Zamba,0,6,0
8360,Nnakyemalira,0,0,0
8361,Omuzira Omusiru,0,5,0
8362,Navio (rapper),0,7,0
8364,Benedicto Kiwanuka,0,2,0
8365,Uganda People's Congress,0,10,1
8366,Lutikko ya Namirembe,0,7,2
8367,Talk:Draft:nnakyemalira,1,0,0
8368,John Ssebaana Kizito,0,7,0
8369,Paul Ssemogerere (munnabyabufuzi),0,7,0
8370,Eddwaliro lya Mengo Hospital,0,6,0
8371,Norbert Mao,0,5,0
8372,Dorcus Inzikuru,0,10,0
8373,Wilberforce Nadiope,0,0,0
8374,Samuel Wako Wambuzi,0,5,0
8375,Jose Chameleone,0,11,0
8376,Sheebah Karungi,0,8,0
8377,Steven Kavuma,0,5,0
8378,Bart Magunda Katureebe,0,6,0
8379,Allan Toniks,0,4,0
8380,Alfonse Owiny-Dollo,0,6,0
8381,George Cosmas Adyebo,0,5,0
8382,Goodlyfe Crew,0,10,0
8383,Patrick Amuriat,0,4,0
8384,Abayimbiramu kibiina kye bayita 'Goodlyfe',0,8,0
8385,Mustafa Adrisi,0,7,0
8386,John Babiiha,0,7,0
8387,Eddy Kenzo,0,8,0
8388,Aloysius Bugingo,0,4,0
8389,Herman Basudde,0,5,1
8392,"Ekizimbe kitongole ekivunanyizibwa ku kulwanyisa obuli bw'enguzi, n'enkozesa y'a Offisi z'a Gavumenti mu Uganda",0,6,0
8393,Ekizimbe kya Uganda Inspectorate of Government,0,6,0
8394,Ekkomera eddene ery'e Kitalya,0,6,0
8395,Ekkomera elisinga obukuumi ery'e Kitalya,0,6,0
8396,Ekibiina kya Democratic Party(Uganda),0,11,0
8397,Ekkomera ly'e Kitalya,0,6,0
8398,Ekkomera ly'e Luzira,0,0,0
8399,Anne Kansiime,0,7,1
8400,Savio Kabugo,0,11,0
8401,Ettoffaali,0,0,0
8402,Ekkomera lye Makindye,0,1,0
8403,Andrew Kayiira,0,4,0
8404,Holy Keane Amooti,0,5,0
8405,Aziz Azion,0,7,0
8406,Iryn Namubiru,0,7,0
8407,Sam Bagenda,0,5,0
8408,Papa Cidy,0,3,0
8409,Uganda Business Facilitation Centre,0,4,0
8411,Emmunyeenye,0,0,0
8412,Peace Proscovia,0,5,0
8414,Bebe Cool,0,8,0
8415,Stecia Mayanja,0,8,0
8416,Sister Charity,0,4,0
8417,Ragga Dee,0,4,0
8418,DJ Mavious,0,5,1
8419,Canary Mugume,0,3,0
8420,Mac Elvis,0,7,0
8421,Chris Evans Kaweesi,0,4,0
8422,"Fort Lugard, Kampala",0,5,0
8423,Exodus (omuyimbi),0,7,0
8424,Omuzikiti gwa Uganda National Mosque,0,5,3
8425,Lubaga Hospital,0,6,0
8426,Ekkomera ly'e Makindye,0,1,0
8427,Lumala Abdu,0,10,0
8428,Brian Aheebwa,0,5,0
8429,Bright Anukani,0,2,0
8430,Khalid Aucho,0,12,0
8431,Flex D'Paper,0,15,0
8432,Wilberforce Kityo Luwalira,0,1,0
8433,Dunstan Nsubuga,0,1,0
8434,Fresh Kid,0,6,0
8435,Timothy Awany,0,3,0
8436,Micheal Azira,0,8,0
8437,Gabriel K,0,3,0
8438,Sam Gombya,0,7,0
8439,Hamis Kiiza,0,2,0
8440,Oliver Acii,0,1,0
8441,Mercyline Chelangat,0,2,0
8442,Beenie Gunter,0,5,1
8443,Essaza Ekkulu erya Kampala (Eklezia Katolika),0,14,2
8444,Isaiah Katumwa,0,5,0
8445,Maurice Kirya,0,6,0
8446,Majid Musisi,0,5,0
8447,David Lutalo,0,4,0
8448,Farouk Miya,0,5,0
8449,Omunazalesi mariam,0,0,0
8450,Moses Matovu,0,5,0
8451,Peter Miles (omuyimbi),0,5,0
8452,Benon Mugumbya,0,5,0
8453,Martin Kayongo-Mutumba,0,14,0
8454,Haka Mukiga,0,6,0
8455,Benjamin Josses Odoki,0,9,0
8456,Diana Nabatanzi,0,6,0
8457,Ismail Watenga,0,3,0
8458,Herman Wasswa,0,1,0
8460,Asiimwe Deborah GKashugi,0,6,0
8461,Hellen Lukoma,0,7,0
8462,John Ruganda,0,4,0
8463,Patrick Mangeni,0,10,0
8464,Emyezi mu Mwaka,0,12,0
8465,Austin Bukenya,0,11,0
8466,Assumpta Oturu,0,4,0
8467,Suzan Kerunen,0,13,0
8468,Ekibinja kya Afrigo,0,6,0
8469,Ekibinja kya Bataka,0,3,0
8470,Madoxx Sematimba Sematimba,0,4,0
8471,Grace Nakimera,0,5,0
8472,Lydia Jazmine,0,6,0
8473,Godfrey Walusimbi,0,11,0
8474,User:Ibraheem Ahmad Ntakambi,2,0,0
8475,Denis Obua (omukubi w'omupiira),0,5,0
8476,Ekkanisa ya Uganda mu Buganda,0,18,0
8477,Badru Kateregga,0,6,0
8478,Omupiira mu Uganda,0,13,1
8479,Ray G,0,4,0
8480,Harriet Ntabazi,0,4,0
8481,Jean Sseninde,0,4,0
8482,Kipoi Tonny Nsubuga,0,3,0
8483,Julius Ssekitoleko,0,5,0
8484,Sam Ssimbwa,0,2,0
8485,Robert Ssejjemba,0,3,0
8486,David Otti,0,2,0
8487,Halimah Nakaayi,0,8,1
8488,Samalie Matovu,0,1,0
8489,Ekizimbe kya Equatoria,0,7,0
8490,Moses Nsereko,0,6,0
8491,Patrick Kaddu,0,14,0
8492,Irene Ajambo,0,3,0
8493,Godfrey Baligeya,0,2,0
8494,Caesar Okhuti,0,4,0
8495,James Onen,0,3,0
8496,Yunus Sentamu,0,9,0
8497,Richard Kasagga,0,13,0
8498,Joshua Wanume Kibedi,0,2,0
8499,Leila Kalanzi Kachapizo,0,4,0
8500,Asuman Basalirwa,0,3,0
8501,Nicholas Wadada,0,12,0
8502,Joseph Ochaya,0,6,0
8503,Joy Atim,0,7,0
8504,Isaac Muleme,0,6,0
8505,Peter Odeke,0,12,0
8506,Alex Onzima,0,4,0
8507,Aisha Kyomuhangi,0,11,0
8508,Ibrahim Sekagya,0,8,1
8509,Geofrey Massa,0,5,0
8510,Frank Kalanda,0,1,0
8511,Rahmah Pinky,0,3,0
8512,Nabilah Naggayi Sempala,0,4,0
8513,Eugene Sseppuya,0,3,0
8514,Bevis Mugabi,0,12,0
8515,Natasha Sinayobye,0,8,0
8516,Cecilia Ogwal,0,5,0
8517,Murushid Juuko,0,10,0
8518,Denis Onyango,0,13,0
8519,Robert Kakeeto,0,3,0
8520,Afrigo Band,0,6,0
8521,Vincent Kayizzi,0,4,0
8522,Brian Majwega,0,2,0
8523,Tony Mawejje,0,10,0
8524,Hamza Muwonge,0,2,0
8525,Doreen Mirembe,0,5,0
8526,Aggrey Awori,0,6,0
8527,Emmanuel Okwi,0,7,0
8528,Miria Matembe,0,8,0
8529,Justine Bayigga,0,2,0
8530,Fahad Bayo,0,9,0
8531,Stephen Bengo,0,3,0
8532,James Nsaba Buturo,0,5,0
8533,Ivan Bukenya,0,13,0
8534,Dan Wagaluka,0,1,0
8535,Moses Waiswa,0,4,0
8536,Rose Mbowa,0,5,0
8537,Innocent Wafula,0,7,0
8538,Jemimah Sanyu,0,9,0
8539,Brian Umony,0,14,0
8540,Geoffrey Sserunkuma,0,16,0
8541,Muhammad Shaban,0,4,0
8542,Postnet Omony,0,1,0
8543,Moses Oloya,0,5,0
8544,Teacher Mpamire,0,10,0
8545,Richard Sseruwagi,0,5,0
8546,Patrick Ssenjovu,0,7,1
8547,Namba ez'endagakifo(Ordinal Numbers),0,0,0
8548,User:Rubbish computer,2,0,0
8549,User:James500,2,0,0
8550,Ekituli ky'Ekizikiza,0,0,0
8551,Mwami Lengs,0,3,1
8552,User:LikamboisaacK/Mwami Lengs,2,0,0
8553,Mr Lengs,0,3,1
8554,User:Plunkton,2,0,0
8556,Ssematalo,0,4,0
8557,Mozdahir,0,3,1
8558,Cherif Mohamed Aly Aidara,0,4,1
8559,Cherif Al-Hassane Aidara,0,2,0
8560,Template:Bulaaya 2,10,0,0
8561,Albania,0,0,0
8562,Austria,0,0,0
8563,Armenia,0,0,0
8564,Andorra,0,0,0
8565,Bosnia ne Herzegovina,0,0,0
8566,Bulgaria,0,0,0
8567,Croatia,0,0,0
8568,Cyprus,0,0,0
8569,Czechia,0,0,0
8570,Finland,0,0,0
8571,Georgia,0,0,0
8572,Greece,0,0,0
8573,Spain,0,0,0
8574,Netherlands,0,0,0
8575,North Macedonia,0,0,0
8576,Ukraine,0,0,0
8577,Liechtenstein,0,0,0
8578,Ireland,0,0,0
8579,Hungary,0,0,0
8580,Switzerland,0,0,0
8581,Czech Republic,0,0,0
8582,Monaco,0,0,0
8583,Moldova,0,0,0
8584,Malta,0,0,0
8585,Luxembourg,0,0,0
8586,Lithuania,0,0,0
8587,San Marino,0,0,0
8588,Montenegro,0,0,0
8589,Slovakia,0,0,0
8590,Serbia,0,0,0
8591,Vatican,0,0,0
8592,Slovenia,0,0,0
8593,Portugal,0,0,0
8594,Italy,0,0,0
8595,Romania,0,0,0
8596,Great Britain,0,0,0
8597,Yei Joint Stars FC,0,0,0
8598,User:Yei Joint Stars FC,2,0,0
8599,Luka Deborah,0,0,0
8600,Tore Payam,0,0,0
8601,Template:Documentation/docspace,10,0,0
8602,Template:Documentation/end box,10,0,0
8603,Template:Pp-meta,10,0,1
8604,Template:Pp-template,10,0,0
8605,Template:Documentation/start box2,10,0,0
8606,Template:Documentation/start box,10,0,1
8607,Template:Fmbox,10,0,1
8608,User:STILL LIFE PICTURES,2,0,0
8609,User:Ekbk5321,2,0,0
8610,Template:Amagombolola g’e Georgia,10,0,0
8611,Template:Box de navigation,10,0,0
8612,"Essaza lye Floyd, Georgia",0,0,2
8613,"Appling County, Georgia",0,0,2
8614,"Atkinson County, Georgia",0,0,2
8615,"Bacon County, Georgia",0,0,2
8616,"Baker County, Georgia",0,0,2
8617,"Baldwin County, Georgia",0,0,2
8618,"Banks County, Georgia",0,0,2
8619,"Barrow County, Georgia",0,0,2
8620,"Bartow County, Georgia",0,0,2
8621,"Charlton County, Georgia",0,0,2
8622,"Crawford County, Georgia",0,0,2
8623,"Evans County, Georgia",0,0,2
8624,"Essaza lye Haralson, Georgia",0,0,2
8625,"Essaza lye Hancock, Georgia",0,0,2
8626,"Emanuel County, Georgia",0,0,2
8627,"Cook County, Georgia",0,0,2
8628,"Candler County, Georgia",0,0,2
8629,"Columbia County, Georgia",0,0,2
8630,"Essaza lye Hall, Georgia",0,0,2
8631,"Lanier County, Georgia",0,0,2
8632,"Laurens County, Georgia",0,0,2
8633,"Lee County, Georgia",0,0,2
8634,"Houston County, Georgia",0,0,2
8635,"Henry County, Georgia",0,0,2
8636,"Liberty County, Georgia",0,0,2
8639,"Ben Hill County, Georgia",0,0,2
8640,"Berrien County, Georgia",0,0,2
8641,"Carroll County, Georgia",0,0,2
8642,"Jasper County, Georgia",0,0,2
8643,"Jeff Davis County, Georgia",0,0,2
8644,"Essaza lye Glynn, Georgia",0,0,2
8645,"Essaza lye Dougherty, Georgia",0,0,2
8646,"Dooly County, Georgia",0,0,2
8647,"Dodge County, Georgia",0,0,2
8648,"Cherokee County, Georgia",0,0,2
8649,"Chattooga County, Georgia",0,0,2
8650,"Essaza lye DeKalb, Georgia",0,0,2
8651,"Essaza lye Decatur, Georgia",0,0,2
8652,"Essaza lye Franklin, Georgia",0,0,2
8653,"Essaza lye Forsyth, Georgia",0,0,2
8654,"Essaza lye Grady, Georgia",0,0,2
8655,"Essaza lya Early, Georgia",0,0,2
8656,"Clinch County, Georgia",0,0,2
8657,"Bulloch County, Georgia",0,0,2
8658,"Burke County, Georgia",0,0,2
8659,"Butts County, Georgia",0,0,2
8660,"Calhoun County, Georgia",0,0,2
8661,"Essaza lya Fannin, Georgia",0,0,2
8662,"Essaza lya Fayette, Georgia",0,0,2
8663,"Catoosa County, Georgia",0,0,2
8664,"Chatham County, Georgia",0,0,2
8665,"Chattahoochee County, Georgia",0,0,2
8666,"Dawson County, Georgia",0,0,2
8667,"Coweta County, Georgia",0,0,1
8668,"Elbert County, Georgia",0,0,1
8669,"Camden County, Georgia",0,0,1
8670,"Murray County, Georgia",0,0,1
8671,"Morgan County, Georgia",0,0,1
8672,"Oglethorpe County, Georgia",0,0,1
8673,"Madison County, Georgia",0,0,1
8674,"Jackson County, Georgia",0,0,1
8675,"Jefferson County, Georgia",0,0,1
8676,"Jenkins County, Georgia",0,0,1
8677,"Johnson County, Georgia",0,0,1
8678,"Jones County, Georgia",0,0,1
8679,"Lamar County, Georgia",0,0,1
8680,"Habersham County, Georgia",0,0,1
8681,"Effingham County, Georgia",0,0,1
8682,"Echols County, Georgia",0,0,1
8683,"Colquitt County, Georgia",0,0,1
8684,"Washington County, Georgia",0,0,1
8685,"Taliaferro County, Georgia",0,0,1
8686,"Talbot County, Georgia",0,0,1
8687,"Pierce County, Georgia",0,0,1
8688,"Pike County, Georgia",0,0,1
8689,"McIntosh County, Georgia",0,0,1
8690,"McDuffie County, Georgia",0,0,1
8691,"Marion County, Georgia",0,0,1
8692,"Dade County, Georgia",0,0,1
8693,"Crisp County, Georgia",0,0,1
8694,"Montgomery County, Georgia",0,0,1
8695,"Schley County, Georgia",0,0,1
8696,"Twiggs County, Georgia",0,0,1
8697,"Cobb County, Georgia",0,0,1
8698,"Coffee County, Georgia",0,0,1
8699,"Bryan County, Georgia",0,0,1
8700,"Brooks County, Georgia",0,0,1
8701,"Bleckley County, Georgia",0,0,1
8702,"Clarke County, Georgia",0,0,1
8703,"Clay County, Georgia",0,0,1
8704,"Essaza lye Gordon, Georgia",0,0,1
8705,"Gwinnett County, Georgia",0,0,1
8706,"Essaza lye Greene, Georgia",0,0,1
8707,"Putnam County, Georgia",0,0,1
8708,"Webster County, Georgia",0,0,1
8709,"Wayne County, Georgia",0,0,1
8710,"Worth County, Georgia",0,0,1
8711,"Wilkinson County, Georgia",0,0,1
8712,"Wilkes County, Georgia",0,0,1
8713,"Wilcox County, Georgia",0,0,1
8714,"Essaza lye Douglas, Georgia",0,0,1
8715,"Clayton County, Georgia",0,0,1
8716,"Whitfield County, Georgia",0,0,1
8717,"Lumpkin County, Georgia",0,0,1
8718,"Screven County, Georgia",0,0,1
8719,"Wheeler County, Georgia",0,0,1
8720,"Oconee County, Georgia",0,0,1
8721,"Rabun County, Georgia",0,0,1
8722,"Essaza lye Heard, Georgia",0,0,1
8723,"Lowndes County, Georgia",0,0,1
8724,"Newton County, Georgia",0,0,1
8725,"Randolph County, Georgia",0,0,1
8726,"Richmond County, Georgia",0,0,1
8727,"Long County, Georgia",0,0,1
8728,"Lincoln County, Georgia",0,0,1
8729,"Essaza lye Hart, Georgia",0,0,1
8730,"Essaza lye Harris, Georgia",0,0,1
8731,"Terrell County, Georgia",0,0,1
8732,"Thomas County, Georgia",0,0,1
8733,"Tift County, Georgia",0,0,1
8734,"Toombs County, Georgia",0,0,1
8735,"Towns County, Georgia",0,0,1
8736,"Treutlen County, Georgia",0,0,1
8737,"Troup County, Georgia",0,0,1
8738,"Turner County, Georgia",0,0,1
8739,"Rockdale County, Georgia",0,0,1
8740,"Telfair County, Georgia",0,0,1
8741,"Monroe County, Georgia",0,0,1
8742,"Mitchell County, Georgia",0,0,1
8743,"Meriwether County, Georgia",0,0,1
8744,"Miller County, Georgia",0,0,1
8745,"Polk County, Georgia",0,0,1
8746,"Essaza lye Gilmer, Georgia",0,0,1
8747,"Macon County, Georgia",0,0,1
8748,"Irwin County, Georgia",0,0,1
8749,"Walker County, Georgia",0,0,1
8750,"Spalding County, Georgia",0,0,1
8751,"Paulding County, Georgia",0,0,1
8752,"Taylor County, Georgia",0,0,1
8753,"Tattnall County, Georgia",0,0,1
8754,"Quitman County, Georgia",0,0,1
8755,"Essaza lya Glascock, Georgia",0,0,1
8756,"Essaza lye Fulton, Georgia",0,0,1
8757,"Upson County, Georgia",0,0,1
8758,"Union County, Georgia",0,0,1
8759,"Pulaski County, Georgia",0,0,1
8760,"Sumter County, Georgia",0,0,1
8761,"Ware County, Georgia",0,0,1
8763,"Walton County, Georgia",0,0,1
8764,"Warren County, Georgia",0,0,1
8765,"Peach County, Georgia",0,0,1
8766,"Pickens County, Georgia",0,0,1
8767,"Stephens County, Georgia",0,0,1
8768,"Stewart County, Georgia",0,0,1
8769,"Seminole County, Georgia",0,0,1
8770,"White County, Georgia",0,0,1
8771,"Muscogee County, Georgia",0,0,1
8777,User:Tumbuka Arch,2,0,0
8778,Talk:OKULIMA ENNYAANYA,1,0,0
8779,Template:Amagombolola g’e Texas,10,0,0
8780,"Anderson County, Texas",0,0,1
8781,"Andrews County, Texas",0,0,1
8782,"Angelina County, Texas",0,0,1
8783,"Aransas County, Texas",0,0,1
8784,"Brown County, Texas",0,0,1
8785,"Bosque County, Texas",0,0,1
8786,"Bandera County, Texas",0,0,1
8787,"Archer County, Texas",0,0,1
8788,"Armstrong County, Texas",0,0,1
8789,"Caldwell County, Texas",0,0,1
8790,"Callahan County, Texas",0,0,1
8791,"Bowie County, Texas",0,0,1
8792,"Atascosa County, Texas",0,0,1
8793,"Austin County, Texas",0,0,1
8794,"Coryell County, Texas",0,0,1
8795,"Cameron County, Texas",0,0,1
8796,"Bastrop County, Texas",0,0,1
8797,"Baylor County, Texas",0,0,1
8798,"Bee County, Texas",0,0,1
8799,"Bell County, Texas",0,0,1
8800,"Brewster County, Texas",0,0,1
8801,"Culberson County,Texas",0,0,1
8802,"Essaza lye Fayette, Texas",0,0,1
8803,"Comal County, Texas",0,0,1
8804,"Essaza lye Floyd, Texas",0,0,1
8805,"Concho County, Texas",0,0,1
8806,"Coke County, Texas",0,0,1
8807,"Cass County, Texas",0,0,1
8808,"Cochran County, Texas",0,0,1
8809,"Named Harrisburg County, Texas",0,0,1
8810,"Essaza lye Guadalupe,Texas",0,0,1
8811,"Essaza lya Fannin, Texas",0,0,1
8812,"Crockett County, Texas",0,0,1
8813,"Crosby County,Texas",0,0,1
8814,"Kendall County, Texas",0,0,1
8815,"Hood County, Texas",0,0,1
8816,"Essaza lye Gonzales, Texas",0,0,1
8817,"Essaza lye Gaines,Texas",0,0,1
8818,"Edwards County, Texas",0,0,1
8819,"Essaza lye DeWitt, Texas",0,0,1
8820,"Houston County, Texas",0,0,1
8821,"Essaza lye Hale,Texas",0,0,1
8822,"Essaza lye Frio,Texas",0,0,1
8823,"Essaza lye Franklin, Texas",0,0,1
8824,"Essaza lye Duval, Texas",0,0,1
8825,"Eastland County, Texas",0,0,1
8826,"Delta County, Texas",0,0,1
8827,"Kerr County, Texas",0,0,1
8828,"Essaza lye Fisher, Texas",0,0,1
8829,"Menard County, Texas",0,0,1
8830,"Kent County, Texas",0,0,1
8831,"Essaza lye Hemphill, Texas",0,0,1
8832,"Essaza lye Goliad, Texas",0,0,1
8833,"Hays Count, Texas",0,0,1
8834,"Howard County, Texas",0,0,1
8835,"McCulloch County,Texas",0,0,1
8836,"Hudspeth County, Texas",0,0,1
8837,"Colorado County, Texas",0,0,1
8838,"Calhoun County, Texas",0,0,1
8839,"Martin County, Texas",0,0,1
8840,"Essaza lye Grayson, Texas",0,0,1
8841,"Essaza lye Hardin, Texas",0,0,1
8842,"Leon County, Texas",0,0,1
8843,"Loving County, Texas",0,0,1
8844,"Lamb County, Texas",0,0,1
8845,"Hunt County, Texas",0,0,1
8846,"Essaza lye Gregg, Texas",0,0,1
8847,"Essaza lye Foard, Texas",0,0,1
8848,"El Paso County, Texas",0,0,1
8849,"Cottle County, Texas",0,0,1
8850,"Crane County, Texas",0,0,1
8851,"Essaza lye Fort Bend, Texas",0,0,1
8852,"Kaufman County, Texas",0,0,1
8853,"Lampasas County, Texas",0,0,1
8854,"Jasper County,Texas",0,0,1
8855,"Jones County, Texas",0,0,1
8856,"Jackson County,Texas",0,0,1
8857,"Jack County, Texas",0,0,1
8858,"Irion County, Texas",0,0,1
8859,"Hopkins County, Texas",0,0,1
8860,"Essaza lya Falls, Texas",0,0,1
8861,"Essaza lye Deaf Smith,Texas",0,0,1
8862,"Childress County, Texas",0,0,1
8863,"Clay County, Texas",0,0,1
8864,"Motley County, Texas",0,0,1
8865,"Mason County, Texas",0,0,1
8866,"Lipscomb County, Texas",0,0,1
8867,"Kimble County, Texas",0,0,1
8868,"Karnes County, Texas",0,0,1
8869,"Jeff Davis County,Texas",0,0,1
8870,"Essaza lye Hidalgo, Texas",0,0,1
8871,"Essaza lye Harrison, Texas",0,0,1
8872,"Essaza lye Hamilton,Texas",0,0,1
8873,"Essaza lye Hansford,Texas",0,0,1
8874,"Essaza lye Galveston,Texas",0,0,1
8875,"Ellis County, Texas",0,0,1
8876,"Ector County, Texas",0,0,1
8877,"Essaza lye Freestone, Texas",0,0,1
8878,"Essaza lya Glasscock, Texas",0,0,1
8879,"Essaza lye Harris, Texas",0,0,1
8880,"Jim Wells County, Texas",0,0,1
8881,"Johnson County, Texas",0,0,1
8882,"Live Oak County, Texas",0,0,1
8883,"Lavaca County, Texas",0,0,1
8884,"King County, Texas",0,0,1
8885,"Kinney County, Texas",0,0,1
8886,"Jefferson County,Texas",0,0,1
8887,"Hill County, Texas",0,0,1
8888,"Matagorda County, Texas",0,0,1
8889,"McMullen County,Texas",0,0,1
8890,"McLennan County,Texas",0,0,1
8891,"Essaza lye Garza,Texa",0,0,1
8892,"Erath County, Texas",0,0,1
8893,"Essaza lye Hall,Texas",0,0,1
8894,"Essaza lye Grimes,Texas",0,0,1
8895,"Essaza lye Henderson, Texas",0,0,1
8896,"Panola County, Texas",0,0,1
8897,"Navarro County, Texas",0,0,1
8898,"Midland County, Texas",0,0,1
8899,"Marion County,Texas",0,0,1
8900,"Lubbock County, Texas",0,0,1
8901,"Liberty County, Texas",0,0,1
8902,"Lamar County, Texas",0,0,1
8903,"Knox County, Texas",0,0,1
8904,"Montgomery County, Texas",0,0,1
8905,"Maverick County, Texas",0,0,1
8906,"Oldham County, Texas",0,0,1
8907,"Ochiltree County, Texas",0,0,1
8908,"Montague County, Texas",0,0,1
8909,"Essaza lye Hartley, Texas",0,0,1
8910,"Essaza lye Haskell, Texas",0,0,1
8911,"Essaza lye Hardeman, Texas",0,0,1
8912,"Jim Hogg County,Texas",0,0,1
8913,"Hockley County, Texas",0,0,1
8914,"Nueces County, Texas",0,0,1
8915,"Mills County, Texas",0,0,1
8916,"Milam County, Texas",0,0,1
8917,"Lynn County, Texas",0,0,1
8918,"Limestone County, Texas",0,0,1
8919,"San Patricio County,Texas",0,0,1
8920,"Mitchell County, Texas",0,0,1
8921,"Newton County, Texas",0,0,1
8922,"Medina County, Texas",0,0,1
8923,"Madison County,Texas",0,0,1
8924,"Llano County, Texas",0,0,1
8925,"Lee County, Texas",0,0,1
8926,"Kleberg County, Texas",0,0,1
8927,"Hutchinson County, Texas",0,0,1
8928,"Moore County, Texas",0,0,1
8929,"La Salle County, Texas",0,0,1
8930,"Essaza lye Gray, Texas",0,0,1
8931,"Kenedy County, Texas",0,0,1
8932,"Castro Count, Texas",0,0,1
8933,"Briscoe County, Texas",0,0,1
8934,"Comanche Count, Texas",0,0,1
8935,"Bailey County, Texas",0,0,1
8936,"Camp County, Texas",0,0,1
8937,"Essaza lye Denton, Texas",0,0,1
8938,"Cooke County, Texas",0,0,1
8939,"Coleman County, Texas",0,0,1
8940,"Dallam County,Texas",0,0,1
8941,"Dallas County,Texas",0,0,1
8942,"Essaza lye Dickens, Texas",0,0,1
8943,"Essaza lye Dimmit, Texas",0,0,1
8944,"Donley County, Texas",0,0,1
8945,"Dawson County,Texas",0,0,1
8946,"Bexar County, Texas",0,0,1
8947,"Blanco County, Texas",0,0,1
8948,"Borden County, Texas",0,0,1
8949,"Burnet County, Texas",0,0,1
8950,"Brooks County, Texas",0,0,1
8951,"Brazos County, Texas",0,0,1
8952,"Scurry County,Texas",0,0,1
8953,"Red River County, Texas",0,0,1
8954,"Pecos County, Texas",0,0,1
8955,"Real County, Texas",0,0,1
8956,"Reagan County, Texas",0,0,1
8957,"Parmer County, Texas",0,0,1
8958,"Parker County, Texas",0,0,1
8959,"Randall County, Texas",0,0,1
8960,"Rains County, Texas",0,0,1
8961,"San Jacinto County,Texas",0,0,1
8962,"Tom Green County, Texas",0,0,1
8963,"Somervell County, Texas",0,0,1
8964,"Presidio County, Texas",0,0,1
8965,"Palo Pinto County, Texas",0,0,1
8966,"Reeves County, Texas",0,0,1
8967,"Orange County, Texas",0,0,1
8968,"Morris County, Texa",0,0,1
8969,"Potter County, Texas",0,0,1
8970,"Polk County, Texas",0,0,1
8971,"Stephens County, Texas",0,0,1
8972,"Sherman County, Texas",0,0,1
8973,"Nacogdoches County, Texas",0,0,1
8974,"Rusk County, Texas",0,0,1
8975,"Sabine County, Texas",0,0,1
8977,"San Augustine County, Texas",0,0,1
8978,"Refugio County, Texas",0,0,1
8979,"Brazoria County, Texas",0,0,1
8980,"Carson County, Texas",0,0,1
8981,"Chambers County, Texas",0,0,1
8982,"Cherokee County, Texas",0,0,1
8983,"Collin County, Texas",0,0,1
8984,"Collingsworth County, Texas",0,0,1
8985,"Essaza lya Gillespie,Texas",0,0,1
8986,"Roberts County, Texas",0,0,1
8987,"Robertson County, Texas",0,0,1
8988,"Taylor County, Texas",0,0,1
8989,"Runnels County, Texas",0,0,1
8990,"Shelby County, Texas",0,0,1
8991,"Throckmorton County, Texas",0,0,1
8992,"Stonewall County, Texas",0,0,1
8993,"Sterling County, Texas",0,0,1
8994,"Tyler County, Texas",0,0,1
8995,"Terry County, Texas",0,0,1
8996,"Webb County, Texas",0,0,1
8997,"Wharton County, Texas",0,0,1
8998,"Travis County, Texas",0,0,1
8999,"Shackelford County, Texas",0,0,1
9000,"Starr County, Texas",0,0,1
9001,"Tarrant County, Texas",0,0,1
9002,"Swisher County, Texas",0,0,1
9003,"Smith County, Texas",0,0,1
9004,"Val Verde County, Texas",0,0,1
9005,"Uvalde County, Texas",0,0,1
9006,"Sutton County, Texas",0,0,1
9007,"Van Zandt County, Texas",0,0,1
9008,"Walker County, Texas",0,0,1
9009,"Victoria County, Texas",0,0,1
9010,"Wilbarger County, Texas",0,0,1
9011,"Upshur County,Texas",0,0,1
9012,"Wilson County, Texas",0,0,1
9013,"Upton County, Texas",0,0,1
9014,"San Saba County,Texas",0,0,1
9015,"Schleicher County,Texas",0,0,1
9016,"Rockwall County, Texas",0,0,1
9017,"Titus County, Texas",0,0,1
9018,"Willacy County, Texas",0,0,1
9019,"Zavala County, Texas",0,0,1
9020,"Wheeler County, Texas",0,0,1
9021,"Wichita County, Texas",0,0,1
9022,"Zapata County, Texas",0,0,1
9023,"Young County,Texas",0,0,1
9024,"Yoakum County,Texas",0,0,1
9025,"Wood County, Texas",0,0,1
9026,"Washington County, Texas",0,0,1
9027,"Wise County, Texas",0,0,1
9028,"Winkler County, Texas",0,0,1
9029,"Trinity County,Texas",0,0,1
9030,"Waller County, Texas",0,0,1
9031,"Williamson County, Texas",0,0,1
9032,"Ward County, Texas",0,0,1
9033,"Terrell County, Texas",0,0,1
9034,Olutalo lwa Uganda ne Tanzania,0,2,0
9035,Template:Abbr,10,0,0
9036,"Template:Age in years, months, weeks and days",10,0,0
9037,Template:Aligned table,10,0,0
9038,Template:Bulleted list,10,0,0
9039,Template:Campaignbox,10,0,0
9040,Template:Campaignbox Uganda-Tanzania War,10,0,0
9041,Template:Campaignbox Uganda–Tanzania War,10,0,0
9042,Template:Military navigation,10,0,0
9043,Template:Category handler,10,0,0
9044,Template:Cold War,10,1,0
9045,Template:Cold war,10,0,0
9046,Template:Convert,10,0,0
9047,Eggye lya Uganda People's Defense Force,0,1,0
9048,Module:Citation/CS1/Utilities,828,0,0
9049,Module:Citation/CS1/Identifiers,828,0,0
9050,Template:IPAc-en,10,0,0
9051,Template:Lang-rus,10,0,0
9052,Module:Citation/CS1/styles.css,828,0,0
9053,Module:Catalog lookup link,828,0,0
9054,Template:Module other,10,0,0
9055,Template:Module rating,10,0,6
9056,Template:Ombox,10,0,0
9057,Template:Mbox templates (small),10,0,0
9058,Template:Mbox templates see also,10,0,0
9059,Module:Message box/ombox.css,828,0,0
9060,Module:Message box,828,0,1
9061,Module:Message box/configuration,828,0,0
9062,Template:Template link,10,0,0
9064,Module:Citation/CS1/Suggestions,828,0,0
9065,Module talk:Citation/CS1/COinS,829,2,0
9066,Template:Hatnote,10,0,0
9067,Module:Citation/CS1/COinS,828,0,0
9069,Template:IPA-ru,10,0,0
9070,Template:IPA,10,0,0
9071,Template:Language with name,10,0,0
9072,Template:Small,10,0,0
9073,Ebyenjigiriza mu Uganda,0,1,2
9074,Module:Convert,828,0,0
9075,Module:Convert/data,828,0,0
9076,Module:Convert/extra,828,0,0
9077,Module:Convert/helper,828,0,0
9078,Module:Convert/wikidata,828,0,0
9079,Module:ConvertNumeric,828,0,0
9080,Module:Convert/data/sandbox,828,0,0
9081,Module:Convert/doc,828,5,0
9082,Template:High-risk,10,0,0
9083,Module:High-use,828,0,3
9084,Template:Uses TemplateStyles,10,0,0
9085,Module:Uses TemplateStyles,828,0,1
9086,Module:List,828,0,0
9087,Module:Lua banner,828,0,1
9088,Module:Shortcut,828,0,0
9089,Module:Redirect,828,0,0
9090,Module:Shortcut/styles.css,828,0,0
9091,Module:Transclusion count/data/S,828,0,0
9092,Module:Template link general,828,0,0
9093,Template:Lua,10,0,0
9094,Template:Green,10,0,0
9095,Template:Cvt,10,0,0
9096,Module:Convert/wikidata/data,828,0,0
9097,Module:Convert/text,828,0,0
9098,Template:Transwiki guide,10,0,1
9099,Module:Transclusion count,828,0,0
9100,Module:TNT,828,0,0
9101,Module:Uses TemplateStyles/config,828,0,0
9102,Template:Fraction/styles.css,10,0,0
9103,Template:Sfrac/styles.css,10,0,0
9104,Uganda (1962–1963),0,0,0
9105,Pulezidenti wa Uganda,0,0,0
9106,Talk:Pulezidenti wa Uganda,1,0,0
9107,Disitulikiti za Uganda,0,0,0
9108,Obukuumi bwa Uganda,0,0,0
9109,Template:Preview warning,10,0,0
9110,Template:Plain link,10,0,0
9111,Template:Pipe,10,0,0
9112,Module:Documentation,828,0,2
9113,Module:Documentation/config,828,0,2
9114,Module:Documentation/styles.css,828,0,0
9115,Template:Sandbox other,10,0,0
9116,Template:Cs1,10,0,0
9117,Template:Cs2,10,0,0
9118,Module:Transclusion count/data/C,828,0,0
9119,Module:Citation/CS1/doc,828,0,2
9120,Template:Code,10,0,0
9121,Template:Used in system,10,0,0
9122,Module:Transclusion count/data/T,828,0,0
9123,Module:TableTools/doc,828,21,0
9124,Template:Yesno,10,0,0
9125,Template:Yesno-yes,10,0,0
9126,Template:Tlx,10,0,0
9127,Template:Template link expanded,10,0,0
9128,Module:Format link,828,0,0
9129,Module:Hatnote,828,0,0
9130,Module:Hatnote/styles.css,828,0,0
9131,Module:Hatnote list,828,0,0
9132,Template:Yesno-no,10,0,0
9133,Template:For,10,0,0
9134,Module:For,828,0,0
9135,Template:No redirect,10,0,0
9136,Template:Documentation subpage,10,0,1
9137,Module:Shortcut/config,828,0,0
9138,Template:TemplateData header,10,0,0
9139,Template:Template parameter usage,10,0,0
9140,Template:Template shortcut,10,0,0
9141,Template:Format TemplateData,10,0,0
9142,Module:Format TemplateData,828,0,0
9143,Module:Format TemplateData/config,828,0,0
9144,Template:Lua/doc,10,8,0
9145,Template:Plainlist/styles.css,10,0,0
9146,Template:Main other,10,0,0
9147,Template:Collapse top,10,0,0
9148,Template:Collapse bottom,10,0,0
9149,Template:Tag,10,0,0
9150,Template:Cob,10,0,0
9151,Template:Cot,10,0,0
9152,Module:Transclusion count/data/A,828,0,0
9153,Module:Arguments/doc,828,11,0
9154,Template:Str endswith,10,0,0
9155,Module:Navbar/configuration,828,0,0
9156,Module:Navbar/styles.css,828,0,0
9157,Module:Navbox/configuration,828,0,0
9158,Module:Navbox/styles.css,828,0,0
9159,Template:Tlc,10,0,0
9160,Template:Template link code,10,0,0
9161,Template:Template link with link off,10,0,0
9162,Template:Tlf,10,0,0
9163,Template:Tlbare,10,0,0
9164,Module:Transclusion count/data/M,828,0,0
9165,Template:Namespace and pagename-detecting templates,10,0,0
9166,Template:Main other/doc,10,4,0
9167,Template:Hlist/styles.css,10,0,0
9168,Module:Navbox with collapsible groups,828,0,0
9169,Template:Div col,10,0,0
9170,Template:Div col/styles.css,10,0,0
9171,Template:Div col end,10,0,0
9172,Module:Aligned table,828,0,0
9173,Template:String-handling templates,10,0,0
9174,Template:Str endswith/doc,10,2,0
9175,Module:Color contrast/doc,828,1,0
9176,Module:Citation/CS1,828,0,0
9177,Module:Citation/CS1/sandbox,828,0,0
9178,Module:Citation/CS1/sandbox/doc,828,0,0
9179,Module:Citation/CS1/Date validation/sandbox,828,0,0
9180,Module:Citation/CS1/Date validation/doc,828,0,0
9181,Module:Citation/CS1/Date validation/sandbox/doc,828,0,0
9182,Module:Citation/CS1/Utilities/sandbox,828,0,0
9183,Module:Citation/CS1/Utilities/doc,828,0,0
9184,Module:Citation/CS1/COinS/sandbox,828,0,0
9185,Module:Citation/CS1/COinS/doc,828,0,0
9186,Module:Citation/CS1/sandbox/styles.css,828,0,0
9187,Template:Catalog lookup link,10,0,0
9188,Module:Citation/CS1/Suggestions/sandbox,828,0,0
9189,Module:Citation/CS1/Suggestions/doc,828,0,0
9190,Module talk:Citation/CS1/Feature requests,829,16,2
9191,Template:Encodefirst,10,0,0
9192,Module:MultiReplace,828,0,0
9193,Template:Trim,10,0,0
9194,Template:For loop,10,0,0
9195,Module:For loop,828,0,0
9196,Template:Citation,10,0,0
9197,Module:Template wrapper,828,0,0
9198,Template:Replace,10,0,0
9199,Template:!-,10,0,0
9200,Template:Cite AV media,10,0,0
9201,Template:Talk quote inline,10,0,0
9202,Template:Talk quote inline/styles.css,10,0,0
9203,Template:Tq,10,0,0
9204,Template:!!,10,0,0
9205,Template:Section link,10,0,0
9206,Module:Section link,828,0,0
9207,Template:Slink,10,0,0
9208,Template:((,10,0,0
9209,Template:)),10,0,0
9210,Template:Hmbox,10,0,1
9211,Template:Resolved,10,0,0
9212,Template:Format linkr,10,0,0
9213,Template:Moved discussion to,10,0,0
9214,Module:Urldecode,828,0,0
9215,Template:Format item,10,0,0
9216,Template:Item,10,0,0
9217,Template:Markup,10,0,0
9218,Template:Markup/row,10,0,0
9219,Module:Item,828,0,0
9220,Template:!mxt,10,0,0
9221,Template:Mxt,10,0,0
9222,Template:Mdt,10,0,0
9223,Module:Citation/CS1/Configuration/sandbox,828,0,0
9224,Module:Citation/CS1/Whitelist/sandbox,828,0,0
9225,Module:Citation/CS1/Identifiers/sandbox,828,0,0
9226,Template:Cite compare,10,0,0
9227,Template:Cite book/new,10,0,0
9228,Module:Sandbox/Liangent/LanguageName,828,0,0
9229,Module:Cs1 documentation support,828,0,0
9230,Module:Cs1 documentation support/doc,828,1,0
9231,Template:Amagombolola g’e Kentucky,10,0,1
9232,"Adair County, Kentucky",0,0,1
9233,"Allen County, Kentucky",0,0,1
9234,"Anderson County,Kentucky",0,0,1
9235,"Ballard County, Kentucky",0,0,1
9236,"Bath County, Kentucky",0,0,1
9237,"Essaza lye Harrison, Kentucky",0,0,1
9238,"Bracken County, Kentucky",0,0,1
9239,"Essaza lye Grayson, Kentucky",0,0,1
9240,"Cumberland County, Kentucky",0,0,1
9241,"Crittenden County, Kentucky",0,0,1
9242,"Bullitt County, Kentucky",0,0,1
9243,"Butler County, Kentucky",0,0,1
9244,"Caldwell County, Kentucky",0,0,1
9245,"Calloway County, Kentucky",0,0,1
9246,"Campbell County, Kentucky",0,0,1
9247,"Boone County, Kentucky",0,0,1
9248,"Bell County, Kentucky",0,0,1
9249,"Bourbon County, Kentucky",0,0,1
9250,"Fleming County, Kentucky",0,0,1
9251,"Casey County, Kentucky",0,0,1
9252,"Essaza lye Greenup, Kentucky",0,0,1
9253,"Edmonson County, Kentucky",0,0,1
9254,"Daviess County, Kentucky",0,0,1
9255,"McCracken County, Kentucky",0,0,1
9256,"Carroll County, Kentucky",0,0,1
9257,"Boyd County, Kentucky",0,0,1
9258,"Boyle County, Kentucky",0,0,1
9259,"Breathitt County, Kentucky",0,0,1
9260,"Breckinridge County, Kentucky",0,0,1
9261,"Clinton County, Kentucky",0,0,1
9262,"Clark County, Kentucky",0,0,1
9263,"Christian County, Kentucky",0,0,1
9264,"Essaza lye Floyd, Kentucky",0,0,1
9265,"Essaza lye Franklin, Kentucky",0,0,1
9266,"Essaza lye Fulton, Kentucky",0,0,1
9267,"Henry County, Kentucky",0,0,1
9268,"Essaza lye Hart, Kentucky",0,0,1
9269,"Essaza lye Harlan, Kentucky",0,0,1
9270,"Essaza lye Fayette, Kentucky",0,0,1
9271,"Carter County, Kentucky",0,0,1
9272,"Estill County, Kentucky",0,0,1
9273,"Elliott County, Kentucky",0,0,1
9274,"Carlisle County, Kentucky",0,0,1
9275,"Barren County, Kentucky",0,0,1
9276,"Essaza lye Graves, Kentucky",0,0,1
9277,"Essaza lye Garrard, Kentucky",0,0,1
9278,"Essaza lye Grant, Kentucky",0,0,1
9279,"Essaza lye Hickman, Kentucky",0,0,1
9280,"Jackson County, Kentucky",0,0,1
9281,"Letcher County, Kentucky",0,0,1
9282,"Leslie County,Kentucky",0,0,1
9283,"Marshall County, Kentucky",0,0,1
9284,"Marion County, Kentucky",0,0,1
9285,"Jefferson County, Kentucky",0,0,1
9286,"Lyon County, Kentucky",0,0,1
9287,"Essaza lye Hancock, Kentucky",0,0,1
9288,"Essaza lye Hardin, Kentucky",0,0,1
9289,"Clay County, Kentucky",0,0,1
9290,"Essaza lye Henderson, Kentucky",0,0,1
9291,"LaRue County, Kentucky",0,0,1
9292,"Pike County, Kentucky",0,0,1
9293,"Mason County, Kentucky",0,0,1
9294,"Lawrence County, Kentucky",0,0,1
9295,"Essaza lye Gallatin, Kentucky",0,0,1
9296,"McCreary County, Kentucky",0,0,1
9297,"Scott County, Kentucky",0,0,1
9298,"Martin County, Kentucky",0,0,1
9299,"Lewis County, Kentucky",0,0,1
9300,"Lincoln County, Kentucky",0,0,1
9301,"Essaza lye Green, Kentucky",0,0,1
9302,"Hopkins County, Kentucky",0,0,1
9303,"Nelson County, Kentucky",0,0,1
9304,"Rowan County, Kentucky",0,0,1
9305,"Nicholas County, Kentucky",0,0,1
9306,"Russell County, Kentucky",0,0,1
9307,"Jessamine County, Kentucky",0,0,1
9308,"Menifee County, Kentucky",0,0,1
9309,"Wayne County, Kentucky",0,0,1
9310,"Owsley County, Kentucky",0,0,1
9311,"Meade County, Kentucky",0,0,1
9312,"Owen County, Kentucky",0,0,1
9313,"Livingston County, Kentucky",0,0,1
9314,"Logan County, Kentucky",0,0,1
9315,"Monroe County, Kentucky",0,0,1
9316,"Metcalfe County, Kentucky",0,0,1
9317,"Taylor County, Kentucky",0,0,1
9318,"Whitley County, Kentucky",0,0,1
9319,"Wolfe County, Kentucky",0,0,1
9320,"Woodford County, Kentucky",0,0,1
9321,"Robertson County, Kentucky",0,0,1
9322,"Johnson County, Kentucky",0,0,1
9323,"Knott County, Kentucky",0,0,1
9324,"Knox County, Kentucky",0,0,1
9325,"Laurel County, Kentucky",0,0,1
9326,"Ohio County, Kentucky",0,0,1
9327,"Oldham County, Kentucky",0,0,1
9328,"Shelby County, Kentucky",0,0,1
9329,"Simpson County, Kentucky",0,0,1
9330,"Spencer County, Kentucky",0,0,1
9331,"Webster County, Kentucky",0,0,1
9332,"Perry County, Kentucky",0,0,1
9333,"Todd County, Kentucky",0,0,1
9334,"Powell County, Kentucky",0,0,1
9335,"McLean County, Kentucky",0,0,1
9336,"Madison County, Kentucky",0,0,1
9337,"Magoffin County, Kentucky",0,0,1
9338,"Lee County, Kentucky",0,0,1
9339,"Rockcastle County, Kentucky",0,0,1
9340,"Washington County, Kentucky",0,0,1
9341,"Mercer County, Kentucky",0,0,1
9342,"Muhlenberg County, Kentucky",0,0,1
9343,"Warren County, Kentucky",0,0,1
9344,"Morgan County, Kentucky",0,0,1
9345,"Montgomery County, Kentucky",0,0,1
9346,"Union County, Kentucky",0,0,1
9347,"Trigg County, Kentucky",0,0,1
9348,"Trimble County, Kentucky",0,0,1
9349,"Pendleton County, Kentucky",0,0,1
9350,"Kenton County, Kentucky",0,0,1
9351,"Pulaski County, Kentucky",0,0,1
9352,Template:Amagombolola g’e Missouri,10,0,0
9353,"Adair County, Missouri",0,0,1
9354,"Atchison County, Missouri",0,0,1
9355,"Audrain County, Missouri",0,0,1
9356,"Barry County, Missouri",0,0,1
9357,"Andrew County, Missouri",0,0,1
9358,"Barton County, Missouri",0,0,1
9359,"Bates County, Missouri",0,0,1
9360,"Benton County, Missouri",0,0,1
9361,"Bollinger County, Missouri",0,0,1
9362,"Buchanan County, Missouri",0,0,1
9363,"Boone County, Missouri",0,0,1
9364,"Caldwell County, Missouri",0,0,1
9365,"Callaway County, Missouri",0,0,1
9366,"Butler County, Missouri",0,0,1
9367,"Carter County, Missouri",0,0,1
9368,"Carroll County, Missouri",0,0,1
9369,"Cape Girardeau County, Missouri",0,0,1
9370,"Camden County, Missouri",0,0,1
9371,"Cass County, Missouri",0,0,1
9372,"Cedar County, Missouri",0,0,1
9373,"Chariton County, Missouri",0,0,1
9374,"Christian County, Missouri",0,0,1
9375,"Clark County, Missouri",0,0,1
9376,"Clay County, Missouri",0,0,1
9377,"Clinton County, Missouri",0,0,1
9378,"Cole County, Missouri",0,0,1
9379,"Cooper County, Missouri",0,0,1
9380,"Crawford County, Missouri",0,0,1
9381,"Dade County, Missouri",0,0,1
9382,"Dallas County, Missouri",0,0,1
9383,"Daviess County, Missouri",0,0,1
9384,"Essaza lye DeKalb, Missouri",0,0,1
9385,"Essaza lya Dent, Missouri",0,0,1
9386,"Douglas County, Missouri",0,0,1
9387,"Essaza lye Dunklin, Missouri",0,0,1
9388,"Essaza lye Franklin, Missouri",0,0,1
9389,"Essaza lye Gasconade, Missouri",0,0,1
9390,"Essaza lye Greene, Missouri",0,0,1
9391,"Essaza lye Gentry, Missouri",0,0,1
9392,"Essaaza lye Harrison, Missouri",0,0,1
9393,"Essaza lye Grundy, Missouri",0,0,1
9394,"Henry County, Missouri",0,0,1
9395,"Essaza lye Hickory, Missouri",0,0,1
9396,"Holt County, Missouri",0,0,1
9397,"Howard County, Missouri",0,0,1
9398,"Howell County, Missouri",0,0,1
9399,"Jackson County, Missouri",0,0,1
9400,"Iron County, Missouri",0,0,1
9401,"McDonald County, Missouri",0,0,1
9402,"Marion County, Missouri",0,0,1
9403,"Maries County, Missouri",0,0,1
9404,"Madison County, Missouri",0,0,1
9405,"Macon County, Missouri",0,0,1
9406,"Mississippi County, Missouri",0,0,1
9407,"Linn County, Missouri",0,0,1
9408,"Lewis County, Missouri",0,0,1
9409,"Osage County, Missouri",0,0,1
9410,"Ozark County, Missouri",0,0,1
9411,"Ralls County, Missouri",0,0,1
9412,"Webster County, Missouri",0,0,1
9413,"Lincoln County, Missouri",0,0,1
9414,"Lawrence County, Missouri",0,0,1
9415,"Livingston County, Missouri",0,0,1
9416,"Randolph County, Missouri",0,0,1
9417,"Lafayette County, Missouri",0,0,1
9418,"Laclede County, Missouri",0,0,1
9419,"Knox County, Missouri",0,0,1
9420,"Johnson County, Missouri",0,0,1
9421,"Jefferson County, Missouri",0,0,1
9423,"Mercer County, Missouri",0,0,1
9424,"Miller County, Missouri",0,0,1
9425,"Pemiscot County, Missouri",0,0,1
9426,"Perry County, Missouri",0,0,1
9427,"Pettis County, Missouri",0,0,1
9428,"Phelps County, Missouri",0,0,1
9429,"Moniteau County, Missouri",0,0,1
9430,"Montgomery County, Missouri",0,0,1
9431,"Monroe County, Missouri",0,0,1
9432,"Newton County, Missouri",0,0,1
9433,"Oregon County, Missouri",0,0,1
9434,"Saint Charles County, Missouri",0,0,1
9435,"Stone County, Missouri",0,0,1
9436,"Wright County, Missouri",0,0,1
9437,"Shannon County, Missouri",0,0,1
9438,"Reynolds County, Missouri",0,0,1
9439,"Stoddard County, Missouri",0,0,1
9440,"Ripley County, Missouri",0,0,1
9441,"Scotland County, Missouri",0,0,1
9442,"Scott County, Missouri",0,0,1
9443,"Ray County, Missouri",0,0,1
9444,"Morgan County, Missouri",0,0,1
9445,"Pulaski County, Missouri",0,0,1
9446,"Schuyler County, Missouri",0,0,1
9447,"Wayne County, Missouri",0,0,1
9448,"Jasper County, Missouri",0,0,1
9449,"New Madrid County, Missouri",0,0,1
9450,"Putnam County, Missouri",0,0,1
9451,"Shelby County, Missouri",0,0,1
9452,"Nodaway County, Missouri",0,0,1
9453,"Platte County, Missouri",0,0,1
9454,"Polk County, Missouri",0,0,1
9455,"Saint Clair County, Missouri",0,0,1
9456,"Saint Francois County, Missouri",0,0,1
9457,"Saint Louis County, Missouri",0,0,1
9458,"Saint Louis City, Missouri",0,0,1
9459,"Sainte, Missouri",0,0,1
9460,"Genevieve County, Missouri",0,0,1
9461,"Saline County, Missouri",0,0,1
9462,"Washington County, Missouri",0,0,1
9463,"Vernon County, Missouri",0,0,1
9464,"Warren County, Missouri",0,0,1
9465,"Texas County, Missouri",0,0,1
9466,"Taney County, Missouri",0,0,1
9467,"Sullivan County, Missouri",0,0,1
9468,"Worth County, Missouri",0,0,1
9469,"Pike County, Missouri",0,0,1
9470,Template:Amagombolola g’e Ohio,10,0,0
9471,"Cuyahoga County, Ohio",0,0,1
9472,"Adams County, Ohio",0,0,1
9473,"Allen County, Ohio",0,0,1
9474,"Ashland County, Ohio",0,0,1
9475,"Ashtabula County, Ohio",0,0,1
9476,"Athens County, OhioAthens",0,0,1
9477,"Auglaize County, Ohio",0,0,1
9478,"Brown County, Ohio",0,0,1
9479,"Belmont County, Ohio",0,0,1
9480,"Holmes County, Ohio",0,0,1
9481,"Essaza lye Delaware, Ohio",0,0,1
9482,"Essaza lye Defiance, Ohio",0,0,1
9483,"Darke County, Ohio",0,0,1
9484,"Crawford County, Ohio",0,0,1
9485,"Coshocton County, Ohio",0,0,1
9486,"Columbiana County, Ohio",0,0,1
9487,"Clinton County, Ohio",0,0,1
9488,"Clermont County, Ohio",0,0,1
9489,"Clark County, Ohio",0,0,1
9490,"Champaign County, Ohio",0,0,1
9491,"Carroll County, Ohio",0,0,1
9492,"Butler County, Ohio",0,0,1
9493,"Essaza lya Fairfield, Ohio",0,0,1
9494,"Essaza lye Fayette, Ohio",0,0,1
9495,"Essaza lye Hamilton, Ohio",0,0,1
9496,"Guernsey County, Ohio",0,0,1
9497,"Erie County, Ohio",0,0,1
9498,"Essaza lye Greene, Ohio",0,0,1
9499,"Geauga County, Ohio",0,0,1
9500,"Essaza lye Gallia, Ohio",0,0,1
9501,"Essaza lye Fulton, Ohio",0,0,1
9502,"Montgomery County, Ohio",0,0,1
9503,"Jackson County, Ohio",0,0,1
9504,"Huron County, Ohio",0,0,1
9505,"Portage County, Ohio",0,0,1
9506,"Pickaway County, Ohio",0,0,1
9507,"Essaza lye Highland, Ohio",0,0,1
9508,"Mercer County, Ohio",0,0,1
9509,"Hocking County, Ohio",0,0,1
9510,"Miami County, Ohio",0,0,1
9511,"Medina County, Ohio",0,0,1
9513,"Essaza lye Henry, Ohio",0,0,1
9514,"Essaza lye Harrison, Ohio",0,0,1
9515,"Essaza lye Hardin, Ohio",0,0,1
9516,"Essaza lye Hancock, Ohio",0,0,1
9517,"Essaza lye Franklin, Ohio",0,0,1
9518,"Mahoning County, Ohio",0,0,1
9519,"Meigs County, Ohio",0,0,1
9520,"Monroe County, Ohio",0,0,1
9521,"Jefferson County, Ohio",0,0,1
9522,"Morgan County, Ohio",0,0,1
9523,"Knox County, Ohio",0,0,1
9524,"Lake County, Ohio",0,0,1
9525,"Lawrence County, Ohio",0,0,1
9526,"Licking County, Ohio",0,0,1
9527,"Summit County, Ohio",0,0,1
9528,"Stark County, Ohio",0,0,1
9529,"Wyandot County, Ohio",0,0,1
9530,"Wood County, Ohio",0,0,1
9531,"Sandusky County, Ohio",0,0,1
9532,"Seneca County, Ohio",0,0,1
9533,"Morrow County, Ohio",0,0,1
9534,"Logan County, Ohio",0,0,1
9535,"Lorain County, Ohio",0,0,1
9536,"Lucas County, Ohio",0,0,1
9537,"Noble County, Ohio",0,0,1
9539,"Ottawa County, Ohio",0,0,1
9541,"Perry County, Ohio",0,0,1
9543,"Pike County, Ohio",0,0,1
9544,"Preble County, Ohio",0,0,1
9545,"Putnam County, Ohio",0,0,1
9546,"Richland County, Ohio",0,0,1
9547,"Paulding County, Ohio",0,0,1
9548,"Ross County, Ohio",0,0,1
9549,"Shelby County, Ohio",0,0,1
9550,"Muskingum County, Ohio",0,0,1
9551,"Vinton County, Ohio",0,0,1
9552,"Union County, Ohio",0,0,1
9553,"Van Wert County, Ohio",0,0,1
9555,"Tuscarawas County, Ohio",0,0,1
9556,"Trumbull County, Ohio",0,0,1
9557,"Washington County, Ohio",0,0,1
9558,"Scioto County, Ohio",0,0,1
9559,"Warren County, Ohio",0,0,1
9560,"Wayne County, Ohio",0,0,1
9561,"Williams County, Ohio",0,0,1
9562,"Madison County, Ohio",0,0,1
9563,"Marion County, Ohio",0,0,1
9564,Template:Infobox protected area,10,0,0
9565,Template:Nowrap,10,0,0
9566,Module:Infobox/styles.css,828,0,0
9567,Template:MONTHNUMBER,10,0,0
9568,Template:MONTHNAME,10,0,0
9569,Template:URL,10,0,0
9570,Module:Coordinates/styles.css,828,0,0
9571,Module:Location map/styles.css,828,0,0
9572,Module:URL,828,0,0
9573,Template:Start date,10,0,0
9574,Template:Convinfobox,10,0,0
9575,Template:Convinfobox/pri2,10,0,0
9576,Template:Str left,10,0,0
9577,Template:Sp,10,0,0
9578,Template:Remove first word,10,0,0
9579,Template:Infobox dim,10,0,0
9580,Template:Infobox dim/core,10,0,0
9581,Module:Location map/data/Australia,828,0,0
9582,Module:Location map/data/Germany,828,0,0
9583,Module:Location map/data/Earth,828,0,0
9584,Template:IUCN banner,10,0,0
9585,Module:Location map/data/Canada,828,0,0
9586,Module:Parameter names example,828,0,0
9587,Template:Parameter names example,10,0,0
9588,Template:Clc,10,0,0
9589,Template:Category link with count,10,0,0
9590,Module:Location map/data/Canada Alberta,828,0,0
9591,Module:Transclusion count/data/I,828,0,0
9592,Template:Infobox protected area/doc,10,16,0
9594,User talk:Katende davis,3,1,0
9595,User talk:Galikudyo,3,1,0
9596,User talk:Tradingrobot.trade,3,1,0
9597,Sarah Kiyingi Musoke,0,4,0
9598,Justine Ayebazibwe,0,2,0
9599,Olukalala lw'abakiise b'olukiiko lw'eggwanga olw'ekkumi n'olumu olw'e Uganda,0,1,0
9600,Acen Rhoda,0,2,0
9601,Adrian Tibaleka,0,1,0
9602,Faith Kunihira,0,4,0
9603,Beatrice Akello Akori,0,4,0
9604,Ajilo Elogu Maria Goretti,0,3,0
9605,Agnes Akiror,0,6,0
9606,MediaWiki:FileUploadWizard.css,8,0,0
9607,Betty Kizza,0,1,0
9608,Agnes Ameede,0,6,0
9609,Anita Beryl,0,6,0
9610,Ssettendekero wa Gulu,0,21,0
9611,Agnes Kunihira,0,6,0
9612,Barbara Birungi,0,3,0
9613,User:KernelFreeze,2,0,0
9614,Florence Namayanja,0,7,0
9615,Caroline Kamusiime,0,3,0
9616,Catheline Ndamira,0,4,0
9617,Caroline Amali Okao,0,5,0
9618,Catherine Apalat,0,4,0
9619,Agnes Nalwanga,0,3,0
9620,Catherine Kyobutungi,0,4,1
9621,Catherine Lamwaka,0,4,0
9622,Agnes Namyalo,0,3,0
9623,Barbie Kyagulanyi,0,4,0
9624,Mary Babirye Kabanda,0,3,0
9625,Catherine Namono,0,5,0
9626,Catherine Samali Kavuma,0,7,0
9627,Cathy Patra,0,4,0
9629,Charity Bainababo,0,2,0
9630,Charity Basaza Mulenga,0,5,0
9631,Alum Sandra Ogwang Santa,0,5,0
9632,China Keitetsi,0,6,0
9633,Akite Agnes,0,8,1
9634,Alice Muloki,0,5,0
9635,Amina Nababi (Musambi wa Mupiira),0,5,0
9636,Asinansi Nyakato,0,3,0
9637,Christine Alalo,0,5,1
9638,Alengot Oromait,0,7,0
9639,Christine Amongin Aporu,0,5,0
9640,Asinisi Fina Opio,0,4,0
9641,Auma Juliana Omwetoowaze,0,4,0
9642,Akello Judith Franca,0,6,0
9643,Assumpta Nnaggenda-Musana,0,6,0
9644,Julia Sebutinde,0,9,0
9645,Christine Apolot,0,3,0
9646,Concy Aciro,0,1,0
9647,Alice Auma,0,5,2
9648,Annet Nyakecho,0,8,0
9649,Ayeta Anne Wangusa,0,5,0
9650,Credonia Mwerinde,0,5,0
9651,Barbara Mulwana,0,7,0
9652,Benna Namugwanya,0,5,0
9653,Crystal Newman,0,3,0
9654,Alleluya Rosette Ikote,0,4,0
9655,Sanyu Robinah Mweruka,0,8,0
9656,Daisy Ejang,0,2,0
9657,Daisy Nakaziro,0,4,0
9658,Judith Alyek,0,6,0
9659,Dorothy Kisaka,0,3,0
9660,Safia Juuko Nalule,0,4,0
9661,Saidati Kemigisha,0,2,0
9662,Sarah Chelangat,0,1,0
9663,Saala Khenyo,0,5,0
9664,Sarah Kataike,0,7,0
9665,Sarah Kiguli,0,6,0
9666,Sarah Kisawuzi,0,5,0
9667,Sarah Kyolaba,0,5,0
9668,Sarah Mateke Nyirabashitsi,0,4,0
9669,Sarah Nabukalu Kiyimba,0,3,0
9670,Davinia Esther Anyakun,0,5,0
9671,Sarah Nyendwoha Ntiro,0,7,0
9672,Diana Angwech,0,3,0
9673,Sarah Walusimbi,0,6,0
9674,Seanice Kacunga,0,4,0
9675,Donna Kusemererwa,0,5,0
9676,Sera (omuyimbi),0,8,0
9677,Sezi Mbaguta,0,0,0
9678,Shadia Nankya,0,5,0
9679,Shamim Bangi,0,5,1
9680,Doreen Amule,0,6,0
9681,Doreen Baingana,0,9,0
9682,Anne Juuko (Munnabyanfuna),0,7,0
9683,Doris Akol,0,6,0
9684,Phiona Mutesi,0,3,0
9685,Sylvia Nagginda,0,5,0
9686,Egunyu Janepher Nantume,0,6,0
9687,Elizabeth Beikiriize Karungi,0,8,0
9688,Elizabeth Kabanda,0,6,0
9689,Stella Nyanzi,0,8,0
9690,Peruth Chemutai,0,2,0
9691,Aisha Nakiyemba,0,5,1
9692,Anne Kabagambe,0,6,0
9693,Nakisuuyi Omulongoofu,0,2,0
9694,Sharon Nadunga,0,4,0
9695,Sheebah Zalwango,0,3,0
9696,Shanita Namuyimbwa,0,9,0
9697,Omumbejja Elizabeth ow'e Tooro,0,7,0
9698,Sheila Mwine Kabaije,0,5,0
9699,Angela Musiimenta,0,1,0
9700,Angelina Atyam,0,2,0
9701,Nambayo eno,0,7,0
9702,Anna Bitature Mugenyi,0,3,0
9703,Anne Mary Kobugabe Tumwine,0,5,0
9704,Annet Nakawunde Mulindwa,0,3,0
9705,Enkoko Negesa,0,4,0
9706,Annet Negesa,0,4,0
9707,Annie Logiel,0,5,0
9708,Apio Moro,0,5,0
9709,User:ISMAELSk,2,0,0
9710,Eunice Musiime,0,3,0
9711,Eseza Afoyochan,0,3,0
9712,Esther Nakajjigo,0,2,0
9713,Evangeline Barongo,0,7,0
9714,Evelyn Kaabule,0,6,0
9715,Asia Nakibuuka,0,2,0
9716,Everlyn Chemutai,0,5,0
9717,Asiimwe Evarlyne Buregyeya,0,5,0
9718,Avice Meya,0,1,0
9719,Okukkiriza Alupo,0,6,0
9720,Bako Christine Abia,0,2,0
9721,Faith Mwondha,0,6,0
9722,Flora Natumanya,0,3,0
9723,Sophia Namutebi,0,6,0
9724,Sophie Alal,0,4,0
9725,Sophie Kyagulanyi,0,3,0
9726,Specioza Kimera Ndagire,0,3,0
9727,Okuwandiika Baguma Muhenda,0,4,0
9728,Stella Atyang,0,0,0
9729,Stella Namoe Nyomera,0,7,0
9730,Stella Nansikombi Makubuya,0,7,0
9731,Bangirana Kawooya Anifa,0,2,0
9732,Barbara Kasekende,0,3,0
9733,Barbara Kimenye,0,5,0
9734,Barbara Ntambirweki,0,3,0
9735,Barumba Beatrice Rusaniya,0,2,0
9736,Geraldine Ssali Busuulwa,0,5,0
9737,Florence Nambozo Wamala,0,5,0
9738,Florence Alice Lubega,0,4,0
9739,Clare Byarugaba,0,2,1
9740,Beatrice Atim Anywar,0,4,0
9741,Beatrice Ayuru Byaruhanga,0,1,0
9742,Hilda Tadria,0,3,1
9743,Beatrice Lamwaka,0,8,0
9744,Beatrice Rwakimari,0,1,0
9745,Beatrice Wabudeya,0,4,0
9746,Jacqueline Mbabazi,0,8,0
9747,Esther Kalenzi,0,3,0
9748,Elizabeth Nantale Mulondo,0,4,3
9749,Ben Mary Muwanga,0,4,0
9750,Bettinah Tianah,0,2,0
9751,Goretti Kyomuhendo,0,11,0
9752,Glaydah Namukasa,0,8,0
9753,Betty Lalam,0,3,0
9754,Florence Nsubuga,0,6,0
9755,Gorreth Namugga,0,3,0
9756,Husnah Kukundakwe,0,4,0
9757,Ashoka Omukulu,0,1,1
9758,Laura Kahunde,0,2,0
9759,Beverley Nambozo,0,6,0
9760,Breeze Sarah Babirye Kityo,0,5,0
9761,Brenda Nabukenya,0,2,0
9762,Busingye Peninah Kabingani,0,2,0
9763,Caroline Asiimwe,0,1,0
9764,Grace Akallo,0,4,0
9765,Etheldreda Nakimuli-Mpungu,0,6,0
9766,Grace Aluka,0,6,0
9767,Grace Kesande Bataringaya,0,3,0
9768,Grace Tubwita,0,5,0
9769,Grace Ndeezi,0,1,0
9770,Catherine Nakalembe,0,3,0
9771,Catherine Odora Hoppers,0,3,1
9772,Christine Nambirige,0,3,0
9773,Christine Ntegamahe Mwebesa,0,2,0
9774,Talk:Christine Ntegamahe Mwebesa,1,1,0
9775,Christine Obbo,0,2,0
9776,Christine Dranzoa,0,6,0
9777,Harriet Anena,0,11,1
9778,Hellen Kahunde,0,6,0
9779,Grace Kwiyucwiny,0,5,0
9780,Idah Nabayiga,0,6,0
9781,Hope Mwesigye,0,6,0
9782,Hellen Baleke,0,3,0
9783,Hilda Twongyeirwe,0,10,1
9784,Ife Piankhi,0,7,0
9785,Uganda,0,29,9
9786,Template:Infobox country,10,0,0
9787,Module:Lang,828,0,0
9788,Module:Unicode data,828,0,0
9789,Module:Lang/data,828,0,0
9790,Module:Language/data/iana languages,828,0,0
9791,Module:Language/data/iana scripts,828,0,0
9792,Module:Language/data/iana regions,828,0,0
9793,Module:Language/data/iana variants,828,0,0
9794,Module:Language/data/iana suppressed scripts,828,0,0
9795,Module:Lang/ISO 639 synonyms,828,0,0
9796,Template:Flatlist,10,0,0
9797,Template:Nobold,10,0,0
9798,Template:Nobold/styles.css,10,0,0
9799,Template:Hlist,10,0,0
9800,Template:Br separated entries,10,0,0
9801,Template:Unbulleted list,10,0,0
9802,Template:Spaces,10,0,0
9803,Template:0,10,0,0
9804,Template:Smaller,10,0,0
9805,Template:Plainlist,10,0,0
9806,Template:\,10,0,0
9807,Module:Exponential search,828,0,0
9808,Module:Unicode data/scripts,828,0,0
9809,Template:!),10,0,0
9810,Template:(!,10,0,0
9811,Template:Flagicon/core,10,0,1
9812,Template:Resize,10,0,0
9813,Template:Increase,10,0,1
9814,Template:Color,10,0,0
9815,Template:Collapsible list,10,0,0
9816,Module:Collapsible list,828,0,0
9817,Template:ISO 3166 code,10,0,0
9818,Module:ISO 3166,828,0,1
9819,Module:ISO 3166/data/National,828,0,0
9820,Template:Hidden begin,10,0,0
9821,Template:Hidden end,10,0,0
9822,Template:Convinfobox/prisec2,10,0,0
9823,Template:Infobox country/imagetable,10,0,0
9824,Template:Infobox country/multirow,10,0,0
9825,Template:Infobox country/styles.css,10,0,0
9826,Template:Native name,10,0,0
9827,Module:Native name,828,0,0
9828,Template:Country data Austria,10,0,0
9829,Template:Country data Croatia,10,0,0
9830,Template:Country data France,10,0,0
9831,Template:Country data Germany,10,0,0
9832,Template:Country data Netherlands,10,0,0
9833,Template:Country data Spain,10,0,0
9834,Template:Country data Sweden,10,0,0
9835,Template:Country data European Union,10,0,0
9836,Template:Country data Italy,10,0,0
9837,Template:Country data Cyprus,10,0,0
9838,Template:Infobox country/formernext,10,0,43
9839,Template:Native phrase,10,0,0
9840,Template:Country data Portugal,10,0,0
9841,Template:Country data Belgium,10,0,0
9842,Template:Country data Bulgaria,10,0,0
9843,Template:Country data Denmark,10,0,0
9844,Template:Country data Hungary,10,0,0
9845,Template:Country data Poland,10,0,0
9846,Template:Infobox country/status text,10,0,0
9847,Template:Country data Greece,10,0,0
9848,Template:Country data Romania,10,0,0
9849,Template:Flagcountry,10,0,0
9850,Template:Flagcountry/core,10,0,1
9851,Template:Lower,10,0,0
9852,Template:Country data EU,10,0,0
9853,Template:Country data Finland,10,0,0
9854,Template:Country data Slovenia,10,0,0
9855,Template:Country data Luxembourg,10,0,0
9856,Template:Country data Czech Republic,10,0,0
9857,Template:Country data Latvia,10,0,0
9858,Template:Country data Slovakia,10,0,0
9859,Template:Country data Lithuania,10,0,0
9860,Template:Country data Estonia,10,0,0
9861,Template:Country data Malta,10,0,0
9862,Template:Country data Ireland,10,0,0
9863,Template:Infobox former country,10,0,0
9864,Template:Raise,10,0,0
9865,Template:Infobox geopolitical organization,10,0,0
9866,Template:Flatlist/microformat,10,0,0
9867,Template:UF-hcard-place,10,0,0
9868,Template:Infobox country/doc,10,6,2
9869,Template:Hidden begin/styles.css,10,0,0
9870,Spencer Nakacwa,0,4,0
9871,MediaWiki:Common.css,8,0,0
9872,Template:Efn,10,0,0
9873,Template:Reflist/styles.css,10,0,0
9874,Template:Anchor,10,0,0
9875,Module:Anchor,828,0,0
9876,Template:Notelist,10,0,0
9877,Template:Efn-lr,10,0,0
9878,Template:Notelist-lr,10,0,0
9879,Template:Dummy reference,10,0,0
9880,Template:Yes/no,10,0,0
9881,Template:Dummy ref,10,0,0
9882,Module:Transclusion count/data/E,828,0,0
9883,Help:Footnotes,12,33,2
9884,Template:Efn/doc,10,2,0
9885,Template:Center,10,0,0
9886,Module:Labelled list hatnote,828,0,0
9887,Template:Left,10,0,0
9888,Template:Align,10,0,0
9889,Template:Right,10,0,0
9890,Template:TemplateDataHeader,10,0,0
9891,Template:Center/doc,10,6,0
9892,Template:High use,10,0,0
9893,Template:Parabr,10,0,0
9894,Template:Ublist,10,0,0
9895,Template:Redirect template,10,0,0
9896,Module:Redirect template,828,0,0
9897,Template:R from shortcut,10,0,0
9898,Module:RedirectData,828,0,0
9899,Template:R from template shortcut,10,0,0
9900,Template:Switcher,10,0,0
9901,Template:Switcher/doc,10,3,2
9902,Template:IncreaseNegative,10,0,1
9903,Module:Text,828,0,0
9904,Template:Navbar,10,0,0
9905,Template:IncreaseNeutral,10,0,1
9906,Template:Decrease,10,0,1
9907,Template:DecreasePositive,10,0,1
9908,Template:Steady,10,0,1
9909,Module:WLink,828,0,0
9910,Template:DecreaseNeutral,10,0,1
9911,Template:Down,10,0,0
9912,Template:FormatTemplateData,10,0,0
9913,Template:Tfluc-common-doc,10,2,0
9914,Template:IncreaseNegative/doc,10,0,0
9915,Module:Multilingual,828,0,0
9916,Template:IncreaseNeutral/doc,10,0,0
9917,Template:UN Population,10,0,0
9918,Template:Redirect category shell,10,0,0
9919,Template:Mbox,10,0,0
9920,Template:Talk other,10,0,0
9921,Template:R from move,10,0,0
9922,Template:R from move/except,10,0,0
9923,Template:Pp-protected,10,0,0
9924,Template:R semi-protected,10,0,0
9925,Template:Paragraph break,10,0,0
9926,Template:Block indent,10,0,0
9927,Template:Block indent/styles.css,10,0,0
9928,Template:Xt,10,0,0
9929,Module:Transclusion count/data/P,828,0,0
9930,Template:Paragraph break/doc,10,4,0
9931,Module:Message box/ambox.css,828,0,0
9932,Template:Message box,10,0,1
9933,Template:Message box/doc,10,2,0
9934,Template:UN population,10,0,0
9935,Template:UN population/doc,10,2,0
9936,Template:Lang-sw,10,0,0
9937,Template:Lang-ru,10,0,0
9938,Template:Lang-fr,10,0,0
9939,Template:Em,10,0,0
9940,Template:Crossref,10,0,0
9941,Template:Crossreference,10,0,0
9942,Template:Crossreference/styles.css,10,0,0
9943,Template:Hatnote inline,10,0,0
9944,Template:Hatnote inline/invoke,10,0,0
9945,Module:Hatnote inline,828,0,0
9946,Template:Notice,10,0,1
9947,Template:Lang-de,10,0,0
9948,Template:Var,10,0,0
9949,Template:Dagger,10,0,1
9950,Template:Deprecated code,10,0,0
9951,Module:Lang/documentor tool,828,0,0
9952,Template:Lang-x/doc,10,7,0
9953,Template:COinS safe,10,0,0
9954,Template:No subst,10,0,0
9955,Template:Never substitute,10,0,0
9956,Template:Lang-x/doc/parameters,10,2,0
9957,Module:Transclusion count/data/L,828,0,0
9958,Template:Main,10,0,0
9959,Template:Icon,10,0,0
9960,Template:TOC limit,10,0,0
9961,Template:TOC limit/styles.css,10,0,0
9962,Module:Icon,828,0,1
9963,Module:Icon/data,828,0,0
9964,Template:Further,10,0,0
9965,Template:See,10,0,0
9966,Template:Minor planet,10,0,0
9967,Template:Mp,10,0,0
9968,Template:Endplainlist,10,0,0
9969,Template:Startplainlist,10,0,0
9970,Template:Vad,10,0,0
9971,Template:Vertically aligned date,10,0,0
9972,Template:Hatnote templates,10,0,0
9973,Template:Main/doc,10,6,0
9974,Template:Ambox,10,0,0
9975,Template:Multiple issues,10,0,0
9976,Template:Multiple issues/styles.css,10,0,0
9977,Module:Unsubst,828,0,0
9978,Module:Namespace detect/data,828,0,0
9979,Module:Namespace detect/config,828,0,0
9980,Module:Category handler,828,0,0
9981,Module:Category handler/data,828,0,0
9982,Module:Category handler/config,828,0,0
9983,Module:Category handler/shared,828,0,0
9984,Module:Category handler/blacklist,828,0,0
9985,Template:POV,10,0,1
9986,Template:Citation style,10,0,0
9987,Template:Advert,10,0,0
9988,Template:Template link general,10,0,0
9989,Template:Template link with alternate text,10,0,0
9990,Template:Tla,10,0,0
9991,Template:Tlg,10,0,0
9992,Template:View,10,0,0
9993,Template:Underlinked,10,0,1
9994,Template:Ambox/doc,10,29,2
9995,Template:Cmbox,10,0,0
9996,Template:Cmbox/doc,10,8,8
9997,Module:Message box/cmbox.css,828,0,0
9998,Template:Imbox,10,0,0
9999,Template:Imbox/doc,10,8,11
10000,Module:Message box/imbox.css,828,0,0
10001,Template:Tmbox,10,0,0
10003,Template:Visible anchor,10,0,0
10004,Template:Visible anchor/styles.css,10,0,0
10005,Template:Vanchor,10,0,0
10006,Module:Message box/tmbox.css,828,0,0
10007,Template:Tmbox/doc,10,8,6
10013,Zari Hassan,0,3,0
10014,Template:Mono,10,0,0
10015,Template:Ifsubst,10,0,0
10016,Template:Mono/styles.css,10,0,0
10017,Module:Transclusion count/data/F,828,0,0
10018,Module:Message box/fmbox.css,828,0,0
10019,Template:Fmbox/doc,10,7,6
10020,Christine Ondoa,0,4,0
10021,Zaitun Driwaru,0,7,0
10022,Joy Doreen Biira,0,0,0
10023,Jacinta Athieno Ayo,0,3,0
10024,Violet Barungi,0,11,0
10025,Faridah Nakazibwe,0,6,0
10026,Lulu Hassan,0,5,0
10027,Sheilah Gashumba,0,5,0
10028,Jacinta Atuto,0,4,0
10029,Iriama Margaret,0,4,0
10030,Irene Manjeri,0,3,0
10031,Oleru Huda,0,6,0
10032,Sabrina Kitaka,0,7,0
10033,Josephine Karungi,0,6,0
10034,Imelda Namutebi,0,3,0
10035,Daisy Nakalyango,0,2,0
10036,Template:Infobox badminton player,10,0,0
10037,Template:Pagetype,10,0,0
10038,Module:Pagetype,828,0,0
10039,Module:Pagetype/config,828,0,0
10040,Module:Namespace detect,828,0,0
10041,Template:Short description,10,0,0
10042,Template:Short description/lowercasecheck,10,0,0
10043,Module:Age,828,0,0
10044,Module:Date,828,0,0
10045,Module:Side box,828,0,0
10046,Template:Side box,10,0,0
10047,Template:Sister project,10,0,1
10048,Template:Infobox person/height,10,0,0
10049,Module:Person height,828,0,0
10050,Module:Wikidata,828,0,2
10051,Template:Birth date and age,10,0,0
10052,Template:Infobox medal templates,10,0,0
10053,Template:Medal,10,0,7
10054,Template:MedalCompetition,10,0,0
10055,Template:MedalGold,10,0,0
10056,Template:CHN,10,0,0
10057,Template:Country data China,10,0,0
10058,Template:Clear right,10,0,0
10059,Module:Uses Wikidata,828,0,1
10060,Template:Infobox person/weight,10,0,0
10061,Template:MedalCountry,10,0,0
10062,Template:MedalSport,10,0,0
10063,Module:Person weight,828,0,0
10064,Template:MedalBronze,10,0,0
10065,Template:MedalSilver,10,0,0
10066,Template:Uses Wikidata,10,0,0
10067,Module:Side box/styles.css,828,0,0
10068,Template:UF-hcard-person,10,2,0
10069,Template:Infobox badminton player/doc,10,6,0
10070,Template:Country data UGA,10,0,0
10071,Template:Country data Uganda,10,0,0
10072,Template:Break,10,0,0
10073,Template:Details,10,0,0
10074,Module:Purge,828,0,0
10075,Template:Army,10,0,0
10076,Template:Army/core,10,0,1
10077,Template:Air force,10,0,0
10078,Template:Air force/core,10,0,1
10079,Template:Suppress categories,10,0,0
10080,Module:Suppress categories,828,0,0
10081,Template:Country showdata,10,10,49
10082,Template:Country data Uganda/doc,10,0,0
10083,Sylvia Tamale,0,11,0
10084,Damalie Nagitta-Musoke,0,4,0
10085,Taban Sharifah Aate,0,3,0
10086,Teddy Nambooze,0,3,0
10087,Dora Mwima,0,5,0
10088,Tete Chelangat,0,4,0
10089,Veronica Isala Eragu Bichetero,0,4,0
10090,Olunyarwanda,0,0,0
10091,Doreen Nyanjura,0,4,0
10092,Namirembe Bitamazire,0,6,0
10093,Maggie Kigozi,0,5,0
10094,Rosemary Seninde,0,7,0
10095,Mariam Luyombo,0,5,0
10096,Susan Amero,0,6,0
10097,Susan Mugabi Nakaziba,0,2,0
10098,Noerine Kaleeba,0,7,0
10099,Susan Nalugwa Kiguli,0,7,0
10100,Sarah Arapta,0,6,0
10101,Jolly Kaguhangire,0,5,0
10102,Irene Mulyagonja,0,9,0
10103,Josephine Okot,0,6,0
10104,Dorcas Muthoni,0,1,1
10105,Dorcus Ajok,0,3,0
10106,Dorothy Azairwe Nshaija Kabaraitsya,0,3,0
10107,Dorothy Hyuha,0,3,0
10108,Josephine Wapakabulo,0,5,0
10109,Catherine Bamugemereire,0,8,0
10110,Judy Rugasira Kyanda,0,3,0
10111,Regina Mukiibi,0,4,0
10112,Monica Azuba Ntege,0,6,0
10113,Syda Bbumba,0,5,0
10114,Sylvia Owori,0,6,0
10115,Nancy Kalembe,0,6,0
10116,Sylvia Namutebi,0,4,0
10117,Betty Awori Engola,0,6,0
10118,Enid Mirembe,0,5,0
10119,Patricia Akello,0,6,0
10120,Margaret Nankabirwa,0,6,1
10121,Jane Kiggundu,0,6,0
10122,Jane Avur Pacuto,0,3,0
10123,Jalia Bintu,0,7,0
10124,Jacqueline Amongin,0,2,0
10125,Jacklet Atuhaire,0,6,1
10126,Monica Arac de Nyeko,0,5,0
10127,Edigold Monday,0,3,0
10128,Joan Kagezi,0,8,0
10129,Jessica Naiga,0,6,0
10130,Jessica Eriyo,0,8,0
10131,Jenipher Namuyangu,0,7,0
10132,Hadija Namanda,0,5,0
10133,Edith Sempala,0,4,0
10134,Elizabeth Mwesigwa,0,9,0
10135,Sylvia Rwabogo,0,8,0
10136,Sarah Kagingo,0,5,0
10137,Elvania Namukwaya Zirimu,0,4,0
10138,Emily Nakalema,0,3,0
10139,Quiin Abenakyo,0,6,0
10140,Lynda Ddane,0,5,0
10141,Emily Nanziri,0,2,0
10142,Santa Anzo,0,6,0
10143,Lilly Ajarova,0,5,0
10144,Gladys Kalema-Zikusoka,0,7,0
10146,Emma Naluyima,0,6,0
10147,Vanessa Nakate,0,8,1
10148,Evelyn Acham,0,2,0
10149,Zahara Nampewo,0,6,0
10150,Sarah Ssali,0,7,0
10151,Esteri Tebandeke,0,9,0
10152,Marie Solome Nassiwa,0,6,0
10153,Mariam Nalubega,0,6,0
10154,Mariam Naigaga,0,5,0
10155,Margaret Zziwa,0,6,0
10156,Margaret Sekaggya,0,1,1
10157,Esther Chebet,0,0,0
10158,Esther Opoti Dhugira,0,3,0
10159,Molly Lanyero,0,5,0
10160,Miria Obote,0,3,0
10161,Omusawo Kaharata Natukunda,0,3,0
10162,Mpiima Dorothy Christine,0,4,0
10163,Mpabwa Sarah Patience,0,4,0
10164,Monica Mugenyi,0,5,0
10165,Masiko Winifred Komuhangi,0,4,0
10166,Mary Goretti Kitutu,0,5,0
10167,Eva Magala,0,3,0
10168,Evelyn Adiru,0,1,0
10169,Fadilah Shamika Mohamed Rafi,0,5,0
10170,Farah Damji,0,4,0
10171,Farida Kyakutema,0,0,0
10172,Fazila Ikwaput,0,2,0
10173,Margaret Sentamu Masagazi,0,7,0
10174,Peninah Kabenge,0,7,0
10175,Rhoda Kalema,0,5,0
10176,Mary Okwakol,0,6,0
10177,Essanyu Kwesiga,0,8,0
10178,Florence Muranga,0,8,0
10179,Proscovia Nalweyiso,0,6,0
10180,Annette Nkalubo,0,6,0
10181,Omukyala Flavia Nabugere Munaaba,0,2,0
10182,Flavia Namakula,0,4,0
10183,Flavia Oketcho,0,2,0
10184,Nancy Acora,0,3,0
10185,Nabulya Theopista Ssentongo,0,5,0
10186,Nakisanze Segawa,0,7,0
10187,Naima Melsa Gule Avako,0,3,0
10188,Florence Mawejje,0,4,0
10189,Florence Nebanda,0,4,0
10190,Gertrude Kayaga Mulindwa,0,4,0
10191,Murchison Falls,0,1,0
10194,Talk:Ssekalowooleza Kibuuka Omumbaale,1,1,0
10196,Leah Namugerwa,0,4,0
10197,User:Kha Zxo Rla 956,2,0,0
10198,Template:Warn spammer,10,1,1
10199,Ekibira kya Budongo,0,5,0
10200,Ekibira ky'e Budongo,0,5,0
10201,Joe Oloka-Onyango,0,6,0
10202,Geoffrey Ogwaro,0,5,0
10203,Anup Singh Choudry,0,5,0
10204,Peter Takirambudde,0,1,0
10205,Victor Mukasa,0,2,0
10206,Nicholas Opiyo,0,4,0
10207,Ekibiina ekigatta abakyala mu Paalamenti ya Uganda,0,2,0
10208,Femrite,0,6,0
10209,Eliezah Foundation Initiative Uganda,0,3,0
10210,Omukutu gw'abakyala mu Uganda,0,10,0
10211,Women At Work International,0,2,0
10212,Akakiiko k’eddembe ly’obuntu mu Uganda,0,6,0
10213,Akina Maama wa Afrika,0,5,0
10214,Uganda Law Society,0,4,1
10215,Jesuit Refugee Service,0,6,0
10216,Joint Energy Environment Projects,0,4,0
10217,User:Mario west uganda,2,0,0
10218,Hanshin Tigers,0,1,1
10219,Environmental Conservation Trust of Uganda,0,6,1
10220,Kikongo,0,0,0
10221,Conservation Through Public Health,0,6,1
10222,National Environment Management Authority of Uganda,0,6,0
10223,Ekibiina kya Uganda Red Cross Society,0,3,0
10224,Ebyobulimi mu Uganda,0,14,3
10225,Minisitule y'amazzi n'obutonde bw'ensi (Uganda),0,8,0
10226,National Forestry Authority,0,4,0
10227,Ekitongole ekikwasaganya ebibira,0,4,0
10228,Minisitule y'emirimu n'entambula (Uganda),0,8,0
10229,User:Macholi/Omugga Achwa,2,0,0
10230,Ekitongole ekivunaanyizibwa ku bisolo by'omu nsiko mu Uganda,0,7,0
10231,Ekitongole kya Uganda Conservation Foundation,0,4,0
10234,Najibu Kivumbi,0,0,0
10235,Tom Holland,0,0,1
10237,Prince Wasajja Kiwanuka,0,8,3
10238,User:ScottishFinnishRadish,2,0,0
10239,Rose Namayanja,0,6,0
10240,Josephine Nambooze omusajja omulala,0,5,0
10242,Kato Lubwama,0,5,0
10243,Abby Mukiibi Nkaaga,0,7,0
10244,Ekibiina ky'abakyala ekya Uganda Media,0,5,0
10246,Category:Kyoto,14,0,0
10248,User:Nabukeera Dorothy/Bebe Cool,2,8,0
10249,User:Nabukeera Dorothy/AK 47 Mayanja,2,6,0
10250,Omuzikiti gw'eggwanga mu Uganda,0,5,3
10251,Zegu,0,0,0
10252,Navio (akuba ennyimba z'okufubutuka ebigambo),0,10,0
10254,IShowSpeed,0,0,1
10255,User:Deejayduncan,2,0,0
10256,Amayute,0,0,0
10257,Talk:Nnalubaale,1,1,0
10258,Omumbejja Elizabeth ow'e Toro,0,0,0
10259,MediaWiki:BlockedExternalDomains.json,8,0,0
10279,User:Viloupin,2,0,0
10280,User talk:Viloupin,3,0,0
10281,Nalwoga Cerinah Kasirye,0,2,0
10282,Omwoleso gw'emisono gwa Afri art,0,1,0
10285,Category:Algeria,14,0,0
10286,User:Marioplos,2,0,0
10287,User talk:Marioplos,3,0,0
10290,Gautama Buddha,0,0,1
10291,Template:Authority control,10,0,0
10292,Module:Authority control,828,0,2
10293,Abeno Harukas,0,0,1
10294,Okusenga kw’ababundabunda mu Achol-Pii,0,1,0
10295,Okusenga kwa ababundabunda Kyaka II,0,5,1
10297,Abavubuka Ababundabunda mu Afrika olw'enkulaakulana ey'omuggundu,0,4,0
10298,Ninsiima Ronah Rita,0,5,0
10299,Okusenga Kw'abundabunda Mu Lobule,0,3,0
10300,Adonia Katungisa,0,3,0
10301,Ababundabunda ba Uganda,0,12,3
10302,Ensenga yababundabunda Kyangwali,0,5,0
10304,Category:CS1 American English-language sources (en-us),14,0,0
10305,Category:CS1 Lungereza-language sources (en),14,0,0
10306,User talk:Norah Norris,3,1,0
10307,User:Norah Norris,2,0,0
10308,Betty Nakibuuka,0,6,0
10309,User:Stefán Örvar Sigmundsson,2,0,0
10310,Okubala (Counting),0,0,0
10311,Ensengeka edda waggulu(ascending order),0,0,0
10312,Ensengeka ekka wansi(descending order),0,0,0
10313,Emisimba(Number Bases),0,0,0
10314,Ensekkati(median),0,0,0
10315,Ensinga (Mode),0,0,0
10316,Enjawuzo(range),0,0,0
10317,Omugeranyo=Ekigero (Average=mean),0,0,0
10318,Mpuyinnyingi(Polygons),0,0,0
10319,Emirandira gy'enamba (Roots of numbers),0,0,0
10320,Okwebiriga n'Okwesatuza namba (Squariing and Cubing Numbers),0,0,0
10321,Olukoloboze lw'ennamba (Numberline),0,0,0
10322,Kyesatuza (Cube),0,0,0
10323,Ensoggo(Cone),0,0,0
10324,Ekigulumiro (Prism),0,0,0
10325,"Ekitendero(Plane, Flat shape)",0,0,0
10326,Entoloovu = Enkula ennetoloovu(Circle),0,0,0
10327,Ettoloovu =Ekkubo eryetoloovu (Roundabout),0,0,0
10328,Ekigewukano(irony),0,0,0
10329,Sayansi w'Ebyamalimiro(Agriculture Science),0,0,0
10330,Ebitangattiso (Chloroplast),0,0,0
10331,Ensengekera z'Ebitangattiso(Photosystems),0,0,0
10332,Ebyetaagisa okukuza ebirime (Conditions for growth of Crops),0,0,0
10333,Ebitundu by'Ekimera (the Parts of a Plant),0,0,0
10334,Ekikoola (Leaf),0,0,0
10335,Emirandira gy'ebimera (Roots of plants),0,0,0
10336,Enduli oba enkolo (Stem),0,0,0
10337,Obulamu obusirikitu (Micro organisms),0,0,0
10338,Obulamu Obusirikitu obw'omugaso (useful microbes),0,0,0
10339,Obulamu Obusirikitu obw'obulabe(Harmful microbes),0,0,0
10340,Olufungi (Fungus),0,0,0
10341,Olutiko (Mashroom),0,0,0
10342,Obwoyooya(Cilia),0,0,0
10343,Ebyobugagga obw'ensibo (Natural Resources),0,0,0
10344,Ensengekera y'Ekitegabbugumu(the Greenhouse system),0,0,0
10345,Ekiteggabbugumu ekisukkulumu(the Greenhouse Effect),0,0,0
10346,Ekigero (mean),0,0,0
10347,Omugeranyo(average),0,0,0
10348,Nakyenkanyampuyi/Nakyenkanyanjuyi(Equations),0,0,0
10349,"Endaga(math index, Light spectrum)",0,0,0
10350,Omugereko omukalu(Empty Set),0,0,0
10351,Enkubisa(Coefficient),0,0,0
10352,Ekibazamukisa(Probability),0,0,0
10353,Ebisengeko (Matrices),0,0,0
10354,Ekifunza(Exponentiation),0,0,0
10355,Emikwanaganyo n'Emikwataganyo(Relations and Functions),0,0,0
10356,Obulungi bw'Okuyiga sayansi n'ekibalangulo mu Luganda n'Olungereza mu essomeso lye limu(Double Exposure Education=DEED),0,0,0
10357,Okukunuukiriza n'Okuzingako namba(Approximation and rounding numbers),0,0,0
10358,Kalonda ne Kalondomusengeke(Data and statsitics),0,0,0
10359,Obuufu oba Obuyitiro (Mathematical Locus),0,0,0
10360,Eppetero(Bearing),0,0,0
10361,Mpuyinnya(Quadrilateral),0,0,0
10362,Ekikunizo (mathematical problem),0,0,0
10363,"Okusonjola (to simplify, to define)",0,0,0
10364,Okuwendowaza(Evaluation),0,0,0
10365,Musikisa/Okusikiza(Substitution),0,0,0
10366,Nakyenkanyampuyi ne Nakyekubira(Equations and Inequalities),0,0,0
10367,Enkyusibwo (variable),0,0,0
10368,"Ennyingo(Terms, nomials)",0,0,0
10369,Ekitondeko(Product),0,0,0
10370,Enkubise (Multiples),0,0,0
10371,Nambuluzo(Factors),0,0,0
10372,Okunambulula (to factor numbers),0,0,0
10373,Emigereko (Mathematical sets),0,0,0
10374,Emisingi gya Namba(Number Bases),0,0,0
10375,Ebika bya namba (Types of numbers),0,0,0
10376,Okuva(Motion),0,0,0
10377,Essomabuzaale (Genetics),0,0,0
10378,Bassekalowooleza ne Bannakalowooleza ba Buganda abedda(The Great Thinkers of Ancient Buganda),0,0,0
10379,Ekigattikakibabiro(Circumblending),0,0,0
10380,Eppeto(Angle),0,0,0
10381,Obukwafu n'Obukwafuwavu(Thickness and density),0,0,0
10382,Empalirizo esukuma ekitengejjeso waggulu (Bouyancy),0,0,0
10383,Okufuma n'Okutalagga(Corrosion and Rusting),0,0,0
10384,Ekigugubiro (Resistence),0,0,0
10385,Ebigugubizi (Insurators),0,0,0
10386,Amasannyalaze ag'entagenda (Static electricity),0,0,0
10387,Ekisannyalazo (Electric Charge),0,0,0
10388,Nansannyalaze(Coulomb),0,0,0
10389,Luyiika (liter),0,0,0
10390,Enzito (Grams),0,0,0
10391,Senzito(Metric Tons),0,0,0
10392,Nang'endo = (Kilometer),0,0,0
10393,Nabudde (Unit of time),0,0,0
10394,Ekirandizo (Conduction),0,0,0
10395,Ekibulukusi (Convection),0,0,0
10396,OLubugumu = Oluyengo (Radiation),0,0,0
10397,Amasoboza ag'amasannyalaze (electrical energy),0,0,0
10398,Nabbirye w'Ekitangaala (the duality of Light),0,0,0
10399,Amayengo g'Omugendo gw'amasannyalaze n'Ebyebulungulo bya magineeti(Electromagnetic Waves),0,0,0
10400,Kkala z'Ekitangaala (the Colours of Light),0,0,0
10401,Ekitangaala ekirabika (Visible Light),0,0,0
10402,Amayengo (Waves),0,0,0
10403,Kawereege (Tension),0,0,0
10404,Ekinyigirizo (Stress),0,0,0
10405,Ekikkatiro (Compression),0,0,0
10406,Ebinanuuko(things that are elastic),0,0,0
10407,Emiramwa egyekuusiza ku kuva kw'ebintu(Concepts relate to the motion of things),0,0,0
10408,Essomamawanga(International Relations),0,0,0
10409,Ssessomamateeka(Jurisprudence),0,0,0
10410,Amayengo g'Obwongo(Brainwaves),0,0,0
10411,Ebbulwabuzito(Weightlessness),0,0,0
10412,Ensikiriziso(Magnet),0,0,0
10413,Ebbugulimu(Thermodynamics),0,0,0
10414,Empalirizo z'ekitambuzo(Dynamics),0,0,0
10415,Engerikuva(Kinematics),0,0,0
10416,Okwekuuma (Personal Security),0,0,0
10417,Obwakalimagezi (Intelligence),0,0,0
10418,Engerekera (instincts),0,0,0
10421,Bakisimba,0,6,0
10422,Okulamusa,0,0,0
10423,Brian Lubega,0,6,0
10424,Amaggunju,0,6,0
10426,Talk:Mbarara (disitulikit),1,1,0
10427,Rosemary Salmon,0,4,0
10429,George Washington,0,1,1
10430,Grace Birungi,0,0,0
10431,Jimbricky Norman Ochero,0,3,0
10432,Lagen Dawudi Atuka,0,1,0
10433,James Mamawi,0,3,0
10434,Muhammad Ssegirinya,0,6,0
10435,Rachael Magoola,0,2,0
10436,Aloysius Mukasa,0,2,0
10437,Alex Ruhunda,0,5,0
10438,Irene Linda Mugisha,0,3,0
10439,Margaret Annet Muhanga Mugisa,0,5,0
10440,Jessica Kayanja,0,5,0
10441,Lucy Akello,0,8,0
10442,Mourine Osoru,0,5,0
10443,Phyllis Chemutai,0,1,0
10444,Robina Gureme Rwakoojo,0,6,0
10445,Aisha Kabanda,0,5,0
10446,Lillian Obiale Paparu,0,6,0
10447,Manjeri Kyebakutika,0,4,0
10448,Sheila Kawamara-Mishambi,0,4,0
10449,Betty Aol Ochan,0,4,0
10450,Catherine Nanziri,0,2,0
10451,Sharon Balmoi Laker,0,4,0
10452,Karitas Karisimbi,0,1,0
10453,Victoria Rusoke Businge,0,6,0
10454,Aisa Black Agaba,0,3,0
10455,Helen Nakimuli,0,6,0
10456,Rose Lilly Akello,0,7,0
10457,Sandra Nabweteme,0,11,0
10458,Janepher Mbabazi Kyomuhendo,0,5,0
10459,Tophace Kaawa,0,6,0
10460,Omuyimbi Beatrice Byenkya,0,5,0
10461,Betty Mpeka,0,7,0
10462,Jenifer Abaho Muheesi,0,4,0
10463,Noeline Kisembo Basemera,0,4,0
10464,Kirabo Namutebi,0,5,0
10465,Rose Emma Cherukit,0,3,0
10466,Flavia Rwabuhoro Kabahenda,0,5,0
10467,Connie Galiwango Nakayenze,0,5,0
10468,Juliet Bashiisha Agasha,0,2,0
10469,Grace Nambatya Kyeyune,0,7,0
10470,Joan Acom Alobo,0,5,0
10471,Jamila Mayanja,0,5,0
10472,Zahara Nakiyaga,0,4,0
10473,Sauda Kauma,0,4,0
10474,Rhoda Wanyenze,0,5,0
10475,Rosemary Nyakikongoro,0,2,0
10476,Naome Kibaaju,0,8,0
10477,Ruth Doreen Mutebe,0,6,0
10478,Rose Obinga,0,3,0
10479,Olive Kobusingye,0,8,0
10480,Joyce Kavuma,0,5,0
10481,Grace Nakibaala,0,3,0
10482,Abigaba Cuthbert Mirembe,0,2,0
10483,Molly Musiime Asiimwe,0,3,0
10484,Prossy Akampurira,0,5,0
10485,Santa Okot,0,6,0
10486,Gudula Naiga Basaza,0,5,1
10487,Rebecca Mpagi,0,6,0
10488,Margaret Lamwaka,0,5,0
10489,Margaret Lamwaka Odwar,0,4,0
10490,Irshad Manji,0,13,0
10491,Loyce Biira Bwambale,0,4,0
10492,Violet Kajubiri,0,4,0
10493,Dorothy Okello,0,5,0
10494,Zarina Bhimji,0,7,1
10495,Mildred Barya,0,7,0
10496,Tshila,0,6,0
10497,Olukalala lw'abayimbi abakyala mu Uganda,0,10,0
10498,Vanessa Karungi,0,5,0
10499,Rachel Mayanja,0,5,0
10500,Winnie Nantongo,0,7,0
10501,Gertrude Nakabira,0,2,0
10502,Milly Nassolo,0,5,0
10503,Joyce Moriku,0,6,0
10504,Lukia Isanga Nakadama agamba nti,0,6,0
10505,Susan Nsibirwa,0,5,0
10506,Gabie Ntaate,0,5,0
10507,Violah Nambi,0,6,0
10508,Thereza Piloya,0,2,0
10509,Jeninah Karungi,0,2,0
10510,Medius Kaharata Natukunda,0,3,0
10511,Alice Nabatanzi,0,8,0
10512,Lukia Isanga Nakadama,0,6,0
10513,Agather Atuhaire,0,2,1
10514,"Sandra Katushabe,",0,1,0
10515,Jennifer Driwaru,0,5,0
10516,Joyce Namirimo Tamale,0,5,0
10517,Jane Asinde,0,1,0
10518,Hope Akello,0,1,0
10519,Godiva Akullo,0,4,0
10520,Bathsheba Okwenje,0,3,0
10521,"Lydia Oile, omuyimbi",0,7,0
10522,Naira Ali,0,11,0
10523,Joy Lehai Kanyarutokye,0,5,0
10524,Kiara Kabukuru,0,4,0
10525,Kabakumba Masiko,0,8,0
10526,Christine Kitumba,0,5,0
10527,Mariam Nabatanzi,0,5,0
10528,Grace Oburu,0,1,0
10529,User:Namwanje Sauyah,2,0,0
10530,User talk:Namwanje Sauyah,3,1,0
10531,Acaye Kerunen,0,10,0
10532,Achia Remegio,0,6,0
10533,Ajok Lucy,0,5,0
10534,Rukiya Chekamondo,0,6,0
10535,Prossy Tusabe,0,1,0
10536,Laeticia Kikonyogo,0,7,0
10537,Annettee Nakimuli,0,8,0
10538,Gloria Muzito,0,5,0
10539,Sara Mulindwa,0,4,0
10540,"Vanessa Erogbogbo, omuwandiisi w’ebitabo",0,6,1
10541,Juliet Sekabunga Nalwanga,0,5,0
10542,Rumina Velshi,0,2,1
10543,Jane Suuto,0,1,0
10544,Cleopatra Kambugu Kentaro,0,6,0
10545,Thelma Awori,0,7,0
10546,Miriam Muwanga,0,3,0
10547,Miriam Mukhaye,0,2,0
10548,Nakato Kyabangi Katusiime,0,4,0
10549,Hashaka Kabahweza Florence,0,4,0
10550,Akumu Catherine Mavenjina,0,4,0
10551,Catherine Webombesa,0,5,0
10552,Ritah Asiimwe,0,5,0
10553,Lillian Bagala,0,5,1
10554,Sarah Aguti Nyangkori,0,4,0
10555,Hannah Karema Tumukunde,0,4,0
10556,Freda Mubanda Kasse,0,4,0
10557,Jane Frances Abodo,0,9,0
10558,Julia Kibubura,0,4,0
10559,Princess Elizabeth of Tooro,0,7,0
10560,Catherine Adipo,0,8,0
10561,Usher Komugisha,0,4,0
10562,Immaculate Irumba,0,7,0
10563,"Natasha Shirazi, omuwandiisi w’ebitabo",0,4,0
10564,Rita Aciro,0,3,0
10565,Halima Namakula,0,9,0
10566,Jenifer Bamuturaki,0,7,0
10567,Caroline Adoch,0,4,0
10568,Christine Butegwa,0,4,0
10569,Winifred Kiryabwire,0,6,0
10570,Keturah Kamugasa,0,1,0
10571,Ellinor Catherine Cunningham van Someren,0,5,0
10572,Rowena Turinawe,0,6,0
10573,Florence Nkurukenda,0,6,0
10574,Victoria Nakibuuka,0,4,1
10575,Rosemary Kerwegi,0,6,0
10576,Agnes Kirabo,0,3,0
10577,Victor Nekesa,0,3,0
10578,Alintuma Nsambu,0,6,0
10579,Bakonjo,0,39,1
10580,Mariam Fauzat Wangadya,0,7,0
10581,Susan Nakawuki,0,13,0
10582,Alice Komuhangi Khaukha,0,6,0
10583,Beatrice Kiraso,0,5,0
10584,Amoit Judith Mary,0,4,0
10585,Okullo Aabuka Jallon,0,5,0
10586,Elizabeth Eilor,0,1,0
10587,Damalie Nakanjako,0,6,0
10588,Okufuna olubuto mu myaaka egisobba mu 50,0,6,1
10589,Safina Namukwaya,0,5,0
10590,Peace Kusasira,0,7,0
10591,Stella Kizza,0,4,0
10592,Winnie Matsiko,0,3,0
10593,Lydia Chekwel,0,7,0
10594,Sombe,0,16,1
10595,Justine Nabbosa,0,7,0
10596,Jeninah Ntabgoba,0,5,0
10597,Nayiga Florence Ssekabira,0,4,0
10598,Lillian Tibatemwa-Ekirikubinza,0,10,0
10599,Tezira Jamwa,0,6,0
10600,Hellen Asamo,0,7,0
10601,Ann Maria Nankabirwa,0,7,0
10602,Jovah Kamateeka,0,7,0
10603,Margaret Rwabushaija,0,7,0
10604,Monicah Amoding,0,9,0
10605,Salim Saleh,0,9,0
10606,Nana Kagga,0,15,0
10607,Jovrine Kyomukama Kaliisa,0,7,0
10608,Violet A. Akurut,0,7,0
10609,Christine Ayo Achen,0,6,0
10610,Sylvia Nanyonga,0,1,0
10611,Goretti Angolikin,0,4,0
10612,Jane Mulemwa,0,5,0
10613,Regina Amollo,0,2,0
10614,Cleopatra Koheirwe,0,14,0
10615,Loy Katali,0,6,0
10616,Nusura Tiperu,0,5,0
10617,Rose Rwakasisi,0,7,0
10618,Lillian Aujo,0,6,0
10619,Dora Byamukama,0,1,0
10620,Justine Khainza,0,8,0
10621,Nyana Kakoma,0,5,0
10622,Margaret Mungherera,0,8,0
10623,Olivia Aya Nakitanda,0,3,0
10624,Maria Musoke,0,4,0
10625,Monica Birwinyo,0,3,0
10626,Supra Singhal,0,4,0
10627,Joyce Kakuramatsi Kikafunda,0,2,0
10628,Susan Jolly Abeja,0,3,0
10629,Rosette Kajungu Mutambi,0,3,0
10630,User:Nabukeera Dorothy/Rosette Kajungu Mutambi,2,3,0
10631,Lowila CD Oketayot,0,4,0
10632,Margaret Baba Diri,0,4,0
10633,Jessica Ejjembe,0,10,0
10634,Margaret Mbeiza Kisira,0,6,0
10635,Naome Bagenda,0,3,0
10636,Jackee Budesta Batanda,0,8,0
10637,Judy Obitre–Gama,0,5,0
10638,Julie Mukoda Zabwe,0,4,0
10639,Joy Kabatsi,0,5,0
10640,Philippa Namutebi Kabali-Kagwa,0,8,0
10641,Rose Mutonyi Masaaba,0,7,0
10642,Lilly Adong,0,3,0
10643,Jane Nabulindo Kwoba,0,3,0
10644,Jimmy Spire Ssentongo,0,10,1
10645,Gloria Kamba,0,3,0
10646,Mary Mugyenyi,0,1,0
10647,Josephine Nabukenya,0,6,0
10648,Maud Kamatenesi Mugisha,0,8,0
10649,Oyenbot,0,10,0
10650,Deena (omuyimbi) .,0,1,0
10651,Pumla Kisosonkole,0,2,0
10652,Aisha Sematiko,0,4,0
10653,Jane Kaberuka,0,4,0
10654,Elizabeth Ibanda-Nahamya,0,5,0
10655,Rama Jacqueline Aol,0,7,0
10656,Fauziah Nakiboneka,0,9,0
10657,Anne Atai Omoruto,0,9,0
10658,Jamila Lunkuse,0,5,0
10659,Penny Tinditina,0,6,0
10660,Judith Tukahirwa,0,6,0
10661,Godliver Businge,0,2,0
10662,Stella Arach-Amoko,0,5,0
10663,Sarah Nambawa,0,2,0
10664,Lillian Tindyebwa,0,10,0
10665,Patricia Apolot,0,4,0
10666,Christine Akello,0,5,0
10667,Anne Nasimiyu Wasike,0,7,0
10668,Diana Nkesiga,0,3,0
10669,Rose Akol,0,6,0
10670,Patricia Ojangole,0,7,0
10671,Dokita Ronald Kizito,0,0,0
10672,Leah Kalanguka,0,8,0
10673,Nyakisi Adero,0,2,0
10674,Juliet Chekwel,0,3,0
10675,Kamaanya owa Buganda,0,10,0
10676,Jovia Mutesi,0,5,0
10677,Jane Mpologoma Nabanakulya,0,3,0
10678,Rose Kirumira,0,7,0
10679,Victoria Nyanjura,0,7,0
10680,Jennifer Nansubuga Makumbi,0,9,0
10681,Mariam Najjemba,0,7,0
10682,Hope Ekudu,0,6,0
10683,Ziria Tibalwa Waako,0,7,0
10684,Leni Shida,0,5,0
10685,Irene Birungi,0,3,0
10686,Molly Nawe Kamukama,0,6,0
10687,Grania Rubomboras,0,7,0
10688,Peace Butera,0,6,0
10689,Bernadette Olowo,0,1,0
10690,Katie Kibuka,0,2,1
10691,Philippa Ngaju Makabore,0,6,0
10692,Irene Ovonji-Odida,0,4,0
10694,Ruth Tuma,0,4,0
10695,Katalog,0,3,0
10696,Queen of Katwe,0,14,0
10697,Proscovia Margaret Njuki,0,7,0
10698,Anita Fabiola,0,6,0
10699,Rebecca Amuge Otengo,0,6,0
10700,Phiona Nyamutoro,0,3,0
10701,Rosemary Kisembo,0,6,0
10702,Catherine Amusugut,0,6,0
10703,Pauline Irene Batebe,0,7,0
10704,Bad Black,0,5,0
10705,Cissy Kityo,0,6,0
10706,Nimisha Madhvani,0,4,0
10707,Christine Nyangoma,0,6,0
10708,Proscovia Nabbanja,0,6,0
10709,Harriet Mayanja-Kizza,0,6,0
10710,Angela Atim Lakor,0,6,0
10711,Agnes Konde,0,6,0
10712,Rosemary Tumusiime,0,8,0
10713,Olive Kazaarwe Mukwaya,0,6,0
10714,Suzan Mutesi,0,8,0
10715,Oliver Wonekha,0,6,0
10716,Penina Kasule,0,6,0
10717,Agnes Tibayeita Isharaza,0,6,0
10718,Nisha Kalema,0,6,0
10719,"Florence Ndagire,",0,6,0
10720,Stella Atal,0,6,0
10721,Elizabeth Mpagi Bahigeine,0,6,0
10722,Juliane Okot Bitek,0,7,0
10723,Varsha Nair,0,3,0
10730,"Rhoda Wanyenze, omusajja omulala",0,0,0
10731,"Aisha Kabanda, omusajja omulala",0,0,0
10732,Yunivasite y’e Airlangga,0,0,0
10733,Viboyo,0,7,0
10734,Samuel Sserunkuuma,0,5,0
10735,Elly Sabiiti,0,4,0
10737,Abantu ba Sistani,0,0,0
10738,Ekitongole ekikwasaganya ebibira.,0,0,0
10739,Joan Namutaawe,0,3,0
10740,William Leslie Amanzuru,0,4,1
10741,Arua Central Forest Reserve,0,4,0
10742,Ekibira kya Arua Central,0,4,0
10743,Ennyanja Edward,0,9,3
10744,Ennyanja George mu Uganda.,0,1,1
10745,Ennyanja Nkugute,0,5,1
10746,Ennyanja Nyabihoko,0,7,2
10747,Akayanja ka Kabaka.,0,6,3
10748,Ennyanja Bisina,0,3,0
10749,Ennyanja Nyamusingire,0,3,1
10750,Ennyanja Nyaguo,0,3,0
10751,Lake Mulehe,0,6,0
10752,Lake Kayumbu,0,3,1
10753,Ennyanja Chahafi,0,1,0
10754,Ennyanja Burera,0,1,0
10755,Gideon Bagadawa,0,6,0
10756,Anthony Masake,0,5,0
10757,Ennyanja Bunyonyi,0,9,5
10758,Ekkumiro ly'ebisolo erya Kibale Forest National Park,0,4,1
10759,Mabamba Bay,0,3,0
10760,Lake Nakuwa Wetland System,0,5,0
10761,Ennyanja Opeta,0,4,0
10762,Omugga Ishasha,0,4,0
10763,Ennyanja Kyama,0,2,1
10764,Ennyanja Nshenyi,0,2,0
10765,Ennyanja Nabugabo,0,7,1
10766,Barbara Kemigisa,0,5,0
10767,Luanda,0,0,1
10770,"Basilica of the Uganda Martyrs, Namugongo",0,0,1
10771,Mayanja River,0,0,1
10772,River Nyagak,0,0,1
10773,Lake Mburo,0,0,1
10774,Lake Kibwera,0,0,1
10775,Lake Kijanebalola,0,0,1
10776,River Semliki,0,0,1
10777,Upper Nubia,0,0,1
10778,Busitema University,0,1,0
10779,Okukkiriza Kunihira,0,0,0
10780,Betty Esther Naluyima,0,0,0
10781,Betty Ethe Naluyima,0,0,0
10782,Institute of Tropical Forest Conservation,0,0,1
10783,Okot Santa,0,0,0
10784,Santa Okot mu kibuga kino,0,0,0
10785,MediaWiki:GrowthExperimentsHelpPanel.json,8,0,0
10786,MediaWiki:GrowthExperimentsHomepage.json,8,0,0
10787,MediaWiki:GrowthExperimentsMentorship.json,8,0,0
10788,MediaWiki:GrowthExperimentsSuggestedEdits.json,8,0,0
10789,Zinedine Zidane,0,0,1
10790,Kobe japan,0,0,1
10791,Hyōgo Prefecture,0,0,1
10792,Nishinomiya,0,0,0
10794,"Talk:Muwenda Mutebi II, Kabaka wa Buganda",1,1,0
10795,Michael Ross Kakooza,0,7,1
10796,"Ismail Haniyeh, omuwandiisi",0,9,4
10797,Ismail Haniyeh,0,16,5
10798,Christopher Evans (omuyimbi),0,0,0
10799,Ricky Richard Anywar,0,0,1
10800,BBC News,0,1,0
10801,"Ismael ""El Mayo"" Zambada",0,5,1
10802,Obulabirizi bw'Ekkanisa ya Uganda mu Buganda,0,0,0
10803,Pauline Byakika,0,5,0
10804,Minisita w’ensonga z’omunda mu ggwanga,0,0,0
10805,Edward Kiwanuka Ssekandi,0,0,0
10806,Kitara FC,0,7,0
10807,Police FC (Uganda) .,0,9,0
10808,Omupiira ogw'ebigere,0,3,7
10809,1962 Empaka z'omupiira ez'ameefuga ga Uganda.,0,7,0
10810,Tamale Mirundi,0,3,0
10811,Abel Dhaira,0,4,0
10812,Uganda Cranes,0,1,1
10813,Jaberi Bidandi Ssali,0,2,1
10814,Yunivasite y’e Mbarara,0,14,0
10815,Makerere University WFC,0,3,0
10816,Kadongo Kamu,0,2,4
10817,Ttiimu ya Uganda Yeggwanga ey'omupiira,0,0,0
10818,Tiimu y'eggwanga Uganda ey'omupiira,0,0,0
10819,Makerere College School,0,2,0
10820,Olugave,0,0,3
10821,User:Nabukenya zahara,2,1,0
10822,Crispus Kiyonga,0,3,1
10823,User:NABATEREGGA PAULINE,2,0,0
10824,Kampala Kids League,0,1,0
10825,Micheal Lubowa,0,1,0
10826,Reuben Kisembo,0,1,0
10827,Kosea Odongo,0,1,0
10828,"Johnson Twinomujuni, omuwandiisi w’ebitabo",0,1,0
10829,Joel Obetia,0,1,0
10830,Gravity Omutujju,0,6,0
10831,Paul Mugamba,0,2,0
10832,Bernard Obaikol,0,2,0
10833,Shaban Opolot,0,4,0
10834,"Jane Awich, omuwandiisi w’ebitabo",0,4,0
10835,Shafiq Kagimu,0,4,0
10836,Zziwa,0,0,0
10837,User talk:Tim Cheng koros,3,1,0
10838,Nathan Ahimbisibwe,0,1,0
10839,Simyoni Masaba,0,3,0
10840,Sam Egesa,0,1,0
10841,Nathan Kyamanywa,0,1,0
10842,Patrick Gidudu,0,1,0
10843,Lugazi,0,5,2
10844,Cyprian Kizito Lwanga,0,7,0
10845,John Wilson Nattubu Tsekooko,0,6,0
10846,Philemon Mateke,0,5,0
10847,Jackson Nzerebende,0,1,0
10848,"Geresom Ilukor,",0,0,0
10849,George Kasangaki,0,1,0
10850,Phina Mugerwa,0,7,0
10851,Serapio Bwemi Magambo,0,5,0
10852,Mike Sserumaga,0,3,0
10853,Omusajja w’emmwanyi,0,5,0
10854,Vincent Kirabo,0,3,0
10855,Bobby Williamson,0,15,0
10856,Michael Senyimba,0,1,0
10857,Patrick Wakula,0,1,0
10858,Jackson Matovu,0,1,0
10859,Janani Luwum,0,7,3
10860,Joseph Kizito,0,0,0
10861,Stephen Kaziimba,0,7,0
10862,Henry Kyemba,0,4,0
10863,Adrian Kivumbi Ddungu,0,4,0
10864,Flavia Anglin Senoga,0,5,0
10865,Percy Tuhaise,0,5,0
10866,Amos Magezi,0,1,0
10867,Emmanuel Nsubuga,0,0,0
10868,Andrew Kaggwa,0,1,0
10869,Moroto,0,1,0
10870,Sanctus Lino Wanok,0,3,0
10871,Balaam Barugahara,0,8,1
10872,"Michael Chibita, omuwandiisi w’ebitabo",0,3,0
10873,IHK,0,0,0
10874,Emmanuel Tumusiime-Mutebile,0,3,0
10875,Louis Kasekende,0,5,0
10876,"George Erwau, omuwandiisi w’ebitabo",0,1,0
10877,Evans Mukasa,0,1,0
10878,George Sinabulya,0,1,0
10879,Nakasongola,0,4,1
10880,Fred Masagazi,0,5,0
10881,Peter Nyombi,0,5,0
10882,Talk:KAYAYANA,1,1,0
10883,Mpondwe,0,9,0
10884,Asan Kasingye,0,4,1
10885,Shamirah Nabadda,0,4,0
10886,Kololo Senior Secondary School,0,6,1
10887,Kitante Hill Secondary School,0,7,0
10888,Johnson Gakumba,0,0,0
10889,Ntungamo,0,7,0
10890,Disitulikiti y’e Pakwach,0,4,1
10891,Elioda Tumwesigye,0,4,0
10892,Namayumba,0,5,0
10893,Kitovu Hospital,0,5,0
10894,Bugweri District,0,1,2
10895,Nebbi,0,5,0
10896,Disitulikiti y'e Ngoma,0,3,0
10897,"Patrick Edema, omuwandiisi w’ebitabo",0,3,0
10898,Fik Fameica,0,6,0
10899,Stephen Malinga,0,6,0
10900,Ettendekero lya Golf erya Afriyea,0,6,1
10901,Humphrey Nabimanya,0,3,1
10902,Ssetendekero y’e Mbarara,0,16,2
10903,Namilyango College,0,0,0
10904,Mbale,0,15,0
10905,Essaza ly’e Mawogola,0,4,0
10906,Disitulikiti y'e Ngara,0,8,0
10907,Bank of Uganda,0,6,1
10908,Asuman Kiyingi,0,5,0
10909,Martin Okoth Ochola,0,4,0
10910,Njeru,0,7,0
10911,Paul Lokech,0,5,1
10912,Disitulikiti y'e Nyasa,0,1,0
10913,Disitulikiti y'e Nyala,0,1,0
10914,Lady Doves FC,0,3,0
10915,Ngala,0,7,0
10916,Geresom Ilukor,0,1,0
10917,Charles Livingstone Mbabazi,0,3,0
10918,Patrick Edrin Kyamanywa,0,4,0
10919,Stanley Ntagali,0,6,0
10920,Henry Katumba Tamale,0,1,0
10921,Guaranty Trust Bank (Uganda),0,5,1
10922,George Erwau,0,1,0
10923,Eddwaaliro lya Villa Maria,0,6,0
10924,NCBA Bank Uganda,0,6,0
10925,Sheraton Kampala Hotel,0,4,1
10926,Senteza Kajubi,0,11,0
10927,Kampala Speke Hotel,0,6,0
10928,"Sheldon Mwesigwa, omusajja omulala",0,1,0
10929,Richard Buteera,0,6,0
10930,Samuel Gidudu,0,1,0
10931,Stephen Namanya,0,1,0
10932,"Lwakhakha, Uganda",0,7,0
10933,Allan Kateregga,0,1,0
10934,"Elly Tumwine, omuwandiisi w’ebitabo",0,7,0
10935,John Musinguzi Rujoki,0,4,0
10936,Alphonse Watho-kudi,0,1,0
10937,Sheldon Mwesigwa,0,1,0
10938,Samuel Ssekkadde,0,1,0
10939,Sam Kavuma,0,5,0
10940,Emmanuel Nsubuga (omukubi w’ebikonde),0,1,0
10941,David Sejusa,0,5,1
10942,Samson Mwaluda,0,1,0
10943,Sam Kahuma,0,1,0
10944,She Corporates Football club,0,3,0
10945,Uganda Management Institute,0,6,1
10946,Eddwaliro lya St. Charles Lwanga Buikwe,0,5,0
10947,Aberi Balya,0,0,0
10948,Olukalala lwa kiraabu z'omupiira mu Uganda,0,22,0
10949,Simon Mugenyi Byabakama,0,7,0
10950,Sabino Ocan Odoki,0,7,0
10951,Flavia Byekwaso,0,4,1
10952,Mukono Town,0,6,0
10953,Serverus Jjumba,0,5,0
10954,Disitulikiti ya Busia,0,6,2
10955,Alex Kakuba,0,0,0
10956,Olukalala lwa massomero mu Uganda,0,2,0
10957,Joseph Anthony Zziwa,0,5,0
10958,Uskiella,0,1,0
10959,Essomero ly'obusawo mu Ssetendekero ye Mbarara,0,0,0
10960,Lambert Bainomugisha,0,5,0
10961,Robert Odongkara,0,6,0
10962,Andrew Mwesigwa,0,9,0
10963,James Munange Ogoola,0,8,0
10964,Buluba Hospital,0,5,2
10965,Male Mabirizi,0,5,1
10966,Islamic University in Uganda,0,7,1
10967,Iganga General Hospital,0,5,0
10968,Albert Edward Baharagate Akiiki,0,4,0
10969,Lawrence Mukasa,0,5,0
10970,Zziwa Kennedy,0,4,0
10971,Augustine Nshimye,0,4,0
10972,Richard Byarugaba,0,4,0
10973,Christopher Izama Madrama,0,6,0
10974,Christopher Kakooza,0,4,0
10975,Charles Barugahare,0,6,0
10976,Matthias Ssekamaanya,0,4,0
10977,Essaza lyobukatuliki ely'eLugazi,0,5,2
10978,Dominic Eibu,0,3,0
10979,Raphael p'Mony Wokorach,0,4,0
10980,Kampala–Jinja Highway,0,5,2
10981,Rubby Opio Aweri,0,4,0
10982,Jotham Tumwesigye,0,6,0
10983,Eldad Mwangusya,0,5,0
10984,Tamena Ibuga,0,3,3
10985,Eddwaaliro e Nakasero,0,6,0
10986,Essaza ly'e Lwemiyaga,0,4,0
10987,Stephen Musota,0,7,0
10988,Denis Ssebuggwawo Wasswa,0,2,2
10989,Omutukuvu Nelly-Sade,0,6,0
10990,Charles Martin Wamica,0,3,0
10991,Charles Martin Wamika,0,3,0
10992,"Deogratias Muganwa Byabazaire, Omuntu w'abantu",0,3,0
10993,Wilson Mbadi,0,6,0
10994,Obulabirizi bwa Roman Catholic e Jinja,0,3,1
10995,Geoffrey Tumusiime,0,3,0
10996,Isaac Musumba,0,5,1
10997,James Kazini,0,7,1
10999,Ekitongole kya Kampala Capital City Authority,0,7,0
11000,Eddwaaliro lya Kitgum,0,3,0
11001,Kampala Capital City Authority,0,7,0
11002,Yunivasite ya Cavendish Uganda,0,13,0
11003,Geoffrey Kiryabwire,0,5,0
11004,Ohio lamprey,0,5,0
11005,Kyetume FC,0,5,0
11006,Bitumastic FC,0,5,0
11007,Kololo,0,6,2
11008,CoRSU Rehabilitation Hospital,0,7,0
11009,Gulu United FC,0,7,0
11010,Kansai Plascon FC,0,2,0
11011,Kilembe Mines FC,0,5,0
11012,Kisubi Hospital,0,4,0
11013,Nakasero Market,0,5,0
11014,Martin Ssempa,0,10,0
11015,Lweza FC,0,3,0
11016,MYDA FC,0,1,0
11017,Maroons FC,0,11,0
11018,Masaka Local Council FC,0,3,0
11019,Mbarara City FC,0,9,0
11020,National Enterprise Corporation FC,0,9,0
11021,Nile Breweries FC,0,4,0
11022,Nyamityobora FC,0,3,0
11023,Cabinet of Uganda,0,3,1
11024,William Byaruhanga,0,4,0
11025,Kenneth Kakuru,0,7,0
11026,Law Development Centre,0,6,1
11027,HiveColab,0,1,0
11028,"King's College, Budo",0,12,2
11029,Jinja–Iganga–Bugiri–Tororo Road,0,5,0
11030,James Zikusoka,0,7,0
11031,Eddwaliro lya St. Francis e Nkokonjeru,0,6,0
11032,Nkokonjeru,0,6,1
11033,Adolf Mwesige,0,4,1
11034,Erias Lukwago,0,5,0
11035,Nyanza Textile Industries Limited,0,6,0
11036,"Nyenga, Uganda",0,5,0
11037,Musita,0,3,0
11038,Minisitule y’ensonga z’e Karamoja (Uganda),0,8,0
11039,"Minisitule y’ebyobulambuzi, ebisolo by’omu nsiko n’eby’edda (Uganda)",0,8,0
11040,Namayingo,0,5,0
11041,Ssaabaminisita wa Uganda,0,6,8
11042,GM Sugar Uganda Limited,0,4,0
11043,Mayuge Sugar Industries Limited,0,6,1
11044,Jinja Hospital,0,5,1
11045,Kamuli Sugar Limited,0,4,0
11046,Giuseppe Filippi,0,3,0
11047,Nile Breweries Limited,0,6,1
11048,Haruna Kasolo Kyeyune,0,2,0
11049,Mayuge,0,7,2
11050,Henry Tumukunde,0,11,0
11051,Kale Kayihura,0,10,0
11052,Felix Kulaygye,0,6,0
11053,Travis Mutyaba,0,3,0
11054,Nakasero kasozi,0,0,0
11055,Kikwayi,0,0,0
11056,Talk:Kikwayi,1,1,0
11057,Ngogwe,0,0,0
11060,Lubaga divizoni,0,0,0
11061,Ndeeba kibuga,0,0,0
11064,Tirana,0,0,1
11065,Rachel Magulu,0,0,0
11066,Minti,0,9,0
11067,User talk:Grandeboy,3,1,0
11069,Morley Beyekwaso,0,3,0
11070,Ebikwata Ku,0,0,0
11071,User talk:Wüstenspringmaus,3,0,1
11072,User talk:-revi,3,0,0
11073,User:-revi,2,0,0
11074,Omugeranyakikumi(Percentage),0,0,0
11075,Morley Byekwaso,0,2,0
11076,Abdallah Mubiru,0,6,0
11081,Ttaabamiruka we Rubaga 2024,0,3,3
11084,Dan Birikwalira,0,7,0
11085,Okwagala ekikula kye kimu,0,2,0
11086,Lilian Mary Nabulime,0,4,1
11087,Moses Aliro,0,8,0
11089,Offa Medical Centre,0,3,0
11090,Nana Asaase,0,6,0
11091,Eddwaliro ekkulu e Kawolo,0,5,0
11092,"Elio Capradossi,",0,5,0
11093,Mpigi,0,6,1
11094,Wooteri Eqatorial,0,6,0
11095,Wikipedia talk:Administrators,5,1,0
11096,Omuti gwa Nakayima,0,7,2
11097,Omuti Nakayima,0,7,2
11098,Essundiro ly'amasannyalaze ery'ebbugumu ery'e Lugazi,0,6,0
11099,Eddwaliro lya Nyenga Mission,0,6,0
11100,Ekitongole kya Sugar Corporation ekya Uganda Limited,0,7,0
11101,Wandegeya,0,6,0
11102,User:Mickie-Mickie,2,0,0
11104,Kyakapeya,0,0,0
11105,Makerere,0,7,4
11106,Ekika ky'Enjaza,0,5,1
11107,Ekika ky'Envuma,0,3,1
11108,Omugotteko gw'e katanga,0,4,0
11109,MediaWiki:BabelConfig.json,8,0,0
11110,Esigalyakagolo,0,0,0
11111,Talk:Esigalyakagolo,1,0,0
11112,Olukalala lw'ebibuga n'obubuga mu Uganda,0,4,5
11113,Emboozi ya Faaza Clements,0,2,0
11115,Gomesi,0,2,1
11116,Enkodomali,0,4,0
11117,Embudyadya,0,0,0
11118,Draft:nnakyemalira,0,0,0
11119,User talk:Geossegawa,3,1,0
11120,Amasiinya,0,2,5
11121,Ebinnya bya Tanda,0,1,4
11122,Mukasa (omusambwa) .,0,4,0
11123,Ensengeka y’Engabo n’Amaffumu,0,2,0
11124,Walumbe,0,2,1
11125,Ggulu,0,1,0
11126,Kibuuka (omusambwa) .,0,5,0
11127,Katogo (emmere),0,6,1
11128,Ensaasi,0,4,1
11129,Katogo (emmere) .,0,0,0
11131,Kazino ez’oku mutimbagano,0,14,0
11132,Olumbe,0,0,0
11133,Talk:Olumbe,1,1,0
11134,User:Артем Загребельный,2,0,0
11135,Akatale k’omulimi ekikonoona biibino,0,0,0
11136,OMULIMI N’OMULUNZI,0,0,0
11137,Enva,0,0,0
11138,Kigolooba Mataali Group Limited,0,3,0
11141,Anne Nassanga,0,8,0
11142,Talk:Henry Katumba Tamale,1,1,0
11143,Godfrey Makumbi,0,0,0
11144,MediaWiki:GrowthExperimentsCommunityUpdates.json,8,0,0
11145,Shaka Ssali,0,0,0
11146,"Janat Chemusto, omuwandiisi w’ebitabo",0,4,0
11147,Janat Chemusto,0,5,0
11148,Ivan Edwards,0,5,2
11149,Essanyu Ruth Acheng,0,0,0
11150,Joy Ruth Acheng,0,5,0
11151,Hadija Namale,0,0,0
11152,Maureen Nantume,0,0,0
11153,Frances Akello,0,1,0
11154,Josephine Kasya,0,2,0
11155,Joyce Mpanga,0,4,1
11156,Omuyimbi Eunice Otuko Apio,0,3,0
11157,Malyamu Amin,0,4,0
11158,Buhimba United Saints F.C.,0,1,0
11159,Jacqueline Asiimwe,0,6,0
11160,Julianne Mweheire,0,3,0
11161,Veronica Sentongo,0,4,0
11162,Purity Wako,0,2,0
11163,Obulongoofu Wako,0,0,0
11164,Regina Bafaki,0,6,0
11165,Tina Drazu,0,4,0
11166,Jackline Kemigisa,0,3,0
11167,Amanda Tumusiime,0,0,1
11168,Ssettendekero wa Makerere,0,0,0
11169,Evelyn Nabunya,0,3,0
11170,Elizabeth Muwanga Alamo,0,4,0
11171,Florence Nkalubo,0,4,0
11172,Monica Kirya,0,4,0
11173,Jolly Nankunda,0,3,0
11174,Victoria Walusansa,0,4,0
11175,Zafaran (omuyimbi) .,0,4,0
11176,Zafaran (omuyimbi),0,4,0
11177,Winnie Nwagi,0,2,1
11178,Susan Kigula,0,1,0
11179,Carol Nakimera,0,7,0
11180,Alice Mwesigwa,0,4,0
11181,Tumuheirwe Florence,0,4,0
11182,Ettooke,0,0,0
11184,User:NAUME GOU,2,0,0
11185,Template:Databox generic,10,0,0
11186,Sostine Namanya,0,4,0
11187,"Natasha Nyonyozi, omusajja omulala",0,6,0
11188,User:Reign Evert/Yoweri Museveni,2,6,1
11189,Talk:Buhimba United Saints F.C.,1,0,0
11190,Moses Muhangi,0,4,0
11191,Pearl of Africa Rally,0,2,0
11192,Stephen Omony,0,1,0
11193,Ssi,0,0,0
11194,Nnaabagereka Sylvia owa Buganda,0,0,0
11195,Ťhomas B. Ťayebwa,0,0,0
11196,Beti Kamya-Turwomwe,0,0,0
11197,Empulizi y’amasannyalaze (electromagnetic pulse).,0,0,0
11198,Guinea ya Bufalansa,0,0,0
11199,Omukutu gwa Twitter,0,0,0
11202,Daudi Okello,0,1,0
11203,Elvis Bwomono,0,6,0
11204,Ivan Lumanyika,0,3,0
11205,Agnes Nabukenya,0,5,0
11206,Elio Capradossi,0,5,0
11207,Nicholas Omonuk,0,4,0
11208,Mars,0,0,0
11209,User talk:KiranBOT,3,0,0
11210,User talk:Usernamekiran,3,0,0
11211,"Nicholas Omonuk, omuwandiisi w’ebitabo",0,0,0
11212,Akasozi Buddo,0,6,0
11213,Simon Peter Kinobe,0,8,0
11214,Janet Achola,0,2,1
11215,Gaetano Batanyenda,0,1,1
11216,Augustine Nsumba,0,6,0
11217,Steven Mukwala,0,3,0
11218,Martin Muwanga,0,3,0
11219,Nandede Zaina,0,6,0
11220,Gavin Kizito,0,5,0
11221,Charles Lukwago,0,1,0
11222,Robert Ssentongo (omuzannyi w'omupiira),0,4,0
11223,Bibyo,0,3,4
11224,Thembo Nyombi,0,0,0
11225,Entebbe Cricket Oval,0,1,0
11226,Olukalala lw abakulembeze b amawanga ga India,0,1,19
11227,Deogratias Muganwa Byabazaire,0,0,0
11228,John Ssebuwufu,0,0,0
11229,Emmanuel Katongole,0,0,0
11230,David Serwadda,0,0,0
11231,ISBAT University,0,0,0
11232,Air Serv Limited,0,0,0
11233,Maryhill High School,0,1,0
11234,Mifumi,0,0,2
11235,Sebastian Munulo,0,0,0
11236,Ibrahim Kironde Kabanda,0,0,0
11237,Robina Bwita,0,0,0
11238,Muhammed Alibhai,0,0,0
11239,Grace Kavuma,0,0,0
11240,Template:Infobox person/doc,10,4,0
11241,Template:Infobox Person/doc,10,0,0
11242,Template:Personbox,10,0,0
11244,User:Solomon Suubi/sandbox,2,0,0
11245,Allan Oyirwoth,0,4,0
11246,Julie Mutesasira,0,4,0
11247,Tom Butime,0,0,0
11248,Michael Mawanda,0,4,0
11249,Patrick Kayemba,0,0,0
11250,Abdul Kadir Ali Muwaya,0,0,0
11251,Saint Kizito,0,3,0
11252,Davis Arinaitwe,0,1,0
11253,Uganda Air Cargo Corporation,0,0,1
11254,Mike Kennedy Sebalu,0,1,0
11255,Best Kemigisa,0,3,0
11256,Bright Rwamirama,0,5,0
11257,Pela Commodities,0,2,0
11258,Mapeera House,0,3,0
11259,Olara Otunnu,0,6,1
11260,John Kyazze,0,1,0
11261,Mc Norman,0,4,0
11262,Said Adrus,0,6,0
11263,Bobby Lash B2C,0,6,0
11264,Matiya Mulumba,0,2,0
11265,Laurence Sematimba,0,1,0
11266,Benjamin Musoke,0,2,0
11267,Junior Kwebiha,0,2,0
11268,Saleh Kamba,0,2,0
11269,Rukidi IV ow’e Tooro,0,9,0
11270,Kalema of Bugand,0,9,1
11271,Apolo Kivebulaya,0,2,0
11272,Hajjati minsa kabanda,0,0,0
11273,Jjunju of Buganda,0,9,0
11275,Faridah Nambi,0,4,0
11276,User:Actormusicus,2,0,0
11277,Ganzi Mugula,0,1,0
11278,Ttembo owa Buganda,0,5,0
11280,Amon Bazira,0,4,0
11281,Ndawula owa Buganda,0,10,0
11282,Kagulu owa Buganda,0,9,0
11283,Kikulwe owa Buganda,0,8,0
11284,Mawanda of Buganda,0,8,0
11285,Leila Nakabira,0,0,0
11286,Nkulanga Enock,0,0,0
11287,Jack Maumbe Mukhwana,0,0,0
11288,Martin Stephen Egonda-Ntende,0,0,0
11289,Chwa I owa Buganda,0,8,0
11290,Kyabaggu of Buganda,0,8,0
11291,Fred Mukisa,0,0,1
11292,Ssemakookiro of Buganda,0,9,0
11293,Simon D'Ujanga,0,0,0
11294,Fred Omach,0,0,0
11295,Ntare VI of Ankole,0,1,0
11296,Sulaiman Kyebakoze Madada,0,0,0
11297,Sulaiman Madada,0,2,0
11298,Gagawala Wambuzi,0,0,0
11299,Nyamukutura Kyebambe III owe Bunyoro,0,1,0
11300,Arthur Kaluma,0,6,0
11301,Simon Ejua,0,0,0
11302,Cotilda Nakate Kikomeko,0,4,0
11303,Kimera of Buganda,0,8,0
11304,Gordon Wavamunno,0,8,0
11305,James Baba,0,0,0
11306,John Wills,0,0,1
11307,Yash Tandon,0,0,1
11308,Sheikh Abdullahi Ssekimwanyi,0,0,0
11309,Richard M Kavuma,0,0,0
11310,Asif Din,0,0,0
11311,Kiyimba owa Buganda,0,1,0
11312,Kiggala owa Buganda,0,1,0
11313,Kassim Ouma,0,8,0
11314,Kayima owa Buganda,0,1,0
11315,Nakibinge owa Buganda,0,1,0
11316,SK Mbuga,0,5,0
11317,Canon Andrew Nyote,0,5,0
11318,Kiweewa,0,6,0
11319,Simon Peter Engurait,0,8,0
11320,Mulondo owa Buganda,0,0,0
11321,Jemba owa Buganda,0,0,0
11322,Ssuuna I of Buganda,0,0,0
11323,Ssuuna I owa Buganda,0,4,0
11324,Ssekamanya owa Buganda,0,0,0
11325,Ali Kony,0,5,0
11326,Onesimus Asiimwe,0,1,0
11327,Kimbugwe owa Buganda,0,1,0
11328,Kateregga owa Buganda,0,0,0
11329,Mutebi I owa Buganda,0,1,0
11330,Jjuuko of Buganda,0,0,0
11331,David Guwatudde,0,3,0
11332,Jjuuko owa Buganda,0,8,0
11333,Ssekabaka Kayemba owa Buganda,0,1,0
11334,Sabiiti Muzeyi,0,6,0
11335,Polly Namaye,0,5,0
11336,Muhammad Kirumira,0,3,0
11337,Tebandeke owa Buganda,0,0,0
11338,Namuggala owa Buganda,0,0,0
11339,Kiweewa owa Buganda,0,0,0
11340,Onegi Obel,0,0,0
11341,Olimi I owe Tooro,0,0,0
11342,Olimi I ow'e Tooro,0,1,0
11343,Ruhaga ow'e Toro,0,0,0
11344,Nyaika owe Tooro,0,0,0
11345,Rukidi I owe Toro,0,0,0
11346,Olimi II ow'e Tooro,0,0,0
11347,Jonah Lwanga,0,5,0
11350,Sudhir Ruparelia,0,11,1
11351,Rukidi II ow’e Tooro,0,0,0
11352,Rububi Kyebambe II ow’e Tooro,0,0,0
11353,Kakende ow'e Toro,0,0,0
11354,Christopher Senyonjo,0,8,0
11355,Ssekabaka Mwanga II owa Buganda,0,12,1
11356,Augustine Kasujja,0,5,0
11357,Katera ow'e Toro,0,0,0
11358,Kyebambe IV owe Tooro,0,0,0
11359,Kyebambe III owe Tooro,0,4,1
11360,Gerald Kasaato,0,4,0
11361,Patrick Salvador Idringi,0,14,0
11362,Kamanda Bataringaya,0,5,0
11363,Charles Ssekyaaya,0,1,0
11364,John Kabaireho,0,1,0
11365,Daisuke Ssegwanyi,0,2,0
11366,Raymond Rushabiro,0,1,0
11367,Patrick Salvado Idringi,0,0,0
11368,Katherine Namuddu,0,6,0
11369,Peace Mbabazi Kyamukongwire,0,6,0
11370,Omukama Rukidi III ow'eTooro,0,0,0
11371,Micheal Etyang,0,3,0
11372,Omukama Rukidi III ow'e Tooro,0,4,0
11373,William F.S. Edwards,0,8,5
11374,Omukama w'e Tooro,0,0,0
11375,Olivia Wawire,0,5,0
11376,Jonathan Kingdon,0,0,0
11377,Aisha Lubega,0,4,0
11378,Fatumah Asha,0,1,0
11379,Norah Amin,0,3,0
11380,Madina Amin,0,4,0
11381,Daudi Kintu Wasajja,0,1,0
11382,Esther Wamala,0,3,0
11383,George Kirya,0,0,0
11384,Fred Wabwire-Mangen,0,0,0
11385,Nelson Sewankambo,0,0,0
11386,Kezia owa Buganda,0,1,0
11387,Charles Mumbere,0,0,0
11388,Arthur Kyobe,0,1,0
11389,Joseph Kony,0,16,2
11390,Sandy Stevens Tickodri-Togboa,0,0,0
11391,Bulaimu Muwanga Kibirige,0,0,0
11392,Ivan Semwanga,0,7,0
11393,Daniel Kajumba,0,1,0
11394,Amos Nzeyi,0,0,0
11395,Francis Okello,0,2,0
11396,David Wakikona,0,0,0
11397,Yosia Nadiope owa Busoga,0,0,0
11398,Ignatius Sserulyo,0,0,0
11399,Henry Mzili Mujunga,0,0,1
11400,Micheal Kasaija,0,0,0
11401,Amos Twinomujuni,0,1,0
11402,Samuel Turyagyenda,0,0,0
11403,Joseph Semwanga,0,0,0
11404,Robert Rusoke,0,0,0
11405,Francis Chemonges,0,0,0
11406,Semei Kakungulu,0,6,2
11407,Moses Kamya,0,6,0
11408,Muljibhai Madhvani,0,5,0
11409,Michael Kyomya,0,2,0
11410,Kirunda Kivejinja,0,6,0
11411,"Sam Childers, omuwandiisi w’ebitabo",0,4,0
11412,Ntare IV of Nkore,0,0,0
11413,Joe Atuhaire,0,1,0
11414,Macwa owe Nkore,0,0,0
11415,Angela Leigh,0,0,0
11416,Ssuuna II of Buganda,0,11,0
11417,Mohamed Muruli,0,1,0
11418,Peter Kerim,0,7,0
11419,Frederick Kitaka,0,0,0
11420,George Baguma,0,0,0
11421,Lepono Ndhlovu,0,0,0
11422,Faruk Ochimi,0,0,0
11423,Template:Cite journal/doc,10,1,0
11424,Template:Cite book/doc,10,1,0
11425,Template:Cite web/doc,10,1,0
11426,Kay Adroa,0,5,0
11427,Equity Bank Uganda Limited,0,6,0
11428,Elizabeth Nalugemwa,0,8,0
11429,Damalie Kisosonkole,0,5,0
11430,Angelina Kakooza Mwesige,0,6,0
11431,Margaret Ssebagereka,0,3,0
11432,Henry Luke Orombi,0,6,0
11433,Culton Scovia Nakamya,0,5,0
11434,Brenda Maraka,0,5,0
11435,Karole Kasiita,0,7,0
11436,Patrick Kankiriho,0,0,0
11437,John Mugyenyi,0,0,0
11438,Mukasa Mbidde,0,0,0
11439,Patrick Nsamba Oshabe,0,2,0
11440,Patricia Munabi Babiiha,0,5,0
11441,Mike Mukula,0,4,0
11442,Dennis Ngabirano,0,2,0
11443,"Shaban Ramadhan Mubaje, omusajja omulala",0,5,0
11444,Samuel Okwir,0,2,0
11445,Ham Serunjogi,0,5,0
11446,Hannington Mutebi,0,1,0
11447,James Ssebaggala,0,1,0
11448,Stanislaus Okurut,0,0,0
11449,Pio Zirimu,0,0,0
11450,Eneriko Seruma,0,0,0
11451,User:HakanIST/test,2,0,2
11452,User:Ssemmanda will/Ekifaananyi ky'olunaku test,2,0,2
11453,Abubakar Muhammad Moki,0,3,0
11454,Abayudaaya,0,12,2
11455,Frank Nabwiso,0,7,0
11456,Brian Mushana Kwesiga,0,5,0
11457,Elizabeth Kyazike,0,4,0
11458,Alexander David Ssimbwa,0,3,1
11459,Yokaana F. Mugisha,0,5,0
11460,Richard Carl Ntiru,0,0,0
11461,Barbara Barungi,0,5,0
11462,Jack Sentongo,0,2,0
11463,Patricia Ochan Okiria,0,2,0
11464,Angufiru Margaret,0,4,0
11465,Lubwa p'Chong,0,0,0
11466,Omuyimbi Joselyn Kamateneti,0,4,0
11467,Daniel David Ntanda Nsereko,0,1,0
11468,Olukalala lw'abannayuganda,0,1,0
11469,Ambrosio Kibuuka,0,0,0
11470,P'Bitek Okot,0,0,0
11471,Ruhinda ow’e Ankole,0,0,0
11472,Kyebambe IV owe Bunyoro,0,1,0
11473,Ivan Muhwezi,0,4,0
11474,Kyebambe IV of Toro,0,1,0
11475,Samite,0,0,0
11476,Paul Ngologoza,0,0,0
11477,John Nagenda,0,0,0
11478,Justine Odong Latek,0,1,0
11479,Kasirye Ggwanga,0,7,0
11480,Duhaga owe Bunyoro,0,0,0
11481,Vincent Otti,0,0,0
11482,Raska Lukwiya,0,0,0
11483,Okot Odiambo,0,0,0
11484,Okot Odhiambo,0,3,0
11485,Akena p'Ojok,0,1,0
11486,Lilian Ruteraho,0,4,0
11487,Joseph Kibweteere,0,0,0
11488,Nasser Sebaggala,0,0,0
11489,Samuel Walusimbi,0,0,0
11490,Kato Serwanga,0,0,0
11491,James Kabarebe,0,0,0
11492,Danny Keogh,0,0,0
11494,Francis Miiro,0,6,0
11495,Abayindi mu Uganda,0,0,0
11496,James Makumbi,0,1,1
11497,Andrew Felix Kaweesi,0,6,0
11498,Justinian Tamusuza,0,0,0
11499,Bertrand Besigye,0,0,0
11500,Emmanuel Lumu,0,5,0
11501,Henry Wako Muloki,0,0,0
11502,Ali Kavuma,0,1,0
11503,Muhamed Kizito,0,1,0
11504,Mwanga I of Buganda,0,0,0
11505,Mwanga I owa Buganda,0,2,0
11506,Eliphaz Maari,0,1,0
11507,Abdul Nadduli,0,2,0
11508,Joseph Kagimu,0,2,0
11509,Amos Okot,0,0,1
11510,Morris Ogenga Latigo,0,0,1
11511,Maxwell Akora,0,0,0
11512,Jitendra Patel,0,0,0
11513,Wilton Sebastian Kezala,0,0,0
11514,Albert Ssempeke,0,1,0
11515,James Makubuya,0,6,0
11516,Gershom Sizomu,0,0,1
11517,Svend Bayer,0,0,1
11518,Joseph Hutchinson,0,0,0
11519,Ykee Benda,0,2,0
11520,Solomon Male,0,0,0
11521,Ezekiel Tenywa Wako owa Busoga,0,0,1
11522,Okugya n'okugwa kwa Idi Amin,0,0,0
11523,Rise and Fall of Idi Amin,0,1,0
11524,Shimit Amin,0,0,0
11525,Michael Kawalya Kagwa,0,0,0
11526,Shaban Bantariza,0,0,0
11527,Nanji Kalidas Mehta,0,10,2
11528,Juma A. Oris,0,0,0
11529,Nick Twinamatsiko,0,4,0
11530,Kalema owa Buganda,0,9,1
11531,Erinayo Wilson Oryema,0,0,0
11532,Taban lo Liyong,0,1,0
11533,"Nick Twinamatsiko, omusajja omulala",0,0,0
11534,User:Rgnpx/Obulwadde bw’okusannyalala mu tulo,2,1,1
11535,Eddagala lya Paracetamol(Panado),0,1,0
11536,Template:US dollar,10,0,0
11537,Template:US$,10,0,0
11538,Template:Infobox drug,10,0,0
11539,Template:Infobox medal condition,10,0,1
11540,Template:Infobox medal condition/doc,10,1,0
11541,Kenneth Kamyuka,0,0,0
11542,Olukalala lw'abakulira Yunivaasite mu Uganda,0,3,0
11543,Patrick Ochan,0,0,0
11544,Raymond Otim,0,0,0
11545,Omuyimbi Laurence Sematimba,0,0,0
11546,List of Ugandan writers,0,2,0
11548,Benjamin Kiplagat,0,1,0
11549,Mark Barrington-Ward,0,0,0
11550,Frank Mugisha,0,0,1
11551,Samuel Sejjaaka,0,0,0
11552,James Mulwana,0,6,0
11553,Olukalala lw'abayimbi abannayuganda,0,22,0
11554,Zi Ssemaduuka za Uchumi,0,0,0
11555,Wycliffe Kiyingi,0,5,0
11556,Ssemaduuka za Uchumi,0,2,0
11557,Olubuto,0,1,1
11558,Olukalala lw'abayimbi Bannayuganda,0,9,0
11559,Pepe Julian Onziema,0,5,0
11560,Ceasar Achellam,0,1,0
11561,Alphonse Lamola,0,1,0
11562,Vanita Kayiwa,0,4,0
11563,Apollo Kironde,0,1,0
11564,Hakim Sendagire,0,3,0
11565,James Obita,0,1,0
11566,Charles Mbire,0,6,0
11567,"Endagaano ya Nairobi, 1999",0,5,0
11568,Julius Oketta,0,1,0
11569,Raphael Owor,0,2,0
11570,National Organization of Trade Unions,0,0,0
11571,Ekibiina kya DFCU,0,0,0
11572,Kkampuni ya DFCU,0,2,0
11573,Uganda Christian University,0,0,0
11574,Hilary Mukundane,0,1,0
11575,Ttiimu ya Uganda ey'abakazi abazannya cricket,0,0,0
11576,St. Mary's Hospital Lacor,0,0,0
11577,Elizabeth Paula Napeyok,0,4,0
11578,Juliet Muzoora Atuhairwe,0,3,0
11579,John Ntambirweki,0,6,0
11580,Juliet Muzoora,0,3,0
11581,Phillimon Selowa,0,1,0
11582,Henry Tigan,0,5,0
11583,Herman Ssewanyana,0,4,0
11584,Olukalala lw'abakola ennyimba mu Uganda,0,4,0
11585,Uganda Martyrs University,0,0,0
11586,Patrick Mutono,0,1,0
11587,Shem Bageine,0,2,0
11588,Lawrence Ogwang,0,2,0
11590,Kwete,0,2,0
11591,Elizabeth Ntege,0,2,0
11592,Rachael Mwine Arinaitwe,0,5,0
11593,Samson Kasumba,0,3,0
11594,Mr.bLee B2C,0,10,0
11595,Luyimbaza Elias Nalukoola,0,6,0
11596,Daudi Migereko,0,0,0
11597,Yunivasite ya Kyambogo,0,1,0
11598,Godfrey Kirumira,0,6,0
11599,Yunivasite y'e Kyambogo,0,1,0
11600,Elvis Sekyanzi,0,6,0
11601,Patrick Ocan,0,0,0
11602,Elizabeth Muwanga,0,0,0
11603,Hassan Basajjabalaba,0,3,0
11604,Lawrence Sebalu,0,1,0
11605,Ntare School,0,0,1
11606,Mbarara High School,0,0,1
11607,Apollo Kaggwa,0,11,3
11608,Faridah Bulega,0,2,0
11609,Ruth Achieng,0,1,0
11610,Ismael Orot,0,0,0
11611,Shirish Korde,0,4,0
11612,Frederick Ngobi Gume,0,1,0
11613,Charles Engola,0,3,0
11614,Rajat Neogy,0,3,0
11615,Uganda Cricket Association,0,0,0
11616,Kkampuni ya yinsuwa ya Jubilee Limited,0,0,0
11617,Kkampuni ya yinsuwa ya Jubilee Insurance Company Limited,0,7,0
11618,Ttiimu y'eggwanga eya Uganda netball,0,0,0
11619,Misaeri Kauma,0,1,0
11620,Faridah Kadondi,0,4,0
11621,Joel Mutakubwa,0,1,0
11622,Francis Mwijukye,0,4,0
11623,Micheal B. Nsimbi,0,1,0
11624,Omwony Ojwok,0,1,0
11625,Arthur Ssegwanyi,0,2,0
11626,Christopher Iga,0,1,0
11627,Jackson Kiprop,0,1,0
11628,Paul Lokiru Kalanda,0,3,0
11629,Master Blaster,0,5,0
11630,Mohammed Hamid,0,3,0
11631,Gilbert Kaburu,0,0,0
11632,Eng Abner Nangwale,0,0,0
11633,List of record producers in Uganda,0,0,0
11634,Jayesh Manek,0,4,0
11635,Stella Nekuusa,0,0,0
11636,Lydia Nsaale Kitayimbwa,0,0,0
11637,Lukyamuzi Bashir,0,1,0
11638,Robert Marie Gay,0,5,0
11639,Elly Wamala,0,5,0
11640,Peter Lwabi,0,1,0
11641,Yabezi Kiiza,0,1,0
11642,Ismail Katamba,0,1,0
11643,Kampala YMCA,0,2,1
11644,Mark Kiyimba,0,0,0
11645,Muyanja Mbabaali,0,3,0
11646,Mulumba Ivan Matthias,0,0,0
11647,George Wilberforce Kakoma,0,5,1
11648,Benon Mutambi,0,5,0
11649,Ndejje University,0,13,1
11650,Kalidi Batuusa,0,2,0
11651,Margaret Tumusiime,0,3,0
11652,Imperial Royale Hotel,0,7,0
11653,Manuel Pinto,0,3,0
11654,Kagayi Peter,0,5,0
11655,John Baptist Odama,0,0,0
11656,Nkumba University,0,7,1
11657,Kassim Nakibinge,0,6,0
11658,Paalamenti ya Uganda,0,19,2
11659,Edward Katongole-Mbidde,0,4,0
11660,Eridard Nsubuga,0,1,0
11661,Eno Beats,0,2,0
11662,Maurice Mugisha,0,5,0
11663,Sam Kutesa,0,4,0
11664,Joshua Baraka,0,11,0
11665,Resolve Uganda,0,4,2
11666,The Uganda Scouts Association,0,7,0
11667,Uganda Green Party,0,4,0
11668,Justice Forum,0,3,0
11669,Eriabu Lugujjo,0,5,0
11670,Tom Voltaire Okwalinga,0,1,0
11671,Bashir Ramathan,0,1,0
11672,Daniel Mulumba,0,1,0
11673,Shahzad Ukani,0,1,0
11674,Ahmad Ssengendo,0,7,0
11675,Philipp Wachsmann,0,2,0
11676,James Isabirye Mugoya,0,5,0
11677,Ibrahim Abiriga,0,4,0
11678,Deo Rwabiita,0,1,0
11679,Moses Adome,0,2,0
11680,Racheal Nanyonga,0,1,1
11681,Milka Irene,0,7,0
11682,Brian Ahumuza,0,5,0
11683,Gideon Byamugisha,0,8,1
11684,Ephraim Kamuntu,0,4,0
11685,Yona Okoth,0,2,0
11686,Ismail Ogama,0,2,0
11687,Henry Bagiire,0,0,0
11688,Paulson Luttamaguzi,0,3,0
11689,Xavier Kyooma,0,0,0
11690,Robert Kasande,0,4,0
11691,Isaac Kiprop,0,1,0
11692,Olukalala lw'abakyala abanayuganda abawandiisi,0,18,0
11693,Paul Adriga,0,1,0
11694,Air Uganda,0,11,2
11695,Peter Lokeris,0,5,0
11696,Emmanuel Otiam Otala,0,5,0
11697,Ttiimu ya Uganda ey'ensero ey'abavubuka abali wansi w'emyaka 16,0,0,0
11698,Robinson Opong,0,3,0
11699,Ian Rukunya,0,1,0
11700,MIcheal Kawooya,0,1,0
11701,Kevin Awino,0,1,0
11702,Joyce Apiyo,0,1,0
11703,Gertrude Candiru,0,1,0
11704,Janet Mbabazi,0,1,0
11705,Rita Musamali,0,2,0
11706,George Cartland,0,3,0
11707,Semakula Kiwanuka,0,5,0
11708,William Unek,0,1,0
11709,Alex Coutinho,0,5,0
11710,James Kakooza,0,6,0
11711,Olutalo/Amazina,0,7,0
11712,Ecobank Uganda,0,9,0
11713,David Lewis Rubongoya,0,4,0
11714,Kizito Maria Kasule,0,6,1
11715,Kaka Bagyenda,0,3,0
11716,Joe Opio,0,2,0
11717,John Muhanguzi,0,1,0
11718,Arthur Sserwanga,0,6,0
11719,Fort Portal College of Health Sciences,0,1,1
11720,Asuman Lubowa,0,6,0
11721,John Teira,0,0,0
11722,James Bukomeko,0,1,0
11723,Kwagalana Group,0,0,0
11724,Samuel Ssemakula,0,1,0
11725,Benezeri Kisembo,0,1,0
11726,William Magambo,0,1,0
11727,East Africa School of Library and Information Science,0,0,1
11728,Julius Ceasar Nina,0,1,0
11729,Jinja North United FC,0,0,1
11730,Josephine Kakooza,0,6,0
11731,Kinaawa High School Kawempe,0,0,0
11732,Tebandeke of Buganda,0,8,0
11733,Ttiimu ya Uganda eyokubaka,0,21,0
11734,William Gabula,0,4,0
11735,Chosen Becky,0,5,0
11736,Jane Kabajungu Bainomugisha,0,0,1
11737,Simeo Muwanga Nsubuga,0,0,1
11738,Moses Kizige,0,5,0
11739,Ham Group,0,0,0
11740,Caritas Uganda,0,0,0
11741,Clare Mugumya,0,0,1
11742,Jesca Achan,0,1,0
11743,Joan Nampungu,0,1,0
11744,Lilian Ajio,0,1,0
11745,Nathan Muwombi,0,1,0
11746,Olukalala lw'ebibiina by'obufuzi mu Uganda,0,7,0
11747,Stella Nanfuka,0,1,0
11748,Stella Oyella,0,1,0
11749,Ssekabaka Kayemba of Buganda,0,8,0
11750,Geoffrey Onegi Obel,0,0,0
11751,East African Legislative Assembly,0,12,2
11752,Christopehr Henry Muwanga Barlow,0,1,0
11753,Eagle Air,0,8,1
11754,Christopher Henry Muwanga Barlow,0,8,0
11755,Muhayimina Namuwaya,0,1,0
11756,Ruth Meeme,0,1,0
11757,Herbert Kajumba,0,2,0
11758,Kitahimbwa we Bunyoro,0,1,0
11759,Sebastian Kyalwazi,0,5,0
11760,Richard Musani,0,8,0
11761,Olukalala lw'abayimbi bannayuganda,0,0,0
11762,Muhoozi Kainerugaba,0,3,0
11763,Fabian Kasi,0,6,0
11764,Lydia Mungherera,0,6,0
11765,John Baptist Mukasa,0,5,0
11766,Uganda Airlines (1976-2001),0,9,2
11767,I&M Bank Uganda,0,10,0
11768,Micheal Wawuyo Jr.,0,5,0
11769,Michael Ondoga,0,6,0
11770,Edith Nakalema,0,7,0
11771,Rebecca Mulira,0,3,0
11772,Enoch Lee Drati,0,1,0
11773,Alfred Acur Okodi,0,1,0
11774,Ariaka Mawa Nguma,0,1,0
11775,Asaba Ruyonga,0,1,0
11776,Paul Luzinda,0,1,0
11777,Grace Mary Mugasa,0,4,0
11778,Peter Lomongin,0,1,0
11779,King Saha,0,6,2
11780,Brian Herd,0,3,0
11781,George K. Turyasingura,0,1,0
11782,Luyimbazi Elias Nalukoola,0,0,0
11783,Coopy Bly,0,6,0
11784,Stanbic Bank Uganda Limited,0,11,1
11785,DFCU Bank,0,8,0
11786,Joseph Abura,0,1,0
11787,Yonasani Rwakaikara,0,1,0
11788,Kosiya Shalita,0,1,0
11789,"Jean-Marc Mwema, omusajja omulala",0,4,0
11790,Zebedee Kahangwa-Masereka,0,1,0
11791,Isaac Ssemakadde,0,4,0
11792,Pius Coxwell Achanga,0,0,0
11793,Ovie Ejeheri,0,5,0
11794,Allan Oboma,0,1,0
11795,Otandeka Laki,0,6,0
11796,"Jayden Onen, omuwandiisi w’ebitabo",0,8,0
11797,Charles Collins Andaku,0,3,0
11798,John Charles Odurkami,0,1,0
11799,Wilson Kitara,0,1,0
11800,MacLeod Baker Ochola,0,1,0
11801,John Ntegyereize,0,1,0
11802,Andy Kiwomya,0,5,0
11803,Henry Osinde,0,4,0
11804,John Massa Kasenene,0,5,0
11805,Rose Atima Ayaka,0,8,0
11806,Dan Zoreka,0,1,0
11807,Yostus Ruhindi,0,1,0
11808,Benon Magezi,0,2,0
11809,Matia Kasaija,0,6,0
11810,Patrick Tugume Tusingwire,0,1,0
11811,Edward Muhima,0,1,0
11812,Yoramu Bamunoba,0,1,0
11813,George Bagumuhunda,0,1,0
11814,Patrick Kyaligonza,0,1,0
11815,Wilson Mutebi,0,1,1
11816,Template:Bio,10,0,1
11817,Eunice Lubega Posnansky,0,5,0
11818,Phoebe Awere Otaala,0,4,0
11819,Robert Mwanga,0,8,0
11820,Thomas Kwoyelo,0,2,0
11821,Joshua Sikhu Okonya,0,5,0
11822,Zac Niringiye,0,2,0
11823,Hamis Kiggundu,0,0,0
11824,Mesusera Bugimbi,0,1,0
11825,Racheal Ntono,0,1,0
11826,Stephanie Nampiina,0,1,0
11827,Carol Namugenyi,0,1,0
11828,Mary Nalule,0,1,0
11829,Prico Nakitende,0,1,0
11830,Joseph Oyanga,0,3,0
11831,Ahamed Siraj Kwikiriza,0,2,0
11832,Michael Nyarwa,0,2,0
11833,Nesta Rugumayo,0,4,0
11834,Centenary Bank,0,8,1
11835,Nation Media Group,0,7,0
11836,Robert Katende,0,6,0
11837,George Abege,0,6,0
11838,LawrenceKasadha,0,5,0
11839,Daniel Nkata,0,5,0
11840,Gift Fred,0,5,0
11841,Sulaiman Segawa,0,7,0
11842,Anas Kaliisa,0,4,0
11843,Judith Heard,0,6,0
11844,Stephen Nsereko,0,6,0
11845,Tom Bright,0,2,1
11846,Pia Pounds,0,8,0
11847,Olubugo,0,0,0
11848,User talk:Ariandi Lie,3,0,0
11849,Enzikiriza Ey'ekinnansi mu Uganda,0,9,3
11850,William Serwadda,0,4,0
11851,Silas Babaluku Balabyekkubo,0,5,0
11852,Bank of Africa,0,11,0
11853,Ruparelia Group,0,4,3
11854,Mehta Group,0,5,0
11855,Paulo Kavuma,0,1,0
11856,Abdullah Muhammad Mukwaya,0,4,0
11857,Ramadhan Khamis nga ye muwandiisi w’ebitabo,0,2,0
11858,Augusto Nuwagaba,0,0,0
11859,John Ddumba Ssentamu,0,6,0
11860,Fresh Kid Uganda,0,4,1
11861,Kenneth Kiyemba,0,5,0
11862,Eriya Kategaya,0,5,0
11863,Omusomesa Sandra Ogwang Santa,0,0,0
11864,Yosia Nadiope owe Busoga,0,1,0
11865,Mary Cholhok Nuba,0,7,0
11866,Robert Muhiirwa,0,4,0
11867,Selina Katumba,0,7,0
11868,Eddwaaliro ly'e Nsambya,0,7,2
11869,Ssendi Mosh Afrikan,0,4,0
11870,Inhebantu wa Busoga,0,1,0
11871,Fred Nalugoda,0,4,0
11872,Akbar Baig,0,0,0
11873,Nehal Bibodi,0,0,0
11874,Lydia Mugambi,0,3,0
11875,Arthur Kwizera,0,5,0
11876,Joseph Mulenga,0,2,0
11877,George Katwesigye,0,1,0
11878,Juma Kisaame,0,6,0
11879,John Wilson Kahigwa,0,1,0
11880,Francis Kitaka,0,6,0
11881,Pamela Enyonu,0,4,0
11882,Pen-Mogi Nyeko,0,2,0
11883,Ekkuumiro ly'amazike ku kazinga ka Ngamba,0,5,3
11884,Omuyimbi Catherine Abbo,0,5,0
11885,Badru Kiggundu,0,8,0
11886,Arthur Gakwandi,0,7,0
11887,Busingye Kabumba,0,3,0
11888,Charles Hamya,0,5,0
11889,Martin Drito,0,6,0
11890,The Uganda Girl Guides Association,0,5,0
11891,Uganda Revenue Authority,0,9,1
11892,Hannington Sengendo,0,7,0
11893,Minisitule y'ensonga ez'ebweru mu Uganda,0,8,0
11894,Lanyero Sarah Ochieng,0,0,0
11895,Kintu Florence,0,0,0
11896,Byarugaba Grace Isingoma,0,0,0
11897,Auru Anne,0,0,1
11898,Lukwago Rebecca Nalwanga,0,0,0
11899,Diana Nankunda Mutasingwa,0,0,1
11900,Robert Ikoja-Odongo,0,7,0
11901,Amos Lugoloobi,0,0,0
11902,Ephraim Biraaro,0,0,0
11903,Lugazi University,0,11,0
11904,Michael Kintu,0,2,0
11905,Robert Mwesigwa,0,0,0
11906,Mapenduzi Ojara,0,0,1
11907,Felix Ogong,0,0,0
11908,Moses Ogwal,0,0,0
11909,Robert Migadde,0,0,0
11910,Yusuf Mutembuli,0,0,0
11911,John Mulimba,0,0,0
11912,Solomon Silwany,0,0,0
11913,Hudson Mukasa,0,6,0
11914,John Nambeshe,0,0,0
11915,Arthur Waako Mboizi,0,0,0
11916,Yovan Adriko,0,0,0
11917,Geoffrey Feta,0,0,0
11918,Davis Kamukama,0,0,1
11919,Charles Ayume,0,0,0
11920,Apollo Ofwono,0,0,0
11921,Dan Kimosho,0,0,1
11922,Richard Sebamala,0,0,0
11923,Michael Kabango,0,5,0
11924,Fred Mwesigye,0,0,0
11925,Samwiri Wabulakha,0,1,0
11926,Mwine Mpaka Rwamirama,0,0,1
11927,Paul Masaba,0,0,0
11928,Jackson Kafuuzi,0,0,0
11929,Peter Ogwang,0,0,0
11930,Margaret Komuhangi,0,1,0
11931,Paul Naimanhye,0,1,0
11932,Daniel Gimadu,0,1,0
11933,Nicodemus Okille,0,1,0
11934,Peter Mudonyi,0,1,0
11935,Festo Lutaya,0,1,0
11936,Kahaye II,0,1,1
11937,Lorna Magara,0,4,0
11938,James Katorobo,0,1,0
11939,Urban Tibamanya,0,6,1
11940,Simon Lokodo,0,6,0
11941,John Byabagambi,0,5,0
11942,Eddwaliro ly'e Mbarara,0,6,0
11943,Eddwaliro ly'e Mbale,0,5,0
11944,Peter Nazareth,0,9,0
11945,Uganda Clays Limited,0,8,0
11946,Betty Ogwaro,0,4,0
11947,International Hospital Kampala,0,7,0
11948,Yonah Katoneene,0,1,0
11949,Cranmer Mugisha,0,1,0
11950,Ernest Shalita,0,1,0
11951,James Nasak,0,1,0
11952,Nelson Onono - Onweng,0,1,0
11953,Edward Bamucwanira,0,1,0
11954,Benjamin Ojwang,0,1,0
11955,Lamex Omara Apitta,0,5,0
11956,Joel Olwenyi,0,2,0
11957,Posta Uganda,0,6,1
11958,Absa Bank Uganda Limited,0,10,0
11959,Jagdish Singh Kapoor,0,1,0
11960,Bryan Woolestone Langlands,0,6,0
11961,Upkar Singh Kapoor,0,1,0
11962,William Lobo,0,1,0
11963,Rajinder Singh Sandhu,0,1,0
11964,Kuldip Singh Bhogal,0,1,0
11965,Abram Mutyagaba,0,1,0
11966,Ajit Singh Bhogal,0,1,0
11967,Malkit Singh Sondh,0,1,0
11968,Amarjit Singh Sandhu,0,0,0
11969,Polycarp Pereira,0,1,0
11970,Isaac Chirwa,0,1,0
11971,Christopher George Frederick Frampton Melmoth,0,2,0
11972,Charles Kabugo,0,3,0
11973,Charles Ibingira,0,5,0
11974,Elly Tumwine,0,0,0
11975,David Cook (omukenkufu mu by'ebiwandiiko) .,0,3,0
11976,African Health Services,0,2,0
11977,Kampala International University,0,12,3
11978,Olukalala lwa kampuni z'ennyonyi ezitakyakola mu Uganda,0,2,5
11979,Charles Okidi,0,3,0
11980,Emma Mutebi,0,4,0
11981,Kabale University,0,11,2
11982,All Saints University,0,9,0
11983,Uganda Pentecostal University,0,5,0
11984,Muteesa I Royal University,0,6,2
11985,"Eric Berry Edney, omuwandiisi w’ebitabo",0,1,0
11986,Emmanuel Karooro,0,3,0
11987,David Kibikyo,0,4,0
11988,Paul Waako,0,4,0
11989,Tumusiime Rushedge,0,3,0
11990,Frank Muramuzi,0,2,0
11991,Isingoma Labongo Rukidi,0,7,0
11992,Jason Ntaro,0,4,0
11993,Danniel Ruyange,0,2,0
11994,Lawrence Kazibwe,0,5,0
11995,Bishop Stuart University,0,16,0
11996,Miraj Barot,0,7,0
11997,Gulu Hospital,0,6,2
11998,Kabale Hospital,0,6,2
11999,Kisiizi Hospital,0,6,1
12000,Kampala International School,0,7,0
12001,Ernest Bazanye,0,4,0
12002,Richard Idro,0,6,0
12003,James Nyakuni,0,5,0
12004,Henry Kajura,0,5,0
12005,"Robert Ikoja-Odongo, omusajja omulala",0,0,0
12006,Moroto Hospital,0,6,0
12007,"Shahla Khatun, omuwandiisi w’ebitabo",0,0,0
12008,Exim Bank mu Uganda,0,8,0
12009,Elly Katunguka,0,5,0
12010,Busolwe Public Library,0,7,0
12011,Fred Bunjo,0,1,0
12012,The Worst Date Ever,0,4,0
12013,Erica Sabiti,0,4,0
12014,Michael Kawooya (omusawo),0,6,0
12015,David Marus,0,1,0
12016,Stephen Tomusange,0,1,0
12017,Kakira Sugar Works,0,9,0
12018,Citibank mu Uganda,0,4,0
12019,Tress Bucyanayandi,0,5,0
12020,Abraham Byandaala,0,5,0
12021,Galdino Moro Okello,0,1,0
12022,Emmanuel Kwihangana,0,1,0
12023,Okulonda kwa bonna okwa Uganda 1980,0,2,0
12024,Ritah Namayanja Kivumbi,0,4,0
12025,Sarah Nambozo Wekomba,0,5,0
12026,Erisa Masaba,0,1,0
12027,Keith Russell,0,1,0
12028,John Wasikye,0,1,0
12029,Ekwaro Obuku,0,8,0
12030,Stephen Chebrot,0,6,0
12031,Shafiq Arain,0,2,0
12032,James Mutende,0,6,1
12033,Akisoferi Wesonga,0,1,0
12034,Henry Banyenzaki,0,6,0
12035,Damiano Giulio Guzzetti,0,5,0
12036,George Stanley Nsamba,0,9,1
12037,Wewaawo,0,0,0
12038,Egidio Nkaijanabwo,0,5,0
12039,Martin Toroitich,0,4,0
12040,John Maviiri,0,4,0
12041,Giles Muhame,0,4,0
12042,"O. Palmer Robertson, omuwandiisi w’ebitabo",0,2,0
12043,Ishmail Wainright,0,19,0
12044,Ali Kitonsa,0,4,0
12045,Ibrahim Kasule,0,8,0
12046,Fred Kajoba,0,6,0
12047,Joseph B. Willigers,0,4,0
12048,Fillbert Obenchan,0,6,0
12049,Isaac Zebra Jr,0,9,0
12050,Sammy Ssebadduka,0,6,0
12051,Lawrence Coreta Muganga,0,6,0
12052,Okusitula obuzito mu mizannyo gya Olympics egy’omusana mu 1988 – Abasajja abazitowa kkiro 67.5,0,1,0
12053,Imtiaz Sheikh,0,6,0
12054,Asanasio Maraka,0,1,0
12055,Paul Etiang,0,3,0
12056,Calvin Kabuya,0,4,0
12057,Saidi Mayanja,0,5,0
12058,John Patrick Kakande,0,3,0
12059,Betty Okino,0,5,0
12060,Isaac Mulindwa Jr.,0,5,0
12061,"Donald H. Madvig, omuwandiisi w’ebitabo",0,3,0
12062,George Openjuru,0,5,0
12063,Mukesh Shukla,0,7,0
12064,Richard Posnett,0,2,0
12065,Kashif Siddiqi,0,12,0
12066,Elijah Mushemeza,0,3,0
12067,Noble Okello,0,13,0
12068,International University of East Africa,0,16,0
12069,LivingStone International University,0,5,1
12070,Tanoh Kpassagnon,0,10,1
12071,Bright Stars FC,0,9,1
12072,Olukalala lw'obuzito bw'abannayuganda,0,2,0
12073,Bweranyangi Girls' Senior Secondary School,0,7,2
12074,Mbarara United FC,0,4,0
12075,Busitema University School of Medicine,0,8,0
12076,Allan Musoke,0,2,0
12077,Uganda men's national basketball team,0,10,1
12078,Ttiimu ya Uganda ey'Omuzannyo gwa baseball,0,4,2
12079,Lake Victoria Fisheries Organisation,0,3,2
12080,Ernest Kiiza,0,6,0
12081,Sura Yekka,0,7,0
12082,Divine Mukasa,0,5,0
12083,Olubayi Olubayi,0,6,0
12084,Jacqueline Musiitwa,0,6,0
12085,George Mukasa,0,8,0
12086,Godfrey Nyakana,0,7,0
12087,BUL Jinja FC,0,8,0
12088,Latibu Muwonge,0,6,0
12089,Nyakasura School,0,6,2
12090,Aaron Mushengyezi,0,0,0
12091,Jimmy Lwanga,0,2,0
12092,Tonny Stone Luggya,0,0,0
12093,Denis Rukundo,0,3,0
12094,Tom Dradriga,0,6,0
12095,Obugumiikiriza Tumusiime Rubagumya,0,6,0
12096,Tumusiime Rubagumya,0,6,0
12097,Immaculate Chamutai,0,1,0
12098,Philip Wokorach,0,24,0
12099,Faruk Malik,0,4,0
12100,St. Denis Ssebugwawo Secondary School,0,8,3
12101,Munyonyo Commonwealth Resort,0,6,0
12102,Alam Group,0,9,0
12103,Derrick Orone,0,6,0
12104,Ramz Kawooya,0,6,0
12105,Musa Kibet,0,4,0
12106,Rosemary Byanyima omusajja omulala,0,6,0
12107,Ponsiano Ngabirano,0,6,0
12108,"William Frederick Blick, omuwandiisi w’ebitabo",0,5,2
12109,Keith Kalyegira,0,4,0
12110,Rutamirika,0,4,0
12112,Irene Ikomu,0,4,0
12113,Stephen Kiggundu,0,7,0
12114,Kokoro Janda,0,6,0
12115,"Aquaculture Research and Development Centre, Kajjansi",0,3,3
12116,Robert Wakheya,0,7,0
12117,Clive Okoth,0,6,0
12118,Brenda Katwesigye,0,7,0
12119,Richard Tuwangye,0,12,0
12120,Stephen Isabaija,0,7,0
12121,Mathias Magoola,0,9,0
12122,People's Progressive Party,0,4,0
12123,Henry Musasizi,0,5,0
12124,Camilla Barungi,0,5,0
12125,Ibrahim Mukiibi,0,7,0
12126,Sanga Moses,0,4,0
12127,Sikander Lalani,0,8,0
12128,Hasmukh Dawda,0,5,0
12129,Els de Temmerman,0,1,0
12130,Walter D'Souza,0,6,0
12131,Paul D'Arbela,0,5,0
12132,Category:Translated from MDWiki,14,0,0
12133,John Senyonyi,0,5,0
12134,Sarah Mullally,0,0,0
12135,Enyma,0,19,0
12136,Minisitule y'ebyokwerinda n'ensonga z'abaazirwanako,0,10,0
12137,Engeri y'okufuuka Omukulembeze omukambwe,0,8,0
12138,Keiron Zziwa,0,4,0
12139,Robina Sentongo,0,2,0
12140,Salaudin Khan,0,1,0
12141,"Sarah Mullally, omuwandiisi w’ebitabo",0,2,0
12142,David Kato,0,0,0
12143,The AIDS Support Organization,0,10,0
12144,Olukalala lwa kampuni ezisinganibwa mu Uganda,0,3,0
12145,Minisitule y'Eby'okwerinda n'Ensonga z'Abazirwaanako mu Uganda,0,0,0
12146,A'Darius Pegues,0,3,0
12147,Gabriel Ajedra Aridru,0,6,0
12148,Julius Wandera Maganda,0,0,0
12149,Gad Gasatura,0,6,0
12150,Joseph Obonyo,0,1,0
12151,Walter Coutts,0,0,0
12152,Freedom and Unity Front,0,4,0
12153,George William Kyeyune,0,5,0
12154,Baltazar Kasirivu-Atwooki,0,6,0
12155,David Karubanga,0,2,1
12156,Isaac Mulindwa,0,7,0
12157,Uganda Dental Association,0,8,1
12158,John Walugembe,0,4,0
12159,Masindi General Hospital,0,3,0
12160,Uganda AIDS Commission,0,9,0
12161,Kiryandongo General Hospital,0,4,0
12162,Ekitongole Ky'ebyempuliziganya ekya Uganda,0,1,0
12163,Uganda Communications Commission,0,2,0
12164,Kasha Nabagesera,0,6,1
12165,Namuwongo Blazers,0,2,0
12166,Kambale Ferigo,0,1,0
12167,Uganda women's national field hockey team,0,5,0
12168,BAR Aviation Uganda,0,6,0
12169,Gerald Nangoli,0,4,0
12170,Laura Kanushu,0,2,0
12171,Kingsley Obuh,0,3,0
12172,Fred Bwino Kyakulaga,0,4,0
12173,Uganda women's national under-19 cricket team,0,8,0
12174,Alex Muhangi,0,5,1
12175,Amos Mubunga Kambere,0,5,0
12176,Uganda National Bureau of Standards,0,6,0
12177,Uganda Coffee Development Authority,0,8,0
12178,GBK Dairy Products Limited,0,6,0
12179,Electricity Regulatory Authority,0,9,0
12180,Joint Anti- Terrorist Task Force of Uganda,0,7,0
12181,Mayur Madhvani,0,6,0
12182,Mityana Hospital,0,4,0
12183,Talk:Brasil,1,1,0
12184,Kayaga Baroda Watongola,0,3,0
12185,CIYOTA,0,5,0
12186,Entebbe General Hospital,0,5,0
12187,Ekibiina Ekifuga Omuzannyo Gw'ebikonde mu Uganda,0,11,6
12188,Kyewaga Central Forest Reserve,0,4,2
12189,Allan Children's Foundation,0,4,0
12190,University of Kisubi,0,9,1
12191,Kagadi General Hospital,0,4,0
12192,Martin Aliker,0,8,0
12193,Uganda Development Corporation,0,10,0
12194,Joseph Musanyufu,0,5,0
12195,Association of Real Estate Agents,0,10,0
12196,Naomi Karungi,0,6,0
12197,Paul Mwiru,0,3,0
12198,Isaac Lumago,0,5,0
12199,Bosmic Otim,0,1,0
12200,Uganda women's national volleyball team,0,1,0
12201,Movit,0,1,0
12202,Ttiimu ya Uganda ey'abasajja abali wansi w'emyaka 18,0,3,0
12203,Ttiimu ya Uganda ey'abasajja abali wansi w'emyaka 18 abazannya Ensero,0,3,0
12204,Christopher Israel Umba Gore,0,6,0
12205,Ekittabantu Ekyamaanyi mu Acholi,0,3,0
12206,Daniel Kiganda,0,4,0
12207,Ronald Kibuule,0,7,0
12208,Francis Takirwa,0,6,0
12209,Zeddy Maruru,0,12,0
12210,The Uganda Society,0,8,4
12211,Yasmin Shariff,0,3,1
12212,Dusman Sabuni,0,6,0
12213,MTN Uganda,0,14,2
12214,Uganda Olympic Committee,0,3,1
12215,"Pope John Paul II College, Gulu",0,1,2
12216,Yumbe General Hospital,0,4,0
12217,Paidha Black Angels FC,0,2,0
12218,Uganda Refinery Holding Company,0,5,2
12219,Manuel Pinto (Omusikawutu),0,3,0
12220,Minisitule y'ebiggwa bitalaze n'ababundabunda mu Uganda,0,8,0
12221,Minisitule y'Ensonga z'Amawanga g'Omubuvanjuba bwa Afrika,0,6,0
12222,Saabawolereza wa gavumenti ya Uganda,0,5,0
12223,Veronica Babirye Kadogo,0,8,0
12224,Sam Mbulaiteye,0,2,0
12225,Alykhan Karmali,0,4,0
12226,Moses Ebuk,0,1,0
12227,Stella Nanteza,0,7,0
12228,"Minisitule evunaanyizibwa ku by'Ekikula Ky'abantu, Emirimu N'enkulakulanya y'Embeera z'Abantu mu Uganda",0,10,0
12229,Africa Renewal University,0,2,0
12230,Minisitule Evunaanyizibwa ku By'obulamu mu Uganda,0,6,0
12231,City Oilers,0,11,2
12232,Kampuni evunaanyizibwa Ku By'okusaasaanya Amasanyalaze mu Uganda,0,8,2
12233,Esther Nabaasa,0,4,0
12234,CSBAG,0,6,0
12235,Uganda Road Sector Support Initiative,0,5,0
12236,Busoga United Football Club,0,11,0
12237,Albert Ruskin Cook,0,4,3
12238,Opiyo Oloya,0,4,0
12239,Charles Olweny,0,7,0
12240,Afriart Gallery,0,13,0
12241,Joel Okuyo Atiku,0,8,0
12242,Akakiiko k'ebyokulonda mu Uganda,0,6,0
12243,Peter Mugyenyi,0,7,0
12244,Boaz Ninsiima,0,7,0
12245,Francis Omaswa,0,0,0
12246,Roy Mugerwa,0,1,0
12247,Rwenzururu movement,0,4,0
12248,Jovan Kiryabwire,0,8,0
12249,Uganda National Academy of Sciences,0,8,0
12250,Noble Banadda,0,5,0
12251,Margaret Trowell,0,8,0
12252,Magid Kagimu,0,4,0
12253,Richard Kanyerezi,0,7,0
12254,Mondo Kagonyera,0,6,0
12255,Pamela Mbabazi,0,7,0
12256,Luwombo,0,1,0
12257,Uganda Standard Gauge Railway,0,0,0
12258,Omunanansi,0,7,0
12259,Livingstone Mpalanyi Nkoyoyo,0,0,0
12260,Fox Odoi-Oywelowo,0,0,0
12261,Hasifah Nassuna,0,0,0
12262,Emmanuel Obbo,0,0,0
12263,Evelyn Nakabira Lagu,0,4,0
12264,Liam Voice,0,5,0
12265,Kikalayi,0,5,0
12266,Kampuni evunaanyizibwa ku Nsaasaanya y'Amasanyalaze mu Bitundu bya Uganda,0,7,3
12267,Empogola,0,4,0
12268,Sam Tulya-Muhika,0,2,1
12269,Trudy Stevenson,0,2,0
12270,Yorokamu Tizihwayo,0,0,0
12271,Talk:Ebyobuwangwa (Culture),1,1,0
12272,Erasmus Desiderius Wandera,0,0,0
12273,Virani Noordin,0,1,0
12274,Arthur Ziraba,0,2,0
12275,Upendra Patel,0,1,0
12276,Joshua Tibatemwa,0,6,0
12277,Judith Bakirya,0,0,0
12278,Frederick Drandua,0,6,0
12279,Bhanu Patel,0,1,0
12280,Edison Irigei,0,0,0
12281,Augustine Salimo,0,0,0
12282,Ali Fadhul,0,0,0
12283,Irfan Afridi,0,2,0
12284,Aida Vee,0,3,0
12285,Linos Ngompek,0,1,0
12286,Jack Odur Lutanywa,0,1,0
12287,John Bosco Ikojo,0,6,0
12288,Jack Sabiiti,0,6,0
12289,Eric Adriko,0,5,0
12290,Toby Sibbick,0,12,0
12291,Wilbrod Humphreys Owor,0,6,0
12292,William Kisaalita,0,4,0
12293,Ugandan Constitutional Conference,0,4,0
12294,Mohammed Irfan,0,0,0
12295,Nasejje Jalia,0,6,0
12296,Bwesigye bwa Mwesigire,0,7,0
12297,Ivy Claire Amoko,0,4,0
12298,Martha Kyosaba,0,0,0
12299,Remelia Ringtho,0,1,0
12300,Silvanus Wani,0,2,0
12301,Dunstan Bukenya,0,1,0
12302,Narendra M. Patel,0,0,0
12303,Jesca Ruth Ataa,0,0,0
12304,Lydia Wanyoto Mutende,0,5,1
12305,Sharifu Kiragga Tusuubira,0,6,0
12306,Bruno K,0,11,0
12307,Ruth Mukama,0,4,0
12308,Cyprian Bamwoze,0,1,0
12309,George Moraes,0,2,0
12310,Ajaip Singh Matharu,0,2,0
12311,Elly Kitamireke,0,2,0
12312,The Collected Broadcast of Idi Amin,0,3,0
12313,Edgar Luberenga,0,1,0
12314,Philip Ridsdale,0,1,0
12315,Jannon Otto,0,0,0
12316,Irene Eyaru,0,0,0
12317,Scott James Brown,0,1,0
12318,Doctor Achaye,0,0,0
12319,Jerry Sesanga,0,0,0
12320,Nuhu Kyabasinga Mbogo,0,1,0
12321,Jimmy Akena Obote,0,3,0
12322,Wilson Tumwine,0,1,0
12323,Nuhu Mbogo Kyabasinga,0,2,0
12324,Benoni Ogwal-Abwang,0,1,0
12325,Ephraim Adrale,0,1,0
12326,Lucian Usher-Wilson,0,1,0
12327,Melkizedek Otim,0,1,0
12328,Herbert Bockhorn,0,12,0
12329,Susan Lakot,0,6,0
12330,Joram Muzira,0,0,0
12331,Alex Ireeta,0,5,0
12332,Filipinos in Uganda,0,4,0
12333,Omugave Ndugwa,0,0,0
12334,Bannayuganda mu Buyindi,0,5,0
12335,Johnson Omuhunde Rwashote Byabashaija,0,0,0
12336,Kabarega w'e Bunyoro,0,5,1
12337,Bunyaga Bruno,0,5,0
12338,Mityana,0,4,1
12339,Robert Katera,0,0,0
12340,Robert Kasule Sebunya,0,3,0
12341,Karamoja Regional Museum,0,8,0
12342,David Cecil,0,3,1
12343,Andrew Rugasira,0,5,0
12344,June Kyakobye,0,2,0
12345,Paul Mutambuze,0,1,0
12346,Mary Musoke,0,2,0
12347,Atuhaire Ambala,0,2,0
12348,James R Tumusiime,0,3,0
12349,Alternate Warriors,0,5,0
12350,Abel Kandiho,0,4,0
12351,Charles Oluka,0,5,0
12352,Kabale Regional Museum,0,3,0
12353,Eric Sakwa,0,1,0
12354,Jane Bakaluba,0,2,0
12355,User:Brenda Namulinda,2,0,0
12356,Whitney Peak,0,8,0
12357,Ganda Lal,0,1,0
12358,Ekibiina ekifuga omupiira mu Amerika ekya Uganda,0,10,0
12359,Tendo Mukalazi,0,6,0
12360,Francis Mwebesa,0,1,0
12361,Milly Mugeni,0,2,0
12362,Charles Kagimu,0,2,0
12363,Sam Magara,0,8,1
12364,Tonny Awany nga bwe,0,3,0
12365,Tonny Awany,0,3,0
12366,Aminah Zawedde,0,6,0
12367,Amanda Ngabirano,0,7,0
12368,Uganda Cranes ettiimu y'eggwanga,0,21,0
12369,Merrick Posnansky,0,8,1
12370,Paul Kagame,0,0,0
12371,Geoffrey Macho,0,2,0
12372,Emmanuel lyamulemye,0,5,0
12373,Charlie de Souza,0,2,0
12374,Joanne Aniku Okia,0,1,1
12375,Juliet Rainer Kafiire,0,4,0
12376,Jennifer Alanyo,0,3,1
12377,Festo Karwemera,0,8,0
12378,Juma Miyagi,0,2,0
12379,Deborah Kasente,0,5,0
12380,Sandra Kwikiriza,0,2,0
12381,Lawrence Fernandes (omuzannyi wa cricket),0,2,0
12382,Milly Babalanda,0,5,0
12383,Frederick Kayanja,0,5,0
12384,Susan Basemera,0,4,0
12385,Uganda National Roads Authority,0,10,2
12386,Northern Ugandan Social Action Fund,0,3,0
12387,Derek Draper,0,2,0
12388,Monica Chibita,0,8,0
12389,"Shriti Vadera, Baroness Vadera",0,0,0
12390,Kassiano Wadri,0,5,0
12391,Oluguudo lwa Kitgum–Kidepo,0,6,0
12393,Victory at Entebbe,0,7,0
12395,Edward James Wayland,0,6,1
12396,Mississippi Masala,0,9,0
12397,Eugene Omalla,0,6,0
12398,Kyeru Phiona Bridget,0,10,0
12399,Jacqueline Kyatuheire,0,5,0
12400,Flavia Nassuna Matovu,0,5,0
12401,Kenneth Arhtur Davies,0,2,0
12402,Peter Waiswa,0,5,0
12403,Margaret Rwebyambu,0,3,0
12404,Robinson Obuya,0,3,0
12405,Zohran Mamdani,0,5,0
12406,Oluguudo lw’e Masaka–Mutukula,0,0,0
12407,Kichwamba massacre,0,8,0
12408,The Last King of Scotland,0,6,0
12409,User:我是啊啊啊啊啊啊啊啊啊啊,2,0,0
12410,Christine Akullo,0,5,0
12411,Herbert Kanabi Nsubuga,0,3,0
12412,Yunivasite y'ebuvanjuba bwa Afirika,0,1,0
12413,Nsaka Yunivasite,0,8,0
12414,Nandikishore Patel,0,2,0
12415,Samuel Mukooza,0,2,0
12416,Aboke abductions,0,1,1
12417,Riazat Ali Shah,0,4,0
12418,Shafiq Zia,0,6,0
12419,Yusef Sozi,0,3,0
12420,Nile University of Uganda,0,7,0
12421,Hubert Carey Trowell,0,4,0
12422,Stafford University in Uganda,0,10,0
12423,Uganda Technical College Kichwamba,0,6,0
12424,Great Lakes Regional University,0,6,0
12425,African Bible College,0,6,0
12426,African Rural University,0,6,0
12427,Livingstone Luboobi,0,7,0
12428,Okello Sam,0,6,0
12429,Kakadde kamu,0,0,0
12430,Mitwalo ebiri,0,0,0
12431,Mutwalo gumu,0,0,0
12432,Zeero,0,0,0
12433,Emu,0,0,0
12434,Lukumi,0,0,0
12435,Bbiri,0,0,0
12436,Kezia of Tooro,0,1,0
12437,Ruhaga owe Tooro,0,7,0
12438,Stephen Basaliza,0,4,0
12439,Hope Nakazibwe Grania,0,4,1
12440,Philippa Musoke,0,3,0
12441,Kabuye Frank Kibirige,0,4,0
12442,Fred Charles Oweyegha- Afunaduula,0,13,0
12443,East African Breweries,0,23,3
12444,Avtar Singh Bhurji,0,5,0
12445,Abraham Luzzi,0,4,0
12446,Onduparaka FC,0,16,0
12447,Action for Development,0,4,0
12448,1971 Ugandan coup d'etat,0,1,0
12449,Kiggala of Buganda,0,8,0
12450,Nakibinge of Buganda,0,8,0
12451,Mulondo of Buganda,0,8,0
12452,Jemba of Buganda,0,8,0
12453,Ssekamanya of Buganda,0,8,0
12454,Kimbugwe of Buganda,0,6,0
12455,Kateregga of Buganda,0,9,0
12456,User talk:154.70.159.20,3,1,0
12457,Sarah Nakisanze,0,2,0
12458,Timothy Wangusa,0,4,0
12459,Umar Kakumba,0,5,0
12460,Deborah A. Driscoll,0,4,0
12461,Patrick Birungi,0,5,0
12462,Krasnodar,0,0,1
12463,Upper Mulago Regiona; Referral Hospital,0,5,0
12464,Emmwanyi/ Kaawa,0,0,0
12465,User:JPilSojitlayHG,2,0,0
12466,User talk:JPilSojitlayHG,3,0,0
12467,User:Nabukeera Dorothy,2,0,0
12468,Okutulugunya ku mutimbagano nga kusinziira ku kikula ky’abantu,0,0,1
12469,Victoria Mwaka,0,5,0
12470,"Ponsiano Ocama, omuwandiisi w’ebitabo",0,4,0
12471,Wilberforce Kisamba Mugerwa,0,8,0
12472,User:PK2,2,0,0
12473,Disitulikiti y'e Kikuube,0,0,0
12474,Sam Joseph Ntiro,0,6,0
12475,Gorretti Byomire,0,6,0
12476,Yukrein,0,0,0
12477,Category:CS1 Lulasa-language sources (ru),14,0,0
12478,Okutulugunya abantu ku mikutu gya yintaneeti okusinziira ku kikula,0,1,1
12479,Sam Byibesho,0,4,0
12480,"Oliver Furley, omuwandiisi w’ebitabo",0,5,0
12481,Omukama owa Tooro,0,3,1
12482,Ekizinga Bugala,0,1,1
12483,Empaka z'okumegganyizibwa eza U17 ez'ensi yonna,0,0,0
12484,FUFA League enkulu,0,0,0
12485,Denis Kiwanuka Lote,0,0,0
12486,"Muhanga, Rukiga",0,0,0
12487,Zakaria Labib,0,0,0
12488,Koch-Goma,0,0,0
12489,Ekkolero lya Ssukaali e Bugiri,0,0,0
12490,Eddwaliro ly'e Kibuli,0,0,0
12491,Emirimu gy'amazzi e Katosi,0,0,0
12492,PANYIMUR,0,0,0
12493,Emizannyo gya StarTimes,0,0,0
12494,Template:Year nav,10,0,0
12495,Template:Sidebar,10,0,0
12496,User:PK2/sandbox,2,0,0
12497,Eddwaaliro ekkulu erye Bwera,0,0,0
12498,Omugga Ora,0,0,1
12499,Nakifuma,0,0,0
12500,Kampala–Busunju Expressway,0,0,0
12501,"Lutikko ya St Paul, Kako",0,0,0
12502,Nagojje,0,0,0
12503,Namilyango,0,0,0
12504,Geofrey Kayemba,0,0,0
12505,Payipu y’amafuta mu Hoima okudda e Kampala,0,0,0
12506,Kyengera,0,0,0
12507,Makerere Kikoni,0,0,0
12508,Oluguudo lwa Katuna–Muko,0,0,0
12509,Kyotera,0,0,0
12510,Oluguudo lwa Mukono–Kyetume–Katosi–Nyenga,0,0,0
12511,Muyembe,0,0,0
12512,Æ,0,0,2
12513,Template:Latin alfabeti/main,10,0,0
12514,Template:Latin alfabeti/row26col,10,0,0
12515,A,0,0,0
12516,Sa,0,0,0
12517,X,0,0,0
12518,C,0,0,0
12519,D,0,0,0
12520,E,0,0,0
12521,Windows 11,0,0,0
12522,Windows 8.1,0,0,0
12523,Template:Infobox number,10,0,0
12524,Template:Infobox number/box,10,0,0
12525,Template:Infobox number/link,10,4,0
12526,Wikipedia mu Luganda,0,0,0
12527,F,0,0,0
12528,Ö,0,0,0
12529,Template:Latin alfabeti/letter with all diacritics,10,0,0
12530,Okubuuza,0,0,0
12531,Template:No,10,0,0
12532,Kkumi na ssatu,0,0,0
12533,Ssatu,0,0,0
12534,Nnya,0,0,0
12535,Ttaano,0,0,0
12536,Mukaaga,0,0,0
12537,Musanvu,0,0,0
12538,Munaana,0,0,0
12539,Mwenda,0,0,0
12540,Kkumi,0,0,0
12541,Kikumi,0,0,0
12542,Nkumi bbiri,0,0,0
12543,Nkumi ssatu,0,0,0
12544,Nkumi nnya,0,0,0
12545,Nkumi ttaano,0,0,0
12546,Template:Happy New Year fireworks,10,0,2
12547,Amakumi asatu mu mukaaga,0,0,0
12548,Anny Katabaazi Bwengye,0,4,0
12549,Saudi Arabia,0,0,0
12550,Okulonda kwa bonna mu Uganda okwa 2026,0,0,0
12551,Amakumi ana mu musanvu,0,0,0
12552,2000,0,3,0
12553,Template:JOR,10,0,0
12554,Mpindi clan,0,0,1
12555,Lugave Clan,0,3,0
12556,Ekika ky'eMpindi,0,9,1
12557,Mpologoma Clan,0,5,0
12558,Ennono za Uganda,0,1,0
12559,Ntalaganya Clan,0,6,1
12560,Njovu Clan,0,7,0
12561,Kibe Clan,0,6,0
12562,Amakondere,0,2,0
12563,Omukuli,0,2,0
12564,Omubanda,0,2,0
12565,Firinda,0,15,3
12566,Angodic,0,2,0
12567,Bigwala,0,0,1
12568,Dek Ngor,0,8,0
12569,Mugoyo,0,5,0
12570,Kikomando,0,3,0
12571,Kachumbari,0,3,0
12572,Nangnang fish,0,3,0
12573,Malewa,0,6,0
12574,Otole dance,0,3,0
12575,Ewoya Dance,0,2,0
12576,Okeme,0,4,2
12577,Ekizino,0,4,0
12578,Kisra,0,4,1
12579,Ekitaguriro,0,0,1
12580,Bwola,0,0,1
12581,Entogoro,0,1,1
12582,Amazina ga Kadodi,0,0,1
12583,Naleyo,0,0,1
12584,Akogo,0,0,2
12585,Nvubu Clan,0,6,1
12586,Ngonge Clan,0,10,0
12587,Edonga,0,0,1
12588,Kasubi Tombs,0,0,1
12589,Nyero rock paintings,0,0,0
12590,Ebinyege,0,6,0
12591,Mandazi,0,4,1
12592,Nsenene,0,0,0
12593,Sukuma wiki,0,0,1
12594,Nte Clan,0,5,1
12595,Typhoid fever,0,1,1
12596,Amazina ga Agwara,0,3,3
12597,Mparo Royal Tombs,0,4,5
12598,Cow's trotter,0,5,4
12599,User talk:Brenda Namulinda,3,1,1
12600,Ekyalakanu,0,2,1
12601,Xylophone,0,0,1
12602,Amadinda,0,1,1
12603,Ngeye Clan,0,5,1
12604,Adungu,0,0,1
12605,Template:Infobox medical condition,10,0,0
12606,Module:String2,828,0,0
12607,Module:GetParameters,828,0,0
12608,Template:Infobox medical condition/doc,10,1,0
12609,Module:WikidataIB,828,0,0
12610,Module:I18n,828,0,0
12611,Module:Entrypoint,828,0,0
12612,Module:Fallbacklist,828,0,0
12613,Module:Deprecated,828,0,0
12614,Template:Infobox/styles-images.css,10,0,0
12615,Template:SDcat,10,0,0
12616,Module:SDcat,828,0,0
12617,Module:Check for conflicting parameters,828,0,0
12618,Module:If preview,828,0,0
12619,Malakwang,0,0,1
12620,Alakena,0,0,0
12621,Juliet Nalukenge,0,0,0
12622,Dingi dingi,0,0,2
12623,Lydia Daphine Mirembe,0,0,0
12624,Robina Hope Mukisa,0,0,0
12625,Rose Kabagyenyi,0,0,0
12626,Lillian Nakate,0,0,0
12627,Rosemary Nauwat,0,0,0
12628,Misi Kabanda,0,0,0
12629,Kwizera Eudia,0,0,0
12630,Kwebiha Joyce,0,0,0
12631,Ssinabulya Sylvia Namabidde,0,0,0
12632,Gertrude Kulany,0,0,0
12633,Acayo Christine Cwinya,0,0,0
12634,Sylvia Bahireira Tumwekwase,0,0,0
12635,User talk:Judithamos,3,1,0
12636,Martha Kazungu,0,6,0
12637,Grace Namara,0,0,0
12638,Josyline Kamateneti,0,0,1
12639,Juliet Kakande Nakabuye,0,0,0
12640,Margret Okunga Makoha,0,0,0
12641,Faith Nakut,0,0,0
12642,Betty Muzanira,0,0,0
12643,Eugenia Nassolo,0,0,0
12644,Rose Nalubowa,0,1,0
12645,Justine Nameere,0,0,0
12646,Patricia Magara,0,0,0
12647,User talk:ESTHER NAKITENDE,3,1,0
12648,Endingidi,0,0,1
12649,Enid Origumisiriza,0,3,0
12650,Ahamed Siraj Kwikiriza omusajja omulala,0,0,0
12651,Alice Muloki Nnaabagereka wa Busoga,0,0,0
12652,"EMMANUEL COLLEGE KAZO, KAMPALA",0,0,0
12653,"Talk:EMMANUEL COLLEGE KAZO, KAMPALA",1,0,0
12654,COVID-19,0,1,0
12655,Cleome gynandra,0,0,0
12656,John Baptist Walusimbi,0,5,1
12657,Category:User en-GB,14,0,0
12658,Katonda,0,5,0
12659,User:Cn22760,2,0,0
12660,Jackson Orem,0,6,0
12661,Hussein Muyonjo Swengere,0,0,0
12662,Werikhe Kafabusa,0,6,0
12663,Michael Mugabi,0,4,0
12664,Talk:Wewaawo,1,0,0
12665,Gloria Seruwagi,0,6,0
12666,Larakaraka,0,5,4
12667,Amon Ashaba Mwiine,0,8,0
12668,Joseph Mugisha,0,3,0
12669,Waswa Balunywa,0,4,0
12670,User:Magnefl,2,0,0
12671,Goretti Nassanga,0,6,0
12672,Denis Hills,0,4,0
12673,Kojo Adu Asare,0,2,0
12674,William Canby,0,7,1
12675,User:Akandwanaho Micheal,2,0,0
12676,"Emelia Arthur, omuwandiisi w’ebitabo",0,0,0
12677,Buwalasi Theological College,0,3,0
12678,"Janet Nabla, omuwandiisi w’ebitabo",0,0,0
12679,"Janet Nabla, munnabyabufuzi",0,5,0
12680,"Mahmoud Thabit Kombo, omusajja omulala",0,0,0
12681,"Mahmoud Thabit Kombo, munnabyabufuzi",0,3,0
12682,Rolex,0,4,3
12683,Kundo Mathew,0,0,0
12684,"Nusrat Hanje, omuwandiisi w’ebitabo",0,0,0
12685,Salome Makamba,0,0,0
12686,Emmanuel Nchimbi,0,1,0
12687,Victoria Lakshmi Hamah ye agamba nti,0,0,0
12688,Victoria Lakshmi Hamah munnabyabufuzi,0,2,0
12689,Samuel Abdulai Jabanyite omusajja omulala,0,1,0
12690,Samuel Abdulai Jabanyite munn,0,2,0
12691,"José Ibraimo Abudo, munnabyabufuzi",0,2,0
12692,Amade Camal,0,0,0
12693,Sani Yaya,0,0,0
12694,Dhoihir Dhoulkamal,0,1,0
12695,Florentino Mendes Pereira,0,1,0
12696,"Alamin Mohammed Seid, omuwandiisi w’ebitabo",0,0,0
12697,"Alamin Mohammed Seid, munnabyabufuzi",0,0,0
12698,Aji Secka,0,1,0
12699,"Kadidja Mohamed Ali, munnabyabufuzi",0,1,0
12700,MJ Mahlangu,0,0,0
12701,Fairland University,0,6,0
12702,Joseph Charles Doumba,0,2,0
12703,Ahmed Attoumani Douchina,0,1,0
12704,"Alamara Nhassé,",0,0,0
12705,Sidia Jatta,0,1,0
12706,Satang Jow,0,0,0
12707,Omukuumi Proença,0,1,0
12708,Helder Proença,0,1,0
12709,Jjangu Mankasse,0,1,0
12710,Come Mankasse,0,1,0
12711,"Jean-Baptiste Baskouda, omuwandiisi w’ebitabo",0,0,0
12712,"Jean-Baptiste Baskouda, munnabyabufuzi",0,1,0
12713,"June Holst-Roness, omuwandiisi w’ebitabo",0,0,0
12714,"June Holst-Roness, munnabyabufuzi",0,4,0
12715,Okere Adams,0,0,0
12716,Karefa Kargbo,0,0,0
12717,"Asheik Jarma, munnabyabufuzi",0,0,0
12718,Fins Medical University,0,6,0
12719,"Josephine Anenih, omuwandiisi w’ebitabo",0,0,0
12720,"Josephine Anenih, munnabyabufuzi",0,1,0
12721,Bola Afonja,0,0,0
12722,Stella Ngwu,0,0,0
12723,Kola Adewusi,0,0,0
12724,Idris Wada,0,0,0
12725,"Nuno Gomes Nabiam, omuwandiisi w’ebitabo",0,0,0
12726,"Nuno Gomes Nabiam, munnabyabufuzi",0,2,0
12727,Salvador Namburete agamba nti,0,0,0
12728,Salvador Namburete munnabyabufuzi,0,0,0
12729,"Maria Arruvaia, omuwandiisi w’ebitabo",0,0,0
12730,"Maria Arruvaia, munnabyabufuzi",0,2,0
12731,Maphoka Motoboli,0,0,0
12732,"Germaine Kouméalo Anaté, omuwandiisi w’ebitabo",0,0,0
12733,Germaine Kouméalo Anaté,0,0,0
12734,"Rui Alberto de Figueiredo Soares, omuwandiisi w’ebitabo",0,0,0
12735,"Maria Laice, omuwandiisi w’ebitabo",0,0,0
12736,"Maria Laice,munnabyabufuzi",0,1,0
12737,"Fatim Badjie, omuwandiisi w’ebitabo",0,0,0
12738,Fatim Badjie,0,1,0
12739,Momodou Baboucar Njie Omusajja Omukulu,0,0,0
12740,Momodou Baboucar Njie munnabyabufuzi,0,1,0
12741,Stella Nkoro,0,1,0
12742,User talk:B722N,3,1,0
12743,KAMWA KABI KASSA SSIROGANGA,0,0,0
12744,Chantal Biya,0,0,0
12745,Mary Nzimiro,0,1,0
12746,Matilda Lambert,0,0,0
12747,Olive Kigongo,0,0,0
12748,Nataliey Bitature,0,1,0
12749,Olive Byamukama,0,4,0
12750,Janet Wesonga,0,2,0
12751,Aganza Kisaka,0,3,0
12752,Sandra Aceng,0,6,0
12753,Stellah Nantumbwe,0,4,0
12754,Concy Aweko,0,1,0
12755,Justine Nakagiri Ssemwanga,0,0,0
12756,Theopista Sekitto Ntale,0,0,0
12757,Harriet Nakwedde,0,6,0
12758,Ruth Kalibbala Bwanika,0,6,0
12759,Hadijah Nakanjako,0,1,0
12760,Maureen Nankya,0,3,0
12761,Zaina Namuleme,0,3,0
12762,Shamim Mayanja,0,4,0
12763,Barbara Allimadi,0,4,0
12764,Yarri Kamara,0,2,0
12765,Lynnette Tumwine Kyokunda nga ye muyimbi,0,5,0
12766,Charity Lenia,0,4,0
12767,Omuzirakisa Lenia,0,0,0
12768,Ruth Sebatindira,0,1,0
12769,Irene Muyanga,0,1,0
12770,Rose Musani,0,1,0
12771,Irene Sewankambo,0,0,0
12772,Carol Alyek Beyanga,0,5,0
12773,Jane Kasumba,0,0,0
12774,Sandra Nabaggala,0,4,0
12775,Shoshana Nambi,0,5,0
12776,Sheila Tusiime,0,5,0
12777,"Doreck Ankunda, omusajja omulala",0,3,0
12778,Doreck Ankunda,0,3,0
12779,Beatrice Ayikoru,0,3,0
12780,Nadine Byarugaba,0,0,0
12781,1977 Liigi y'eggwanga lya Uganda,0,0,0
12782,Josephine Joyce Lalam,0,2,0
12783,"Rehema Nanfuka, omusajja omulala",0,11,0
12784,Franklin Najjumba,0,3,0
12785,"Kemiyondo Coutinho, omusajja omulala",0,3,0
12786,Madina Nalwanga,0,2,0
12787,Rachael Zena Chebet,0,1,0
12788,Christine Lanyero Awany,0,4,0
12789,Kookolo w’amawuggwe,0,1,0
12790,Juliet Zawedde,0,3,0
12791,Omuyimbi Kyomuhendo,0,4,0
12792,Juliana Kagwa,0,4,0
12793,Sharifah Tumusiime,0,5,0
12794,Manuela Pacutho,0,6,0
12795,Jennifer Mwijukye,0,3,0
12796,Doreen Chemutai,0,0,0
12797,Omuyimbi Julian Adyeri Omalla,0,3,0
12798,Patricia Chepkwemoi,0,1,0
12799,Doreen Chesang,0,3,0
12800,Mercy Kainobwisho,0,0,0
12801,Sumaya Komuntale,0,5,0
12802,Rose Nakasi,0,6,0
12803,Prosperous Nankindu Kavuma,0,5,0
12804,Husina Kobugabe,0,6,3
12805,Jolly Twebaze Ngabirano,0,6,0
12806,Brenda Chekwemoi,0,2,0
12807,"Julia Clare Oyet, omuwandiisi w’ebitabo",0,4,0
12808,Felister Chekwemoi,0,2,0
12809,Bentalin Yeko,0,2,0
12810,Nancy Chepkwurui,0,2,0
12811,Rebecca Chelangat,0,2,0
12812,Jovia Nakagolo,0,1,0
12813,Zahara Nandawula,0,2,0
12814,Shakirah Nyinagahirwa,0,4,0
12815,Knight Aciru,0,2,0
12816,Asha Noppeney,0,4,0
12817,Zam Seera,0,2,0
12818,Ruth Aturo,0,3,0
12819,Linet Toroitich Chebet,0,2,0
12820,Adha Munguleya,0,2,0
12821,"Sasha Ferguson, omuwandiisi w’ebitabo",0,4,0
12822,Malaika (omuzannyi wa firimu) .,0,6,0
12823,Musisi,0,8,0
12824,Evelyn Namara,0,6,0
12826,Suzan Mweheire Kitariko,0,4,0
12827,Omuyimbi Sylvia Jagwe Owachi,0,5,0
12828,Goretti Masadde,0,5,0
12829,Omuyimbi Shakila Rahim Lamar,0,4,0
12830,Grace Muliisa,0,5,0
12831,Evelyne Nakiyingi,0,2,0
12832,Margaret Baagala,0,8,0
12833,Grace Kigeni,0,6,0
12834,Joy Cheptoyek,0,2,0
12835,Olukalala lw'abazannyi ba Uganda abakyala Twenty20 International cricketers,0,4,0
12836,Tracy Akiror,0,7,0
12837,Alice Boase,0,2,0
12838,Barbara Saben,0,2,0
12839,Gertrude Njuba,0,3,0
12840,Omukyala Aginesi Nabirye,0,4,0
12841,Kenny Auma,0,3,0
12842,Jane Asiimwe Muhindo,0,5,0
12843,Josephine Pedun,0,2,0
12844,Arinda Daisy Kankiriho,0,3,0
12845,Esther Okello Lutwa,0,3,0
12846,Sarah Wasagali Kanaabi,0,6,0
12847,Shakirah Nankwanga,0,3,0
12848,"Belinda Chemutai, omuwandiisi w’ebitabo",0,2,0
12849,"Loice Chekwemoi, omuwandiisi w’ebitabo",0,2,0
12850,Alan Kasujja,0,0,0
12851,Danielita Favor Nambatya,0,12,0
12852,James Nangwala,0,0,0
12853,Timothy Batabaire,0,0,0
12854,Richard Nduhura,0,0,0
12855,Category:Abantu abalamu,14,0,0
12856,Priscilla Abey,0,4,0
12857,Ritah Imanishimwe,0,3,0
12858,Lydia Babirye,0,3,0
12859,Brenda Ekone,0,3,0
12860,Teddy Nakimuli,0,1,0
12861,Maria Najjuma,0,3,0
12862,Mellissa Akullu,0,4,0
12863,Asha Sonko,0,3,0
12864,Viola Namuddu,0,3,0
12865,Shamirah Nalugya,0,6,0
12866,Ekirwadde ky’ebola,0,0,0
12867,Allan Enyou,0,5,0
12868,Fred Ruhindi,0,0,0
12869,Arthur Kisenyi,0,0,0
12870,Godfrey Kalimugogo,0,0,0
12871,Samuel Iga Zinunula,0,0,0
12872,Pamela Annet Kirungi,0,2,0
12873,Jeniva Arinaitwe,0,4,0
12874,Esther Majambere Musoke,0,3,0
12875,Sylvia Tumuheirwe Alinaitwe,0,4,0
12876,Esther Lucy Acom,0,3,0
12877,Namugerwa Gloria,0,5,0
12878,Nalongo Hadijah,0,7,0
12879,Omuzirakisa Cherop,0,5,0
12880,Omuyimbi Catherine Ainembabazi,0,4,0
12881,Omuyimbi Sylvia Kabene,0,5,0
12882,Amabidde,0,0,0
12883,Angwech Colline,0,4,0
12884,User:配合比全额更好（说说而已）,2,0,0
12885,Sam Otada,0,0,0
12886,Selestino Babungi,0,0,0
12887,James Mugira,0,0,0
12888,Oluguudo lwa Kabwoya–Buhuka,0,0,0
12889,Joseph Kenneth Ssebaggala,0,0,0
12890,Yunivasite y’ensi yonna eya Metropolitan,0,8,0
12891,Metropolitan International University,0,8,0
12892,"Tova O’Brien, omuwandiisi w’ebitabo",0,0,0
12893,Leilah Babirye,0,13,0
12894,Nuwa Wamala Nnyanzi,0,0,0
12895,Dennis Galabuzi Ssozi,0,0,0
12896,Phionah Atuhebwe,0,4,0
12897,User:Bingostic,2,0,0
12898,Malesiya,0,0,0
12899,Natasha Museveni Karugire,0,12,0
12900,Manuela Pacutho Mulondo,0,6,0
12901,Mary Lewis (omuzannyi wa firimu Omucanada),0,5,0
12902,Mary Lewis (Omunnakatemba omukanada),0,4,0
12903,Rehmah Kasule,0,6,0
12904,Razia Iqbal,0,0,0
12905,Shamim Nambassa,0,5,0
12906,Mildred Tuhaise,0,4,0
12907,Ronald Nsubuga Balimwezo,0,7,0
12908,Claire Lamunu,0,14,0
12909,Yudaya Nakayenze,0,5,0
12910,Thomas Aisu,0,6,0
12911,Kania Obiga,0,5,0
12912,Godfrey Kiwanda,0,6,0
12913,Andrew Cohen (omuddukanya w’emirimu gy’amatwale) .,0,0,0
12914,Kibirige Mayanja,0,2,0
12915,Bulasio Mukasa,0,6,0
12916,John Nasasira,0,5,0
12917,Gabriel Opio,0,4,0
12918,Nexus International University,0,6,0
12919,David Kalwanga Lukyamuzi,0,3,0
12920,Herbert Kabafunzaki,0,4,0
12921,Fred Nyanzi Ssentamu,0,5,0
12922,Vincent Woboya,0,5,0
12923,Micheal Tusiime,0,5,0
12924,Serapio Rukundo,0,7,0
12925,Phillip Wafula Ogutu,0,4,0
12926,"Nathan Byanyima, omusajja omulala",0,4,0
12927,Geoffrey Lutaaya,0,6,0
12928,Simon Mulongo,0,7,0
12929,Simon Kaggwa Njala,0,5,0
12930,Willy Mayambala,0,2,0
12931,Balyeku Moses Grace,0,2,1
12932,Katikkiro wa Buganda,0,12,1
12933,Mayanja Kyompitira Sebalu,0,2,0
12934,Babiiha Jane Alisemera,0,2,0
12935,Zerubabel Nyiira,0,6,0
12936,Ekwau Ibi Florence,0,2,1
12937,Trinity College Nabbingo,0,0,0
12938,St. Mary's College Kisubi,0,0,0
12939,"Kasibante Robert, omuwandiisi w’ebitabo",0,5,0
12940,Tarsis Kabwegyere,0,5,0
12941,Vienna College Namugongo,0,0,0
12942,Robert Maseruka,0,6,0
12943,Mbale Secondary School,0,0,0
12944,St. Joseph's College Layibi,0,0,0
12945,Soroti Secondary School,0,0,0
12946,Makmot Otto,0,5,0
12947,Sitenda Sebalu,0,1,0
12948,Mathew Rukikaire,0,1,0
12949,Kid Fox,0,0,0
12950,Robert Mugabe Kakyebezi,0,5,0
12951,Nyasio Mudimi,0,3,0
12952,Medard Lubega Sseggona,0,6,0
12953,Kiwanuka Sulaiman,0,7,1
12954,Mastula Namatovu,0,3,0
12955,Naome Kabasharira,0,4,0
12956,Benson Lugwar,0,2,0
12957,Lawrence Kiiza,0,6,0
12958,Odongo Okune,0,6,0
12959,Andrew Mwenda,0,6,0
12960,Kampala German Language School,0,0,0
12961,Bukalasa Agricultural Training Institute,0,0,0
12962,St. Kaggwa Bushenyi High School,0,0,0
12963,St. John Fisher Ibanda Secondary School,0,0,0
12964,Frank Bulira Kabinga,0,3,0
12965,Samuel Ediau,0,2,0
12966,Kayogera Yona,0,2,0
12967,James Rwanyarare nga bwe kiri,0,4,0
12968,James Rwanyarare,0,4,0
12969,Besueri Kiwanuka Lusse Mulondo,0,4,0
12970,Lawrence Mangusho,0,4,1
12971,"Munnamawulire, munnauganda, muwandiisi",0,5,0
12972,Nobel Mayombo,0,7,0
12973,"Kasibante Robert,",0,5,0
12974,Levixone,0,7,0
12975,Ayoo Tonny,0,3,0
12976,Matayo Lukwiya,0,6,1
12977,Charles Onyango-Obbo,0,6,0
12978,Moses Isegawa,0,4,0
12979,Sally Lloydd-Jones,0,4,0
12980,James Dubai Olobo,0,4,0
12981,Kirungi Annet Pamela,0,2,0
12982,Elton Joseph Mabirizi,0,8,0
12983,International School of Uganda,0,0,0
12984,Richard Gafabusa,0,7,0
12985,Busaana Modern Academy,0,0,0
12986,Serere Township Secondary School,0,0,0
12987,Ndyomugyenyi Roland Bish,0,4,1
12988,Nkuutu Memorial Secondary School,0,0,0
12989,Munyagwa Mubarak Sserunga,0,5,0
12990,Tibasiimwa Joram Ruranga,0,4,0
12991,St. Peter's College Tororo,0,1,0
12992,Uganda Junior Staff College,0,0,0
12993,Andrew Kaluya,0,4,1
12994,Charles Angina,0,7,0
12995,Kibalya Henry Maurice,0,4,0
12996,A. G. Mehta,0,7,1
12997,Mackay Memorial College,0,0,0
12998,Andrew Baryayanga,0,5,0
12999,Okin Ojara,0,6,0
13000,Gaster Nsereko,0,5,0
13001,Amos Betungura,0,7,0
13002,Frank Nyangweso,0,3,0
13003,Anna Makula,0,0,0
13004,Shamim Murerwa,0,0,0
13005,Laika Umuhoza,0,0,0
13006,Grace Lubega,0,0,0
13007,Jeremiah Twa-Twa,0,6,0
13008,Olukalala lw'abaminisita b'ensonga z'omunda mu Ggwanga Yuganda,0,1,0
13009,Template talk:Databox,11,1,0
13010,UNIFAT,0,0,0
13011,Gayaza High School,0,0,0
13012,Patrick Ogwang,0,0,0
13013,Isabella Epiu,0,0,0
13014,Ssebugga Kimeze,0,0,0
13015,Kirya Balaki Kebba,0,6,0
13016,Lubiri,0,5,1
13017,Christopher Komakech,0,2,0
13018,Ebivuga eby'ennono ebya Uganda,0,0,0
13019,Emmanuel Wamala,0,5,0
13020,Rebecca Cheptegei,0,5,1
13021,Musa Muhwezi,0,4,0
13022,Moses Muhwezi,0,4,0
13023,Prisca Chesang,0,6,0
13024,Amos Nyathirombo,0,6,0
13025,Sandy Millar,0,6,0
13026,Joseph Kabuleta,0,7,0
13027,Lawrence Akugizibwe,0,7,0
13028,Naakulabye,0,3,0
13029,Olusozi Kasubi,0,7,0
13030,Amasiro g'eWamala,0,1,1
13031,Grenia Nyamwija,0,0,0
13032,Ekika ky'Effumbe,0,13,0
13033,Teso College Aloet,0,0,0
13034,Empuku ya Kiwumulo,0,5,2
13035,Oliva Amani,0,6,0
13036,Irene Drusilla Namaganda,0,1,0
13037,Omugga Sezibwa,0,4,2
13038,Odonga Otto,0,0,0
13039,Solomon Serwanjja,0,0,0
13040,Category:Bannakatemba,14,0,0
13041,Omusomesa Mpamire,0,0,0
13042,Category:Bannabyabufuzi mu Uganda,14,0,0
13043,Bulange,0,5,1
13044,Chance Nalubega,0,11,0
13045,Lukiiko,0,0,0
13046,Obangaina,0,3,0
13047,Carol Nantongo,0,9,0
13048,"Mengo, Uganda",0,7,5
13049,Ekitiibwa kya Buganda,0,2,0
13050,Kaleke kasome,0,1,0
13051,Yosam Odur Ebii,0,5,0
13052,Kin Kariisa,0,4,0
13053,Rwot Acana,0,5,0
13054,Biddemu Bazil Mwotta,0,5,0
13055,Joseph Almeida (omusomesa),0,9,0
13056,Nnaabagereka owa Buganda,0,3,0
13057,Nnaabagereka wa Buganda,0,4,0
13058,Engule z'ennyimba za Pearl of Africa,0,1,0
13059,Paul Amoru,0,5,0
13060,Endongo,0,4,0
13061,Okello Oculi,0,6,0
13062,Naggalabi Buddo,0,6,0
13063,Sauti Ya Africa,0,4,0
13064,DJ Shiru,0,2,1
13065,Yvonne Mpambara,0,7,0
13066,Uganda National Contemporary Ballet,0,5,0
13067,East African Bashment Crew,0,2,0
13068,Watoto Children's Choir,0,1,1
13069,Klear Kut,0,5,0
13070,Swahili Nation,0,2,0
13071,Bernard Kabanda Ssaalongo,0,1,0
13072,Black Harmony,0,4,0
13073,User:Solomon Suubi/common.js,2,0,0
13074,Omuyimbi Elton Joseph Mabirizi,0,0,0
13075,Enkwanzi,0,5,0
13076,Oseke,0,3,0
13077,Eddie Wizzy,0,4,0
13078,Engalabi,0,5,0
13079,"Oh Uganda, Ensi ya Bulungi",0,7,0
13080,Sitya Loss,0,3,0
13081,Olubiri lwe Twekobe,0,5,3
13082,Namakula Mary Bata,0,8,0
13083,Nambi (enfumo) .,0,4,1
13084,Ghetto Kids,0,3,2
13085,Denis Obua (politician),0,0,0
13086,Karoli Lwanga,0,4,2
13087,Robert Kabushenga,0,0,0
13088,Butikkiro,0,5,0
13089,Elijah Kitaka,0,8,0
13090,Olusozi Namirembe,0,6,1
13091,Ekika ky'AKasimba,0,13,1
13092,Ekika ky'Obutiko,0,13,1
13093,Talk:Kintu,1,1,0
13094,Mesach Semakula,0,9,0
13095,Ekijjukizo ky'Abajulizi e Busega,0,3,1
13096,Adolfo Mukasa Ludigo,0,2,0
13097,Manuel Muranga,0,4,0
13098,Gladyce Kachope,0,4,0
13099,Mathias Mpuuga,0,0,0
13100,Nsikatila,0,9,0
13101,Joseph Mukasa Balikuddembe,0,4,0
13102,Enock Nyongore,0,2,0
13103,Nakanyike B. Musisi,0,9,0
13104,Bernadette Nambi,0,4,0
13105,Suzie Muwanga,0,7,0
13106,Musa Kizza Musaazi,0,5,0
13107,George Lugalambi,0,4,0
13108,Ekaddiyizo lya Hamu Mukasa,0,4,2
13109,Drake P Mirembe,0,8,0
13110,Venansius Baryamureeba,0,5,0
13111,Ekisaakaate,0,8,0
13112,Josephine Ahikire,0,7,0
13113,Mahmood Mamdani,0,0,0
13114,Munyonyo Martyrs Shrine,0,7,6
13115,Lyrical G,0,7,0
13116,Janzi Band,0,8,0
13117,Ganda Boys,0,6,0
13118,User:Sisterian/Ebika bya Baganda,2,11,0
13119,Ray Signature,0,10,0
13120,Leslie 'Lee' Kasumba,0,4,0
13121,Ernest Okello Ogwang,0,5,0
13122,Olukalala lw'abaminisita b'amateeka ne Ssemateeka wa Uganda,0,3,0
13123,A Pass,0,11,0
13124,Achilleus Kiwanuka,0,2,0
13125,BigTril,0,0,0
13126,Ssewa Ssewa,0,9,0
13127,I'm Still Here (Juliana Kanyomozi song),0,8,0
13128,Asha Naava Zziwa,0,9,0
13129,Lumix Da Don,0,5,0
13130,Abajulizi ba Uganda,0,14,8
13131,Omuziki gwa Baganda,0,21,0
13132,Akakiiko Akavunaanyizibwa ku By'okulonda mu Uganda,0,0,0
13134,Dr. Arthur W. Allen Home,0,0,0
13135,Ronald Ssebuguzi,0,0,0
13136,EMMYEZI,0,0,0
13137,"Munyagwa Mubarak Sserunga, omusajja omulala",0,0,0
13138,B2C Entertainment,0,4,1
13139,Canaan Gents,0,4,0
13140,Nana Ama Dokua Asiamah Adjei,0,0,0
13141,Rashy K,0,6,0
13142,Mark Ouma,0,0,0
13143,Sitya Okufiirwa,0,0,0
13144,Arthur Simeon,0,2,0
13145,Viola Nimuhamya,0,6,0
13146,Ali Kiiza,0,7,0
13147,Lillian Zawedde,0,4,0
13148,Mun G,0,8,0
13149,Annet Nakimbugwe,0,7,0
13150,Fauzia Najjemba,0,8,0
13151,Menton Summer,0,6,0
13152,Victor Ray,0,8,0
13153,Solome Bossa,0,10,0
13154,William Mukama,0,1,0
13155,Nancy Kacungira,0,5,0
13156,Nehemiah Katusiime,0,4,0
13157,President of Uganda,0,6,0
13158,Kiddu Makubuya,0,8,0
13159,Kemiyondo Coutinho,0,3,0
13160,Gerald Moore (scholar),0,4,0
13161,Rukh-Shana Namuyimba,0,5,0
13162,Bashir Kazibwe,0,7,0
13163,Category:Bayimbi,14,0,0
13164,Ivan Kyeyune,0,2,0
13165,Esther Nakaziba,0,0,0
13166,Presidential Commission of Uganda,0,6,0
13167,Rubanda-Mayonza,0,0,0
13168,Pyarali Merali,0,0,0
13169,Emily Maractho,0,4,0
13170,Dominica Dipio,0,5,0
13171,William Bazeyo,0,5,0
13172,Abbas Kaijuka,0,0,0
13173,Milege Festival,0,3,0
13174,Darlyne Komukama,0,0,0
13175,Muwanga Kivumbi,0,3,0
13176,Jude T Lubega,0,7,0
13177,Milege Afrojazz Band,0,13,0
13178,Winyi ow'e Kibulala,0,7,0
13179,Francis Ayume,0,5,0
13180,Anthony Ochaya,0,0,0
13181,Hussein Kyanjo,0,7,0
13182,Andrew Kakooza,0,9,2
13183,Jacob Oboth-Oboth,0,5,0
13184,Andrew Mukooza,0,9,2
13185,Wakooli Godfrey Matembu,0,5,0
13186,Andrew Kambugu,0,6,0
13188,George Didi Bhoka,0,4,0
13189,Cuthbert Joseph Obwangor,0,0,0
13190,Ramathan Ggoobi,0,6,0
13191,Yetunde Arobieke,0,0,0
13192,Olum Lornah Afoyomungu,0,6,0
13193,Charles Onen,0,2,1
13194,Stephen Sserubula,0,3,0
13195,Reginald Green (omukugu mu by’enfuna),0,6,0
13196,Roseline Konya,0,0,0
13197,Rose Christine Adikini,0,4,0
13198,Mwesigwa Rukutana,0,6,0
13199,Geoffrey Mutiwa,0,1,0
13200,Salaamu Musumba,0,0,0
13201,Sylvia Vicky Awas,0,3,0
13202,Kato Kintu,0,5,0
13203,Enviiri Balogun,0,0,0
13204,John William Kibukamusoke,0,6,0
13205,Josephine Ibaseret,0,0,0
13206,Nkunyingi Muwada,0,5,0
13207,Hairat Balogun,0,3,0
13208,Adam Mugume,0,6,0
13209,Paul Theroux,0,0,0
13210,Evelyn Omavowan Oboro,0,0,0
13211,Ada Osakwe,0,0,0
13212,Ash Amin,0,5,0
13213,Mary Annet Nakato,0,3,0
13214,Mame Mandiaye Niang,0,7,0
13215,Khemis Mzaid,0,0,0
13216,Fiona Nakku,0,0,0
13217,Ezra Suruma,0,6,0
13218,Perez Ahabwe,0,0,0
13219,"Emmanuel Amey Ojara, omusajja omulala",0,6,1
13220,"Emmanuel Amey Ojara,",0,6,1
13221,Ian Clarke,0,0,0
13222,John Mbiti,0,9,0
13223,David Rubadiri,0,0,0
13224,Sam Engola,0,5,0
13225,Olivia Mary Nantongo,0,8,0
13226,Derrick Ssenyonyi,0,5,3
13227,Twaha Kagabo,0,4,0
13228,Bruce Baraba Kabaasa,0,3,0
13229,Gilbert Olanya,0,5,0
13230,Peter James Nkambo Mugerwa,0,0,0
13231,Les Ebdon,0,0,0
13232,Hugh Dinwiddy,0,5,0
13233,Cotilda Inapo,0,5,0
13234,Israel Kibirige Ssebunya,0,0,0
13235,Sarah Waiswa,0,5,0
13236,Vincent Nyanzi,0,7,0
13237,Theresa Musoke,0,5,0
13238,Betty Manyolo,0,6,0
13239,Barnaba Nawangwe,0,10,0
13240,Barnabas Nawangwe,0,10,0
13241,Olukalala lw’abakiise mu Paalamenti ya Uganda ey’ekkumi n’ebbiri,0,2,0
13242,Lokwang Hillary,0,3,0
13243,Felix Onama,0,3,0
13244,Laker Jolly Grace Andruvile Okot,0,8,0
13245,Module talk:Databox,829,1,0
13246,Richard Todwong,0,6,0
13247,Godfrey Kabbyanga,0,7,0
13248,Susan Kabonero Muhwezi,0,5,0
13249,Consolata Kabonesa,0,7,0
13250,Micah Akasile Lolem,0,3,0
13251,Denis Owen,0,0,0
13252,Christine Bukenya Ssendawula,0,3,0
13253,Innocent Oula,0,6,0
13254,Maggie Magode Ikuya,0,5,0
13255,Ronald Reagan Okumu,0,2,0
13256,Anthony Akol,0,2,0
13257,Denis Nyangweso,0,3,0
13258,Barnabas Tinkasimire,0,3,0
13259,Karubanga Jacob,0,3,0
13260,Ivan Koreta,0,7,0
13261,Moses Okot Jr,0,8,0
13262,Janzi (musical instrument),0,4,0
13263,"Bethwell Allan Ogot, omuwandiisi w’ebitabo",0,0,0
13264,Bethwell Allan Ogot,0,0,0
13265,Silas Aogon,0,7,0
13266,Joseph Ekemu,0,5,0
13267,"George Shepperson, omuwandiisi w’ebitabo",0,5,0
13268,George Shepperson,0,5,0
13269,Esther Kyozira,0,0,0
13270,Joseph Ssekandi,0,5,0
13271,John Bashaija Kazoora,0,5,0
13272,Sophia Karen Edem Ackuaku,0,0,0
13273,Sam Odaka,0,1,1
13274,Lydia Alhassan,0,0,0
13275,Amanya Mushega,0,5,0
13276,Rose Clarke Nanyonga,0,6,0
13277,Milege,0,0,0
13278,Gerald Ssendawula,0,0,0
13279,Gerald Ssendaula,0,1,0
13280,Jacklyn Jolly Tukamushaba,0,0,0
13281,"Frank Baffoe, omuwandiisi w’ebitabo",0,5,0
13282,Frank Baffoe,0,5,0
13283,Helen Epstein (munnamawulire),0,0,0
13284,User:Sisterian/Basil Kiiza Bataringaya,2,18,0
13285,Christopher Kibanzanga,0,0,0
13286,Aronda Nyakairima,0,0,0
13287,Sarah Bireete,0,0,0
13288,Dani Wadada Nabudere,0,0,0
13289,Joan Rwabyomere,0,0,0
13290,Leader of Opposition,0,8,9
13291,Neo Masisi,0,0,0
13292,Elizabeth Mataka,0,0,0
13293,Charles Oboth Ofumbi,0,7,0
13294,Moggie Mbaakanyi,0,0,0
13295,Pelonomi Venson-Moitoi,0,0,0
13296,Queen of Uganda,0,4,0
13297,Yowabu Magada Kawaluuko,0,5,0
13298,Housen Mushema,0,8,0
13299,Kenneth Pablo Kimuli,0,12,0
13300,Omara Atubo,0,6,0
13301,Flavian Zeija,0,7,0
13302,Aston Kajara,0,6,0
13303,Fred Jalameso,0,0,0
13304,Daudi Ochieng,0,0,0
13305,Kevinah Taaka Wanaha Wandera,0,0,0
13306,Adison Kakuru,0,0,0
13307,"Ali Mazrui, omuwandiisi w’ebitabo",0,24,0
13308,Omumyuka wa ssaabaminisita wa Uganda,0,2,0
13309,Denis Williams,0,8,0
13310,James Simpson (Munnayuganda munnabyabufuzi),0,1,0
13311,Jeremiah Lucas Opira,0,2,0
13312,African Children's Choir,0,11,2
13313,Celestino Obua,0,9,0
13314,User:Macdeus,2,0,0
13315,Mariam Iddrisu,0,1,0
13316,Muddathir Abdel-Rahim omuwandiisi w’ebitabo,0,10,0
13317,Saba Saba,0,9,0
13318,Anna Nyamekye,0,0,0
13319,Bands of the Uganda People's Defence Force,0,8,1
13320,"Lucy Newlyn, omuwandiisi w’ebitabo",0,8,0
13321,Vinand Nantulya,0,5,0
13322,Lawrence Segawa,0,2,0
13323,Trough zither,0,16,6
13324,Peter Byaruhanga,0,6,0
13325,Harrison Mutikanga,0,4,0
13326,John Omagino,0,5,0
13327,Suraj Prasad Singh,0,3,0
13328,Phillip Ssozi,0,4,1
13329,Pius Ssebulime,0,0,0
13330,Jesse Bal,0,0,0
13331,James Bogere,0,0,0
13332,Eric Berry Edney,0,1,0
13333,Phillip Omondi,0,3,0
13334,Ivan Anguyo,0,1,0
13335,Template:Interlanguage link,10,0,0
13336,Template:Ill,10,0,0
13337,Template:Template link/doc,10,3,0
13338,Template:T,10,0,0
13339,Template:Expensive,10,0,1
13340,Template:Expensive/doc,10,1,0
13341,Category:Template documentation pages,14,0,0
13342,Category:Pages with too many expensive parser function calls,14,1,0
13343,Template:CatAutoTOC,10,0,0
13344,Template:CatAutoTOC/doc,10,5,0
13345,Module:HTMLDecode,828,0,0
13346,Module:HTMLDecode/doc,828,1,0
13347,Template:Tsh,10,0,0
13348,Template:Rcatsh,10,0,0
13349,Template:Archives/doc,10,3,0
13350,Template:Inputbox,10,0,0
13351,Template:Inputbox/doc,10,6,0
13352,Kosei Yamaguchi,0,2,0
13353,Template:Strong,10,0,0
13354,Template:Tlnull,10,0,0
13355,Template:Template link null,10,0,0
13356,Template:Tlg/doc,10,5,0
13357,Template:Strong/doc,10,7,0
13358,Template:Terminate sentence,10,0,0
13359,Template:Terminate sentence/doc,10,1,0
13360,Module:Text/doc,828,6,0
13361,Template:Archives,10,0,1
13362,Category:Wikipedia templates,14,2,0
13363,Category:Wikipedia namespaces,14,0,0
13364,Template:Maintenance category,10,0,1
13365,Template:Maintenance category/doc,10,6,0
13366,Template:Template redirect,10,0,0
13367,Template:Template redirect/doc,10,2,0
13368,Template:Tlr,10,0,0
13369,Template:Template redirects,10,0,0
13370,Template:Distinguish,10,0,0
13371,Template:Distinguish/doc,10,5,0
13372,Module:Distinguish,828,0,0
13373,Module:Distinguish/doc,828,0,0
13374,Template:Redirect-distinguish,10,0,0
13375,Template:Redirect-distinguish/doc,10,2,0
13376,Module:Redirect-distinguish,828,0,0
13377,Module:Redirect-distinguish/doc,828,1,0
13378,Template:Interlanguage link/doc,10,19,0
13379,Template:Soft redirect,10,0,1
13380,Template:Soft redirect/doc,10,6,0
13381,Template:Redirect category shell/doc,10,11,1
13382,Template:Soft redirect protection,10,0,0
13383,Template:Soft redirect protection/doc,10,0,0
13384,Template:Warning,10,0,1
13385,Template:Editnotice EXPECTUNUSEDTEMPLATE,10,0,0
13386,Template:Editnotice EXPECTUNUSEDTEMPLATE/doc,10,1,0
13387,Template:Warning/doc,10,10,1
13388,Template:Bot use warning,10,0,1
13389,Template:Bot use warning/doc,10,4,0
13390,Template:Helpbox,10,0,0
13391,Template:Helpbox/doc,10,6,0
13392,Template:Helpbox/styles.css,10,0,0
13393,Template:Parameter names example/doc,10,3,0
13394,Template:Generic template demo,10,0,0
13395,Template:Pnex,10,0,0
13396,Module:Sidebar,828,0,0
13397,Module:Sidebar/doc,828,0,0
13398,Module:Sidebar/styles.css,828,0,0
13399,Module:Sidebar/configuration,828,0,0
13400,Template:Language templates,10,0,0
13401,Template:No redirect/doc,10,4,0
13402,Template:-r,10,0,0
13403,Template:Confused,10,0,0
13404,Template:Longitem,10,0,0
13405,Template:Longitem/doc,10,3,0
13406,Template:Dist,10,0,0
13407,Template:Rcat shell,10,0,0
13408,Template:Ntbcw,10,0,0
13409,Template:Confuse,10,0,0
13410,Template:R from alternative name,10,0,0
13411,Template:R from alternate name,10,0,0
13412,Template:R from alternative name/doc,10,8,0
13413,Template:This is a redirect/rcat,10,0,0
13414,Template:This is a redirect/rcat/doc,10,2,0
13415,Template:Twinkle standard installation,10,0,1
13416,Template:Twinkle standard installation/doc,10,3,0
13417,Template:Substitution,10,0,0
13418,Template:Substitution/doc,10,6,0
13419,Template:Subst,10,0,0
13420,Template:Subst/doc,10,2,0
13421,Template:R from tsh,10,0,0
13422,Module:Lang/doc,828,4,0
13423,Wikipedia:Community Portal/Archive 2011-2025,4,480,95
13424,Template:Clickable button,10,0,0
13425,Template:Clickable button/doc,10,8,1
13426,Module:Clickable button,828,0,0
13427,Module:Clickable button/doc,828,2,0
13428,Module:Lua banner/doc,828,3,0
13429,Module:Clickable button/sandbox,828,0,0
13430,Module:Clickable button/sandbox/doc,828,2,0
13431,Template:\sandbox,10,0,0
13432,Template:\sandbox/doc,10,1,0
13433,Template:Not a sandbox,10,0,1
13434,Template:Not a sandbox/doc,10,3,0
13435,Template:Nosubst,10,0,0
13436,Module:Delink,828,0,0
13437,Module:Delink/doc,828,0,0
13438,Template:Cascade-protected template,10,0,1
13439,Template:Cascade-protected template/doc,10,1,0
13440,Template:Delink,10,0,0
13441,Template:Delink/doc,10,5,0
13442,Template:Demo inline,10,0,0
13443,Template:Demo inline/doc,10,5,0
13444,Module:Demo,828,0,0
13445,Module:Demo/doc,828,4,0
13446,Template:Mlx,10,0,0
13447,Template:Module link expanded,10,0,0
13448,Template:Module link expanded/doc,10,3,0
13449,Template:Tlb,10,0,0
13450,Template:Template link with bold,10,0,0
13451,Module:Example,828,0,0
13452,Module:Example/doc,828,1,0
13453,Template:Lua autodoc,10,0,0
13454,Template:Lua autodoc/doc,10,3,0
13455,Module:Docbunto,828,0,0
13456,Module:Docbunto/doc,828,14,0
13457,Module:Docbunto/references,828,0,0
13458,Module:Lua lexer,828,0,0
13459,Module:Lua lexer/doc,828,0,0
13460,Module:Unindent,828,0,0
13461,Module:Unindent/doc,828,0,0
13462,Template:Namespace example page,10,0,0
13463,Template:Namespace example page/doc,10,0,0
13464,Template:NOINDEX,10,0,0
13465,Template:NOINDEX/doc,10,5,0
13466,Template:When on talk page,10,0,0
13467,Template:C,10,0,0
13468,Template:Category link without namespace,10,0,0
13469,Template:Category link without namespace/doc,10,3,0
13470,Wikipedia:Bots,4,10,1
13471,Wikipedia:Bots/Requests for approval,4,0,0
13472,Template:FULLROOTPAGENAME,10,0,0
13473,Template:FULLROOTPAGENAME/doc,10,3,0
13474,Template:Ns has subpages,10,0,0
13475,Template:Ns has subpages/doc,10,2,0
13476,Module:Ns has subpages,828,0,0
13477,Module:Ns has subpages/doc,828,3,0
13478,Wikipedia:Community Portal/Header,4,0,0
13479,Template:Tnull,10,0,0
13480,Module:Check for unknown parameters/doc,828,8,0
13481,Module:Redirect/doc,828,8,0
13482,Module:Separated entries/doc,828,2,0
13483,Template:Noteslist,10,0,0
13484,Module:Sandbox,828,0,0
13485,Module:Sandbox/doc,828,1,0
13486,Kigozi Andrew Samson,0,8,0
13487,Emmanuel Anyama,0,1,0
13488,Template talk:Interlanguage link,11,1,0
13489,Template:Cross,10,0,0
13490,Template:Xmark,10,0,0
13491,Template:Xmark/doc,10,3,6
13492,Template:Str number/trim,10,0,0
13493,Template:Str number/trim/doc,10,0,0
13494,Template:Template example bullet,10,0,0
13495,Template:Template example bullet/doc,10,4,0
13496,Template:Tbullet,10,0,0
13497,Template:Check mark templates,10,0,0
13498,Template:Done/See also,10,4,1
13499,Template:Blue,10,0,0
13500,Template:Blue/doc,10,3,0
13501,Template:Pval,10,0,0
13502,Template:Param value,10,0,0
13503,Template:Param value/doc,10,5,0
13504,Template:Param value/styles.css,10,0,0
13505,Template:Pvalue,10,0,0
13506,Template:Respond,10,0,1
13507,Template:Respond/doc,10,1,0
13508,Template:§l,10,0,0
13509,Template:Section link/doc,10,9,0
13510,Template:Redirect,10,0,0
13511,Template:Redirect/doc,10,5,0
13512,Template:Redir,10,0,0
13513,Module:Text/data,828,0,0
13514,Module:Text/data/doc,828,0,0
13515,Template:Str len,10,0,0
13516,Template:Str len/doc,10,3,0
13517,Template:Userbox,10,0,0
13518,Template:Userbox/doc,10,6,0
13519,Template:May be substituted,10,0,0
13520,Template:May be substituted/doc,10,1,0
13521,Template:Always substitute,10,0,0
13522,Template:Always substitute/doc,10,3,0
13523,Template:Tlsp,10,0,0
13524,Template:Template link with subst,10,0,0
13525,Template:Tls,10,0,0
13526,Template:Example,10,0,1
13527,Template:Example/styles.css,10,0,0
13528,Template:Example/doc,10,1,0
13529,Module:Userbox,828,0,0
13530,Module:Userbox/doc,828,2,0
13531,Template:Userbox/styles.css,10,0,0
13532,Template:Uses TemplateStyles/styles.css,10,0,0
13533,Template:Uses TemplateStyles/doc,10,14,0
13534,Template:TemplateStyles,10,0,0
13535,Module:Data,828,0,0
13536,Module:Data/doc,828,1,0
13537,Template:Uses templatestyles,10,0,0
13538,Template:R from miscapitalisation,10,0,0
13539,Template:R from miscapitalisation/doc,10,4,0
13540,Template:Tlu,10,0,0
13541,Template:Template link universal,10,0,0
13542,Template:Template link universal/doc,10,2,0
13543,Template:Tu,10,0,0
13544,User:SyntaxTerror/common.js,2,0,0
13545,Template:Userboxtop,10,0,0
13546,Template:Userboxtop/doc,10,6,0
13547,Template:Userboxbottom,10,0,0
13548,Template:Userboxbottom/doc,10,2,0
13549,Template:User Commons autopatrolled,10,0,1
13550,Template:Ns0,10,0,0
13551,User:SyntaxTerror/common.css,2,0,0
13552,Template:Duration,10,0,0
13553,Template:Duration/doc,10,11,0
13554,Module:Duration,828,0,0
13555,Module:Duration/doc,828,1,0
13556,"Template:Age in years, months and days",10,0,0
13557,"Template:Age in years, months and days/doc",10,5,0
13558,Template:Date,10,0,0
13559,Template:Date/doc,10,8,0
13560,User:SyntaxTerrorBot,2,0,1
13561,User:SyntaxTerror,2,0,2
13562,User talk:SyntaxTerror/Test,3,0,0
13563,User:SyntaxTerror/sandbox,2,0,1
13564,User talk:SyntaxTerror,3,0,0
13565,1964 Ugandan lost counties referendum,0,5,1
13566,Ashraf Mandela,0,0,0
13567,Wikipedia:Bots/Requests for approval/Archive,4,7,0
13568,Ritah Kivumbi,0,0,0
13569,Ogama Baden Mujahid,0,0,0
13570,Comfort Owusu,0,0,0
13571,Tenywa Bonseu,0,2,0
13572,Hassan Mubiru,0,0,0
13573,Edith Hazel,0,0,0
13574,James Hannington,0,7,6
13575,Godfrey Ssali,0,4,0
13576,Template:Warning and warning templates,10,0,0
13577,Wikipedia:Administrators' noticeboard,4,0,0
13578,Template:Bulleted list/doc,10,6,1
13579,Template:Template shortcuts,10,0,0
13580,Template:R an,10,0,0
13581,Template:HTML lists,10,0,1
13582,Template:Navbox top,10,0,0
13583,Template:Navbox top/doc,10,4,0
13584,Template:Navbox bottom,10,0,0
13585,Template:Template shortcut/doc,10,9,0
13586,Module:Navbox top and bottom,828,0,0
13587,Module:Navbox top and bottom/doc,828,1,0
13588,Wikipedia:Administrators' noticeboard/Header,4,0,0
13589,Template:Cl,10,0,0
13590,Template:Category link/core,10,0,0
13591,Template:Category link,10,0,0
13592,Template:Category link/doc,10,1,0
13593,Wikipedia:Requests for administrator attention,4,0,0
13594,Template:User,10,0,0
13595,Template:User-multi/template,10,3,0
13596,Module:UserLinks,828,0,0
13597,Module:UserLinks/doc,828,4,0
13598,Module:UserLinks/shared,828,0,0
13599,Module:UserLinks/shared/doc,828,0,0
13600,Module:UserLinks/extra,828,0,0
13601,Module:UserLinks/extra/doc,828,1,0
13602,Template:Error,10,0,0
13603,Template:Error/doc,10,4,0
13604,Module:Error,828,0,0
13605,Module:Error/doc,828,1,0
13606,Module:UserLinks/config,828,0,0
13607,Module:UserLinks/config/doc,828,0,0
13608,Module:Toolbar,828,0,0
13609,Module:Toolbar/doc,828,1,0
13610,Module:User,828,0,0
13611,Module:User/doc,828,2,0
13612,User:Example,2,4,1
13613,Template:Pp-move-indef,10,0,0
13614,Template:Pp-move,10,0,0
13615,Template:Pp-move/doc,10,0,0
13616,User talk:Example,3,1,0
13617,Help:Talk pages/Example,12,1,0
13618,Help:Talk pages,12,32,19
13619,Template:Redirect2,10,0,0
13620,Template:Redirect2/doc,10,3,0
13621,Module:Redirect hatnote,828,0,0
13622,Module:Redirect hatnote/doc,828,3,0
13623,Template:Demo-inline,10,0,0
13624,Template:Nobots,10,0,0
13625,Template:Bots,10,0,0
13626,Template:Bots/doc,10,15,0
13627,User talk:Sandbox,3,1,0
13628,Module:InterwikiTable,828,0,0
13629,Module:InterwikiTable/doc,828,4,0
13630,Template:Toolbar,10,0,0
13631,Template:Toolbar/doc,10,2,0
13632,Template:Edit count link,10,0,0
13633,Template:Edit count link/doc,10,2,0
13634,Module:Yesno/doc,828,4,0
13635,Module:Toolbar/testcases,828,0,0
13636,Template:Toolbar/testcases,10,5,0
13637,Template:Testcases notice,10,0,1
13638,Template:Db-g8,10,0,0
13639,Template:Db-g8/doc,10,3,0
13640,Template:Db-meta,10,0,0
13641,Template:Db-meta/doc,10,5,0
13642,Template:Testcases notice/doc,10,3,0
13643,Template:FULLBASEPAGENAME,10,0,0
13644,Template:FULLBASEPAGENAME/doc,10,2,0
13645,Template:Select skin,10,0,0
13646,Template:Select skin/doc,10,3,0
13647,Template:Test case,10,0,0
13648,Template:Test case/doc,10,23,0
13649,Module:Template test case,828,0,0
13650,Module:Template test case/doc,828,3,0
13651,Module:Template test case/styles.css,828,0,0
13652,Module:Template test case/data,828,0,0
13653,Module:Template test case/data/doc,828,0,0
13654,Module:Template test case/config,828,0,0
13655,Module:Template test case/config/doc,828,0,0
13656,Module:Template invocation,828,0,0
13657,Module:Template invocation/doc,828,3,0
13658,Module:Protect,828,0,0
13659,Module:Protect/doc,828,4,0
13660,Template:Toolbar/sandbox,10,0,0
13661,Module:Toolbar/sandbox,828,0,0
13662,Module:Toolbar/sandbox/doc,828,1,0
13663,Template:Botop,10,2,0
13664,Template:Red,10,0,0
13665,Template:Red/doc,10,3,0
13666,Template:Tlp,10,0,0
13667,Template:Template link with parameters,10,0,0
13668,Template:Text color templates see also,10,1,0
13669,Template:Key press,10,0,0
13670,Template:Key press/doc,10,10,2
13671,Template:Key press/styles.css,10,0,0
13672,Template:Tc,10,0,0
13673,Module:Key,828,0,0
13674,Module:Key/doc,828,0,0
13675,Template:;,10,0,0
13676,Template:;/doc,10,2,0
13677,Template:Sc2,10,0,0
13678,Template:Smallcaps2,10,0,0
13679,Template:Smallcaps/styles.css,10,0,0
13680,Template:Smallcaps2/doc,10,8,0
13681,Template:Shortcut,10,0,0
13682,Template:Shortcut/doc,10,7,0
13683,Help:Template,12,1,0
13684,User:SyntaxTerror/sandbox/a,2,1,0
13685,User:SyntaxTerror/Creations,2,0,0
13686,Template:Clickable button/styles.css,10,0,0
13687,Module:DemoTemplate,828,0,0
13688,Module:DemoTemplate/doc,828,2,0
13689,Module:OutputBuffer,828,0,0
13690,Module:OutputBuffer/doc,828,5,0
13691,Ndugwa Abraham,0,0,0
13692,Elvis Ngondwe,0,0,0
13693,Edith Dankwa,0,0,0
13694,"Mariam Iddrisu, omuwandiisi w’ebitabo",0,0,0
13695,"Joel Kitamirike, omuwandiisi w’ebitabo",0,0,0
13696,Joel Kitamirike,0,0,0
13697,Colin Chapman (omukugu mu by’ensolo ebisookerwako) .,0,0,0
13698,Template:Doc sub,10,0,0
13699,Template:Documentation subpage/doc,10,8,0
13700,Template:Subst only,10,0,0
13701,Template:List of subst helper templates,10,1,0
13702,Template:User rights notice/doc,10,5,0
13703,Template:Never substitute/doc,10,2,0
13704,Template:Wrapper,10,0,1
13705,Template:Wrapper/doc,10,5,0
13706,Template:For2,10,0,0
13707,Template:For-multi,10,0,0
13708,Template:For-multi/doc,10,10,0
13709,Template:Ml,10,0,0
13710,Template:Module link,10,0,0
13711,Template:Module link/doc,10,3,0
13712,Colin Chapman (omukugu mu by'amazike) .,0,1,0
13713,Template:User rights notice,10,0,0
13714,Colin Chapman (omukugu mu by'enkuma n'amazike) .,0,1,0
13715,Template:Find page text,10,0,0
13716,Template:Find page text/doc,10,3,0
13717,Module:String/doc,828,17,0
13718,Template:Lmd,10,0,0
13719,Template:Module links,10,0,0
13720,Template:N/a/doc,10,5,0
13721,Template:Pagelinks,10,0,0
13722,Module:PageLinks,828,0,0
13723,Module:PageLinks/doc,828,1,0
13724,Template:Tld,10,0,0
13725,Template:N/a,10,0,0
13727,Template:Lowercase title,10,0,0
13728,Template:Lowercase title/doc,10,5,0
13729,Template:Screen reader-only,10,0,0
13730,Template:Screen reader-only/styles.css,10,0,0
13731,Template:Screen reader-only/doc,10,5,0
13732,Okusomesa ennyimba mu Uganda,0,7,0
13733,Abubaker Tabula,0,2,0
13734,Hannington Kalyesubula,0,3,0
13735,Dan Mubiru,0,3,0
13736,Basil Kiiza Bataringaya,0,19,0
13737,Ibra Sekajja,0,4,0
13738,Brian Nkuubi,0,1,0
13739,Emmanuel Kalyowa,0,4,0
13740,Denis Kiggundu,0,11,0
13750,User:DitektivUg,2,2,0
13751,Ssekajugo Elvis,0,5,1
13752,Jimmy Kirunda,0,2,0
13753,"Jamil Kasirye, omusajja omulala",0,3,0
13754,Edward Kalungi,0,6,0
13755,Solome Nakaweesi Kimbugwe,0,0,0
13756,Chukwuemeka Omujuda Diji,0,4,0
13757,Chukwuemeka Jude Diji,0,4,0
13758,Hannington Ssebwalunyo,0,5,0
13759,Derrick Nsibambi,0,6,0
13760,Apollo Kagogwe,0,6,0
13761,Naana Eyiah Quansah,0,0,0
13762,Emmanuel Alex Wasswa,0,13,0
13763,Ssozi Shaka,0,6,0
13764,Glory Emmanuel Edet,0,0,0
13765,Remi Sonaiya,0,0,0
13766,Gideon Odongo,0,7,0
13767,Shafik Nana Kwikiriza,0,5,0
13768,Mouammad Mpezamihigo,0,0,0
13769,"James PM Ntozi, omubaka wa Uganda",0,0,0
13770,James PM Ntozi,0,1,0
13771,James P. M. Ntozi,0,4,0
13772,Andrew Bashaija,0,0,0
13773,Mable Amuron,0,0,0
13774,Olukala lw'abayivu ku Yunivasite y'e Makerere,0,1,0
13775,Joseph Kizito (omuzannyi w'omupiira),0,0,0
13776,Manfred Kizito,0,0,0
13778,Joel Sserunjogi,0,8,0
13779,Ronald Otti,0,11,0
13780,Mutwalibu Mugolofa,0,10,0
13781,Alex Isabirye Musongola,0,5,0
13782,Frank Ssebuufu,0,7,0
13783,Nicholas Mwere,0,12,0
13784,Joan Onyemaechi Mrakpor,0,0,0
13785,Carolyna Hutchings,0,0,0
13786,Sarah Reng Ochekpe,0,0,0
13787,David Bagoole,0,5,0
13788,Isa Mubiru,0,9,0
13789,Umar Lutalo,0,10,0
13790,Aisha Dikko,0,0,0
13791,Herbert Achayi,0,0,0
13792,James Begisa,0,0,0
13793,Lwanga Charles,0,0,0
13794,Ivan Ahimbisibwe,0,0,0
13795,Rogers Ochaki Torach,0,0,0
13796,Rogers Torach,0,2,0
13797,Emperor Orlandoh,0,6,0
13798,Yasmin Alibhai-Brown,0,5,0
13799,Abdul Karim Watambala,0,0,0
13800,Reagan Mpande,0,0,0
13801,Ibrahim Mugulusi,0,0,0
13802,Prudence Nyamishana,0,0,0
13803,Najib Yiga,0,0,0
13804,Marvin Joseph Youngman,0,0,0
13805,Julius Poloto,0,0,0
13806,Tony Odur,0,0,0
13807,Jamal Salim,0,4,0
13808,Ivan Ntege,0,2,0
13809,Julius Ntambi,0,3,0
13810,Simon Sserunkuma,0,6,0
13811,Diaz Kambere,0,0,0
13812,Joshua Lubwama,0,0,0
13813,Jack Komakech,0,0,0
13814,Michael Kagiri,0,0,0
13815,Ssekiganda Ronald,0,0,0
13816,James Mubezi,0,0,0
13817,Ashe Mukasa,0,3,0
13818,Fabian Kizito,0,2,0
13819,Habib Kavuma,0,2,0
13820,Sula Matovu,0,11,0
13821,Charles Tibingana,0,2,0
13822,Joseph Kabagambe,0,3,0
13823,Meddie Kagere,0,9,0
13824,Kasule Owen,0,7,0
13825,Sam Musenze,0,2,0
13826,Godfrey Kisitu,0,2,0
13827,Luwagga Kizito,0,12,0
13828,Wasswa Lule,0,4,0
13829,Edward Semwanga,0,1,0
13830,Geoffrey Kizito,0,4,0
13831,Allan Kyambadde,0,5,0
13832,Omuyimbi Ronnie Kiseka,0,2,0
13833,Martin Mpuga,0,2,0
13834,Paul Mucureezi,0,4,0
13835,Ronald Martin,0,1,0
13836,James Ssemambo,0,2,0
13837,"Pione Sisto, musambi wa mupiira",0,15,1
13838,David Owori,0,13,0
13839,Walinda Yonasaani,0,1,0
13840,Walinda Jonathan,0,2,0
13841,Nafian Alionzi,0,7,0
13842,Nayiga Patricia,0,4,0
13843,Isma Mugulusi,0,4,0
13844,Baker Mbowa,0,2,0
13845,Chrispas Kusiima,0,9,0
13846,Arafat Kiza Usama,0,0,0
13847,Kenneth Semakula,0,0,0
13848,Tom Ikara,0,0,0
13849,Denis Iguma,0,4,0
13850,"Alpha Thiery Ssali, omusajja omulala",0,17,0
13851,Anitah Namata,0,5,0
13852,Pius Obuya,0,0,0
13853,Chris Akena,0,0,0
13854,Bobosi Byaruhanga,0,0,0
13855,Kushaba Moses Mworeko,0,4,0
13856,Julius Kaggwa,0,4,0
13857,Aaron Kirunda,0,4,0
13858,Titus Ssematimba,0,0,0
13859,Nathan Asiimwe,0,0,0
13860,Elizabeth Lwanga,0,1,0
13861,Godfrey Kateregga,0,3,0
13862,Godfrey Mugisha,0,4,0
13863,Isaac Isinde,0,8,0
13864,Val Kalende,0,2,0
13865,Arnold Odong,0,6,0
13866,Jay Mulucha,0,0,1
13867,Nyombi Morris,0,0,0
13868,Endege,0,3,0
13869,Ronald Mukiibi,0,6,0
13870,Nashiba Nakabira,0,4,0
13871,Annet Kirabo,0,0,0
13872,Sadat Anaku,0,0,0
13873,"Melvyn Lorenzen, Musambi wa mupiira",0,10,0
13874,Basil Tuma,0,0,0
13875,"Mustafa Kizza, Musambi wa Mupiira",0,17,0
13876,Uganda Police Band,0,5,0
13877,Allan Munaaba,0,0,0
13878,Dan Sserunkuma,0,16,0
13879,Jude Ssemugabi,0,8,0
13880,Clement Kiggundu,0,5,0
13881,Peace Oliver Amuge,0,0,0
13882,Minisitule y'ebyamazzi n'obutonde bw'ensi (Uganda),0,0,0
13883,Sam Bitangaro,0,6,0
13884,Filbert Obenchan,0,7,0
13885,Sarah Kizito,0,5,0
13886,List of governors of Uganda,0,5,0
13887,Benedicta Nanyonga,0,0,0
13888,Rebecca Alitwala Mubezi,0,0,0
13889,Perry Aritua,0,0,0
13890,"Joseph Konde-Lule, omuwandiisi w’ebitabo",0,5,3
13891,Kaddu Sebunya,0,4,0
13892,Crispin Kaheru,0,5,1
13893,Ignatius K. Musaazi,0,0,0
13894,Sarah Mukasa,0,7,0
13895,Owiny Hakim,0,5,1
13896,Eddwaliro lya Lubaga Hospital,0,0,0
13897,Tom Okurut,0,6,0
13898,Geoffrey Wasswa,0,6,0
13899,Abubakar Kasule,0,1,0
13900,Solomon Walusimbi,0,4,0
13901,Ebyafaayo bya Buganda,0,7,5
13902,John Abdallah Wambere,0,0,0
13903,Endagaano ya Buganda (1900) .,0,8,2
13904,Isaac Mulyanga,0,4,0
13905,Halid Lwaliwa,0,4,0
13906,Kakaaga,0,0,0
13907,Kasanvu,0,0,0
13908,Kanaana,0,0,0
13909,Kenda,0,0,0
13910,Bikumi bitaano,0,0,0
13911,48 (ennamba),0,0,2
13912,Amakumi ana mu munaana,0,0,0
13913,49 (ennamba),0,0,2
13914,Amakumi ana mu mwenda,0,0,0
13915,Amakumi ataano,0,0,0
13916,Amakumi ana mu mukaaga,0,0,0
13917,Abiri mu bbiri,0,0,0
13918,Abiri mu emu,0,0,0
13919,Kkumi n'emu,0,0,0
13920,Bikumi bibiri,0,0,0
13921,Bikumi bina,0,0,0
13922,Bikumi bisatu,0,0,0
13923,9999 (ennamba),0,0,0
13924,Kenda mu lwenda mu kyenda mu mwenda,0,0,0
13925,51 (ennamba),0,0,3
13926,51 (ekkalaamu),0,0,0
13927,Amakumi ataano mu emu,0,0,0
13928,52 (ennamba),0,0,0
13929,Amakumi ataano mu bbiri,0,0,0
13930,53 (ennamba),0,0,2
13931,Amakumi ataano mu ssatu,0,0,0
13932,54 (ennamba),0,0,2
13933,Amakumi ataano mu nnya,0,0,0
13935,Amakumi ana mu ttaano,0,0,0
13936,Amakumi abiri mu nnya,0,0,0
13937,64,0,0,0
13938,Akiki Nyabongo,0,15,3
13939,Dorrys Mutahunga,0,5,0
13940,Maro Uganda,0,6,0
13941,Loodi Meeya wa Kampala,0,0,0
13942,Richard Lusimbo,0,3,1
13943,Achilla Orru,0,4,0
13944,Opolot-Okwalinga Simon Peter,0,0,0
13945,Denis Omedi,0,5,0
13946,Nsanvu,0,0,0
13947,Lusanvu,0,0,0
13948,55 (ennamba),0,0,0
13949,Amakumi ataano mu ttaano,0,0,0
13952,Enock Walusimbi,0,7,0
13953,Iddi Batambuze,0,6,1
13954,Derrick Kakooza,0,6,0
13955,Charles Ayiekoh Lukula,0,4,0
13956,User talk:Akandwanaho Micheal,3,0,0
13957,Bob Astles,0,0,0
13959,Rogers Mato,0,5,0
13960,Frank Gashumba,0,9,0
13961,Category:Munnayuganda,14,0,0
13962,Nince Henry,0,3,0
13963,Akalulu ka Uganda aka 2011,0,10,1
13964,Amalakwang,0,0,0
13965,2001 okulonda kwa pulezidenti wa Uganda,0,4,0
13966,Amakumi abiri,0,0,0
13967,Amakumi abiri mu mukaaga,0,0,0
13968,Amakumi abiri mu munaana,0,0,0
13969,Amakumi abiri mu musanvu,0,0,0
13970,Amakumi abiri mu mwenda,0,0,0
13971,Amakumi abiri mu ssatu,0,0,0
13972,Kkumi na mukaaga,0,0,0
13973,Amakumi asatu,0,0,0
13974,Amakumi abiri mu ttaano,0,0,0
13975,BBC News Africa,0,0,0
13976,Ba B2C,0,0,0
13977,Baibuli,0,0,0
13978,Talk:Baibuli,1,0,0
13979,Ssenkaali Joseph,0,4,0
13980,B,0,0,0
13981,Amakumi asatu mu bbiri,0,0,0
13982,Bernard Kabanda Sslongo,0,0,0
13983,HomePage,0,0,0
13984,Template:!,10,0,1
13988,Erisa Ssekisambu,0,17,0
13989,1996 Okulonda kwa pulezidenti wa Uganda,0,8,0
13990,1997,0,16,2
13991,2006,0,3,0
13992,2026,0,3,0
13993,2005,0,3,1
13994,2001,0,3,0
13996,2nd millennium,0,0,0
13998,Zee TV,0,0,0
13999,56 (ennamba),0,0,2
14000,Amakumi ataano mu mukaaga,0,0,0
14001,57 (ennamba),0,0,2
14002,Amakumi ataano mu musanvu,0,0,0
14003,58 (ennamba),0,0,1
14004,Amakumi ataano mu munaana,0,0,0
14005,Robert Serumaga,0,5,0
14006,Edrisa Lubega,0,9,0
14007,Haruna Mawa,0,2,0
14008,Jimmy Kidega,0,3,0
14009,Dennis Okot,0,2,0
14010,Musa Mudde,0,6,0
14011,Tom Masiko,0,2,0
14012,Bernard Agele,0,7,0
14013,Talk:Martin Luther Nyanzi,1,1,0
14014,Yusuf Mukisa,0,5,0
14015,Tito Okello (muzannyi wa mupiira),0,4,0
14016,Category:Abakyala ba Uganda,14,0,0
14017,Cyril Handley Bird,0,3,0
14018,2004,0,3,0
14019,2003,0,2,1
14020,2002,0,3,0
14021,2007,0,3,0
14022,2008,0,3,0
14023,2009,0,3,0
14024,Hood Kaweesa,0,1,0
14025,Joseph Owino,0,1,0
14026,2010,0,3,2
14027,Bernard Muwanga,0,2,0
14028,Ateker Ejalu,0,0,0
14031,Amar Maini,0,0,0
14032,Bruno K. Omuwandiisi w’ebitabo,0,0,0
14033,Endagaano ya Buganda (1955) .,0,5,0
14036,Template:Year in region,10,0,0
14037,Ibrahim Juma (omuzannyi w'omupiira),0,10,0
14038,Ibrahim Juma (footballer),0,10,0
14040,Template:Year in region/link,10,0,0
14041,Template:Large,10,0,0
14043,M,0,1,3
14044,2027,0,2,0
14045,Ekikopo ky'ensi yonna ekya FIFA 2026,0,0,0
14046,59 (ennamba),0,1,0
14047,Amakumi ataano mu mwenda,0,0,0
14048,Nkaaga,0,0,0
14050,Charles Onyango-Obbo nga ye muyimbi,0,0,0
14051,"Clark County, Ohio, Ohio",0,0,0
14052,"Ebigendererwa, Ebiruubirirwa, n'Ebiruubiriro(Goals, Aims, and Pbjectives)",0,0,0
14053,Ebinyebwa,0,0,0
14054,2025,0,3,0
14055,User:Mike Seems,2,0,0
14056,Katende Joram,0,2,0
14057,"Francis Olaki, omuwandiisi w’ebitabo",0,2,0
14058,Front for National Salvation,0,4,0
14059,Uganda National Liberation Front,0,3,0
14060,2024,0,0,1
14061,Green Daddy,0,6,0
14062,Ivan Wani,0,2,0
14063,Keita Buwanika,0,4,0
14064,Muzamir Mutyaba,0,4,0
14065,Philip Mitchell (omuddukanya w'emirimu gy’amatwale) .,0,0,0
14066,2017,0,3,2
14067,62 (ennamba),0,0,0
14068,Nkaaga mu bbiri,0,0,0
14069,Template:Wikinews,10,0,0
14070,Template:Wikiquote,10,0,0
14071,Template:Wikibooks,10,0,0
14072,61 (ennamba),0,0,0
14073,Nkaaga mu emu,0,0,0
14074,Kyenda,0,0,0
14075,Lwenda,0,0,0
14076,Lunaana,0,0,0
14077,Lukaaga,0,0,0
14078,Amakumi asatu mu emu,0,0,0
14079,"David Marus, omuwandiisi w’ebitabo",0,0,0
14080,58,0,3,0
14081,63 (ennamba),0,0,2
14082,Nkaaga mu ssatu,0,0,0
14083,Francis Olaki,0,2,0
14084,Amakumi ana,0,0,0
14085,Amakumi ana mu bbiri,0,0,0
14086,Amakumi ana mu emu,0,0,0
14087,Amakumi ana mu nnya,0,0,0
14088,Amakumi ana mu ssatu,0,0,0
14089,Amakumi asatu mu munaana,0,0,0
14090,Amakumi asatu mu musanvu,0,0,0
14091,Amakumi asatu mu mwenda,0,0,0
14092,Amakumi asatu mu nnya,0,0,0
14093,Amakumi asatu mu ssatu,0,0,0
14094,Amakumi asatu mu ttaano,0,0,0
14095,Kinaana,0,0,0
14096,Kkumi na bbiri,0,0,0
14097,Kkumi na munaana,0,0,0
14098,Kkumi na musanvu,0,0,0
14099,Kkumi na mwenda,0,0,0
14100,Kkumi na nnya,0,0,0
14101,Kkumi na ttaano,0,0,0
14102,64 (ennamba),0,0,0
14103,Nkaaga mu nnya,0,0,0
14104,65 (ennamba),0,0,0
14105,66 (ennamba),0,0,0
14106,67 (ennamba),0,0,1
14107,Nkaaga mu ttaano,0,0,0
14108,Nkaaga mu mukaaga,0,0,0
14109,Nkaaga mu musanvu,0,0,0
14110,68 (ennamba),0,0,0
14111,Nkaaga mu munaana,0,0,0
14112,2023,0,3,0
14113,2022,0,3,0
14114,2021,0,3,0
14115,2020,0,3,0
14116,69 (ennamba),0,0,0
14117,Frederick John Jackson,0,0,0
14118,"Deborah A. Driscoll, omuwandiisi w’ebitabo",0,0,0
14119,"Decatur County, Georgia",0,0,0
14120,"Deaf Smith County,Texas",0,0,0
14121,"DeWitt County, Texas",0,0,0
14122,"DeKalb County, Missouri",0,0,0
14123,"DeKalb County, Georgia",0,0,0
14124,"Delaware County, Ohio",0,0,0
14125,"Defiance County, Ohio",0,0,0
14126,Denis Obua (Munnabyabufuzi),0,0,0
14127,Denis Ssebuggwawo Wasswa omusajja omulala,0,0,0
14128,"Denis Williams, omuwandiisi w’ebitabo",0,0,0
14129,"Dennis Okot, omuwandiisi w’ebitabo",0,0,0
14130,"Dent County, Missouri",0,0,0
14131,"Denton County, Texas",0,0,0
14132,"Derrick Orone, omuwandiisi w’ebitabo",0,0,0
14133,"Dhoihir Dhoulkamal, munnabyabufuzi",0,0,0
14134,"Dickens County, Texas",0,0,0
14135,"Dimmit County, Texas",0,0,0
14137,33550336 (ennamba),0,0,0
14138,8128,0,0,0
14139,Category:Redirects connected to a Wikidata item,14,0,0
14140,Nelson Senkatuka,0,17,0
14141,Kizito Keziron,0,14,0
14142,Mike Mutyaba,0,7,0
14143,Daniel Isiagi Opolot,0,10,0
14144,Grace Kiirya Wanzala,0,0,0
14145,Eunice Namatende,0,0,0
14146,Azake Luboyera,0,4,0
14147,71 (ennamba),0,0,1
14148,Nkaaga mu mwenda,0,0,0
14149,Nsanvu mu emu,0,0,0
14150,Andrew Buteera,0,4,0
14151,Aziz Kayondo,0,6,0
14152,Vice President of Uganda,0,1,0
14153,General Idi Amin Dada: A Self Portrait,0,5,0
14154,72 (ennamba),0,0,1
14155,Nsanvu mu bbiri,0,0,0
14156,List of government ministries of Uganda,0,0,0
14157,Ibrahim Orit,0,7,0
14158,Alexis Bbakka,0,4,0
14159,Frederick Crawford (omuddukanya w'emirimu gy’amatwale),0,0,0
14160,Harry Cordeaux,0,0,0
14161,John Hathorn Hall,0,0,0
14162,1989 mu kulonda kwa Uganda okwa bonna,0,5,0
14163,"Atuheire Kipson, musambi wa mupiira",0,9,0
14164,Paul Musamali,0,10,0
14165,Lawrence Nduga,0,1,0
14166,Taddeo Lwanga,0,17,0
14167,India,0,0,2
14168,Peter Maru,0,5,0
14169,Olukalala lwa ba sipiika ba palaamenti ya Uganda,0,2,0
14170,Patrick Ochan (omuzannyi w'omupiira),0,6,0
14171,Category:Bannabyabufuzi,14,0,0
14172,Category:Pages with reference errors,14,0,0
14173,Category:CS1 errors: empty citation,14,0,0
14174,Allan Okello,0,18,0
14175,Category:CS1 British English-language sources (en-gb),14,0,0
14176,Category:CS1 maint: numeric names: authors list,14,0,0
14177,Category:CS1 errors: unsupported parameter,14,0,0
14178,John Bosco Koy Kariisa,0,6,0
14179,Masaka Secondary School,0,6,0
14180,"Dougherty County, Georgia",0,0,0
14181,"Douglas County, Georgia",0,0,0
14182,"Dunklin County, Missouri",0,0,0
14183,"Duval County, Texas",0,0,0
14184,Henry Kisekka,0,13,0
14185,Francis Aquirinus Kibira,0,0,0
14186,King Ceasor Yunivasite,0,0,0
14187,Nabisunsa Girls Secondary school,0,0,0
14188,Category:Bazannyi b'omupiira Abannayuganda,14,0,0
14189,"Early County, Georgia",0,0,0
14190,Henry Kalungi,0,7,0
14191,Iran,0,0,0
14192,Wikidata,0,0,0
14193,Emmanuel Bwayo Wakhweya,0,0,0
14194,Isaac Maliyamungu,0,13,4
14195,Category:Abantu,14,0,0
14196,William Frederick Gowers,0,5,0
14197,"Fairfield County, Ohio",0,0,0
14198,"Falls County, Texas",0,0,0
14199,"Fannin County, Georgia",0,0,0
14200,"Fannin County, Texas",0,0,0
14201,"Fatim Badjie, omusuubuzi",0,0,0
14202,"Fayette County, Georgia",0,0,0
14203,"Fayette County, Kentucky",0,0,0
14204,"Fayette County, Ohio",0,0,0
14205,"Fayette County, Texas",0,0,0
14206,Category:Transwiki guide,14,0,0
14207,"Fisher County, Texas",0,0,0
14208,"Florentino Mendes Pereira, munnabyabufuzi",0,0,0
14209,"Floyd County, Georgia",0,0,0
14210,"Floyd County, Kentucky",0,0,0
14211,"Floyd County, Texas",0,0,0
14212,"Foard County, Texas",0,0,0
14213,"Forsyth County, Georgia",0,0,0
14214,"Fort Bend County, Texas",0,0,0
14215,"Frank Nabwiso, omusajja omulala",0,0,0
14216,"Franklin County, Georgia",0,0,0
14217,"Franklin County, Kentucky",0,0,0
14218,"Franklin County, Missouri",0,0,0
14219,"Franklin County, Ohio",0,0,0
14220,"Franklin County, Texas",0,0,0
14221,"Freestone County, Texas",0,0,0
14222,"Frio County,Texas",0,0,0
14223,"Fulton County, Georgia",0,0,0
14224,"Fulton County, Kentucky",0,0,0
14225,"Fulton County, Ohio",0,0,0
14226,"Gaines County,Texas",0,0,0
14227,"Gallatin County, Kentucky",0,0,0
14228,"Gallia County, Ohio",0,0,0
14229,"Galveston County,Texas",0,0,0
14230,"Garrard County, Kentucky",0,0,0
14231,Steven Sserwadda Musambi wa Mupiira,0,11,0
14232,"Garza County,Texa",0,0,0
14233,"Gasconade County, Missouri",0,0,0
14234,"Gentry County, Missouri",0,0,0
14235,"Geoffrey Kizito, omusajja omulala",0,0,0
14236,Moses Opondo,0,8,0
14237,"Nairobi Agreement, 1985",0,0,0
14238,Template:Citation/doc,10,40,0
14239,Template:For-text,10,0,0
14240,Template:For-text/doc,10,5,0
14241,Template:For-text/sandbox,10,0,0
14242,Template:Csdoc,10,0,0
14243,Template:Citation Style documentation,10,0,0
14244,Category:Redirects from template shortcuts,14,0,0
14245,Wikipedia:Namespace,4,17,2
14246,Wikipedia:Template namespace,4,14,0
14247,Category:Makerere University alumni,14,0,0
14248,Luganda Mentees,0,0,0
14249,Edward Kizza,0,10,0
14250,Akatyabaga k'e Mengo,0,12,2
14251,Aisha Naluzze Batala,0,3,0
14252,Mike Mutebi,0,3,0
14253,Sam Mayanja,0,6,0
14254,Category:Pending AfC submissions,14,0,1
14255,Baba Alhassan,0,0,0
14256,Obwegugungo bwa Uganda obwa 2026,0,12,0
14257,"Geoffrey Tumusiime, omusajja omulala",0,0,0
14258,"George Didi Bhoka, omuwandiisi w’ebitabo",0,0,0
14259,"George Moraes, Omuzannyi wa Field Hockey",0,0,0
14260,"George Openjuru, omuwandiisi w’ebitabo",0,0,0
14261,"Germaine Kouméalo Anaté, munnabyabufuzi",0,0,0
14262,"Gillespie County,Texas",0,0,0
14263,"Gilmer County, Georgia",0,0,0
14264,"Glascock County, Georgia",0,0,0
14265,"Glasscock County, Texas",0,0,0
14266,"Glynn County, Georgia",0,0,0
14267,"Godfrey Kisitu, omusajja omulala",0,0,0
14268,"Goliad County, Texas",0,0,0
14269,"Gonzales County, Texas",0,0,0
14270,"Gordon County, Georgia",0,0,0
14271,"Gorretti Byomire, omuwandiisi w’ebitabo",0,0,0
14272,"Grady County, Georgia",0,0,0
14273,"Grant County, Kentucky",0,0,0
14274,"Graves County, Kentucky",0,0,0
14275,"Gray County, Texas",0,0,0
14276,"Grayson County, Kentucky",0,0,0
14277,"Grayson County, Texas",0,0,0
14278,"Green County, Kentucky",0,0,0
14279,"Greene County, Georgia",0,0,0
14280,"Greene County, Missouri",0,0,0
14281,"Greene County, Ohio",0,0,0
14282,"Greenup County, Kentucky",0,0,0
14283,"Gregg County, Texas",0,0,0
14284,"Grimes County,Texas",0,0,0
14285,"Grundy County, Missouri",0,0,0
14286,"Guadalupe County,Texas",0,0,0
14287,"Hale County,Texas",0,0,0
14288,"Hall County,Texas",0,0,0
14289,"Hall County, Georgia",0,0,0
14290,"Hamilton County,Texas",0,0,0
14291,"Hamilton County, Ohio",0,0,0
14292,"Hancock County, Georgia",0,0,0
14293,"Hancock County, Kentucky",0,0,0
14294,"Hancock County, Ohio",0,0,0
14295,"Hansford County,Texas",0,0,0
14296,"Haralson County, Georgia",0,0,0
14297,"Hardeman County, Texas",0,0,0
14298,"Hardin County, Kentucky",0,0,0
14299,"Hardin County, Ohio",0,0,0
14300,"Hardin County, Texas",0,0,0
14301,"Harlan County, Kentucky",0,0,0
14302,"Harris County, Georgia",0,0,0
14303,"Harris County, Texas",0,0,0
14304,"Harrison County, Kentucky",0,0,0
14305,"Harrison County, Missouri",0,0,0
14306,"Harrison County, Ohio",0,0,0
14307,"Harrison County, Texas",0,0,0
14308,"Hart County, Georgia",0,0,0
14309,"Hart County, Kentucky",0,0,0
14310,"Hartley County, Texas",0,0,0
14311,Olutalo lwa Buulo Mareer,0,7,0
14312,Category:Abaafa mu 1992,14,0,0
14313,"Haskell County, Texas",0,0,0
14314,Patrick Ayota,0,5,0
14315,"Heard County, Georgia",0,0,0
14316,"Hemphill County, Texas",0,0,0
14317,"Henderson County, Kentucky",0,0,0
14318,"Henderson County, Texas",0,0,0
14319,"Henry County, Ohio",0,0,0
14320,"Hickman County, Kentucky",0,0,0
14321,"Hickory County, Missouri",0,0,0
14322,"Hidalgo County, Texas",0,0,0
14323,"Highland County, Ohio",0,0,0
14324,Category:Bunyoro,14,0,0
14325,Egypt,0,0,0
14326,Category:Abaazaalibwa mu 1920,14,0,0
14327,"Aaliyah Nanfuka, omusajja omulala",0,0,0
14328,Category:Abantu abasibuka mu Disitulikiti y'e Butambala,14,0,0
14329,Category:Abazannyi ba firimu abakazi Bannayuganda,14,0,0
14330,Category:Abaazaalibwa mu 1986,14,0,0
14331,Category:Bannayuganda abaweereza ku Ttivvi,14,0,0
14332,Category:Bafaaza mu Uganda,14,0,0
14333,Category:Abalabirizi ba Uganda,14,0,0
14334,Category:Bannayuganda abakyala abaweereza ku Ttivvi,14,0,0
14335,Category:Abazalibwa mu 1958,14,0,0
14336,Category:Abazannyi b'omupiira gw'okubaka abakyala Bannayuganda,14,0,0
14337,Category:Abazannyi b'omupiira gw'okubaka Bannayuganda,14,0,0
14338,Category:Abazannyi b'omupiira gw'okubaka ogw'abakyala Bannayuganda,14,0,0
14339,Eddoboozi lya Africa FM (Uganda),0,0,0
14340,Category:Abaafa mu 2010,14,0,0
14341,Category:Abaasomerako ku Yunivasity y'e Makerere,14,0,0
14342,Category:Abaasomerako ku ssomero lya Harvard Law School,14,0,0
14343,Category:Abaazaalibwa mu 1935,14,0,0
14344,Category:Abaazaalibwa mu 1978,14,0,0
14345,Category:Abaazaalibwa mu 1982,14,0,0
14346,Category:Abaazaalibwa mu 1944,14,0,0
14347,Category:Abaazaalibwa mu 19944,14,0,0
14348,Category:Abaazalibwa mu 1952,14,0,0
14349,Category:Abacholi,14,0,0
14350,Category:Abaganda,14,0,0
14351,Category:Abakyala Abaganda,14,0,0
14352,Category:Abakakyala abaganda,14,0,0
14353,Category:Abakatoliki Bannayuganda,14,0,0
14354,Category:Eddiini mu Uganda,14,0,0
14355,Category:Uganda,14,0,0
14356,Category:Abakiise ba Uganda abenkalakkalira mu Kibiina Ky'amawanga Amagatte,14,0,0
14357,Category:Abakiise ba Uganda mu Kibiina ky'Amawanga amagatte,14,0,0
14358,Category:Abakiise ba Uganda mu Mawanga amalala,14,0,0
14359,Category:Abakozi ba gavumenti ya Uganda,14,0,0
14360,Category:Abakozi mu Uganda,14,0,0
14361,Category:Abakugu mu by'enfuna bye Uganda,14,0,0
14362,Category:Ebyenfuna bya Uganda,14,0,0
14363,Category:Abalwanirizi b'eddembe Bannayuganda,14,0,0
14364,Category:Eddembe mu Uganda,14,0,0
14366,Category:Ebyobufuzi mu Uganda,14,0,0
14367,Category:Ebyobufuzi,14,0,0
14368,Category:Abannabyabufuzi mu Uganda,14,0,0
14369,Category:Abantu ba Uganda,14,0,0
14370,Category:Abantu b'omu Uganda,14,0,0
14371,Uche Ikpeazu,0,19,0
14372,Category:Abayimbi abakyala Bannayuganda,14,0,0
14373,Category:Bannayuganda abayimbi abakyala,14,0,0
14374,Category:Abazaalibwa mu 1987,14,0,0
14375,Category:Bannayuganda abazaalibwa mu 1987,14,0,0
14376,Category:Abaazaalibwa mu 1965,14,0,0
14377,Category:Abaasomerako ku Law development Centre,14,0,0
14378,Category:Abaazalibwa mu 1987,14,0,0
14380,Category:Abawandiisi b'ennyimba abakyala Bannayuganda,14,0,0
14381,Category:Ababaka ba Paalamenti ya Uganda ey'ekkumi,14,0,0
14382,Category:Abaasomera ku Kiira College Butiki,14,0,0
14383,Category:Abaazalibwa mu 1986,14,0,0
14384,Category:Ababaka ba Paalamenti ya Uganda ey'ekkumi n'emu,14,0,0
14385,Category:Bannabyabufuzi ba Forum for Democratic Change,14,0,0
14386,Category:Abantu abasibuka mu Disitulikiti y'e Mbarara,14,0,0
14387,Category:Amannya g'abasajja mu Buganda,14,0,0
14388,Category:Abaazaaalibwa mu 1967,14,0,0
14389,Category:Amannya g'abantu mu Buganda,14,0,0
14390,Category:Amannya mu Buganda,14,0,0
14391,Category:Abantu abasibuka mu Disitulikiti y'e Luwero,14,0,0
14392,Category:Bammemba ba Palamenti ya Uganda ey'ekkumineemu,14,0,0
14393,Category:Bannabyabufuzi abavira mu masekkati ga Uganda,14,0,0
14394,Category:Abayimbi ba Uganda abakyala,14,0,0
14395,MediaWiki:Gadget-HotCat.js,8,0,0
14396,Category:Abawandiisi b'ennyimba mu Uganda,14,0,0
14397,MediaWiki:Gadgets-definition,8,1,0
14398,MediaWiki:Gadget-section-Categories,8,0,0
14399,MediaWiki:Gadget-HotCat,8,0,0
14400,Category:Baganda,14,0,0
14401,Category:Abasawo bebisolo,14,0,0
14402,Category:Abasawo b'ebisolo,14,0,0
14403,Category:Abazaalibwa mu 1992,14,0,0
14404,Category:Bannalulungi ba Uganda,14,0,0
14405,Category:Bannalulungi ba Uganda 2015,14,0,0
14406,Category:Abazaalibwa mu Disitulikiti y'e Wakiso,14,0,0
14407,George Kanyeihamba,0,8,0
14408,Category:Muyimbi wa dancehall,14,0,0
14409,Category:Abaafa mu 2015,14,0,0
14410,Category:Abaazaalibwa mu 1990,14,0,0
14411,Da Agent Official,0,5,0
14412,Moses Aliwa,0,3,0
14413,Parliament of Uganda,0,0,0
14414,Bruno Sserunkuma,0,2,0
14415,Zakaria Kiprotich,0,1,0
14416,Dolphine Chelimo,0,2,0
14417,Abraham Cherotich,0,2,0
14418,Category:Abayimbi ba Dancehall,14,0,0
14419,Samuel Simba Cherop,0,2,0
14420,Jesse Ssengonzi,0,3,0
14421,Category:Abazalibwa mu 1925,14,0,0
14422,Category:Abafa mu 2000,14,0,0
14423,Category:Ba minisita ba Uganda,14,0,0
14424,Category:Ba nabyabufuzi mu Uganda,14,0,0
14425,Category:Abannayuganda abayisiramu,14,0,0
14426,Category:Abamanyi abayitirako mu Nkumba Yun ivasite,14,0,0
14427,Category:Bannabizinensi mu Yuganda,14,0,0
14428,Category:Bannayuganda abalwanirizi b'eddembe,14,0,0
14429,Category:Bannayuganda abasiraamu,14,0,0
14430,MediaWiki:Gadget-Cat-a-lot,8,0,0
14431,MediaWiki:Gadget-Cat-a-lot.js,8,0,0
14432,Category:Bannayuganda abakyala abakubi b'ebikonde,14,0,0
14433,Category:Bannayuganda abakyala bannabyamizannyo,14,0,0
14434,Category:Bannabyabufuzi Abanayuganda,14,0,0
14435,Category:Abalamu,14,0,0
14436,Category:Abantu abasibuka mu Disitulikiti y'e Ntungamo,14,0,0
14437,Category:Abaasomera ku Bweranyangi Girl's Seniror Secondary School,14,0,0
14438,Category:Abaasomerako ku Yunivasite y'e Makerere,14,0,0
14439,Category:Abaasomerako ku University of London,14,0,0
14440,Category:Abaazaalibwa mu 1984,14,0,0
14441,Category:Bannayuganda abawandiisi b'ekyasa ky'abiri mu ekimu,14,0,0
14442,Category:Abantu abava mu Disitulikiti y'e Kalungu,14,0,0
14443,Category:Bannabyabufuzi abakyala Bannayuganda mu kyasa eky'amakumi abiri mwekimu,14,0,0
14444,Category:Abazaalwa mu 1970,14,0,0
14445,Category:Bammemba ba National Resistance Movement (NRM),14,0,0
14446,Category:Amawanga g'Afirika,14,0,0
14447,Category:Ssemazinga z'ensi,14,0,0
14448,Category:Ssemayanja z'ensi,14,0,0
14449,Minisitule Evunaanyizibwa Kunsonga z'Ebweru w'Eggwanga lya Uganda,0,0,0
14450,Category:Omupiira gw'abakyala Bannayuganda,14,0,0
14451,User:24RAY,2,0,0
14452,Category:Abaazaalibwa mu 1987,14,0,0
14453,Category:Abafa mu 2016,14,0,0
14454,Category:Abantu abasibuka mu Disitulikiti y'e Jinja,14,0,0
14455,Category:Abazannyi ba kiraabu ya Express FC,14,0,0
14456,Category:Amerika ey'Obukiikakkono,14,0,0
14457,Category:Abazannyi ba kiraabu ya Simba S.C,14,0,0
14458,Category:Amerika ey'Obukiikaddyo,14,0,0
14459,Category:Abazannyi ba kiraabu ya Uganda Revenue Authority FC,14,0,0
14460,Category:Abasambi b'omupiira gw'ebigere abasajja Bannayuganda,14,0,0
14461,Category:Abafa ekirwadde kya kookolo w'omulubuto mu Iceland,14,0,0
14462,Category:Awusitureliya,14,0,0
14463,Category:Okulamula kwa Sharia,14,0,0
14464,Category:Bannayuganda Abasiramu,14,0,0
14465,Category:Obusiramu mu Uganda,14,0,0
14466,Category:Abakulembeze b'eddini y'obuyisiramu mu Uganda,14,0,0
14467,Category:Abaazaalibwa mu 1959,14,0,0
14468,Abel Chelangat,0,2,0
14469,Andrew Rotich Kwemoi,0,2,0
14470,Collin Mutyaba,0,9,0
14471,Olukiiko olw'Enkyukakyuka mu Bufuzi bwa demokulasiya,0,0,0
14472,Khalifah Aganaga,0,10,0
14473,John Sserunjogi,0,6,0
14474,Category:Bannayuganda abayimbi abasajja,14,0,0
14475,Category:Bannayuganda abayimbi,14,0,0
14476,Category:Abayimbi,14,0,0
14477,Category:Abazaalwa mu 1962,14,0,0
14478,Category:Abantu abasibuka mu Disitulikiti y'e Apac,14,0,0
14479,Category:Bannabyabufuzi ba Uganda People's Congress,14,0,0
14480,Category:Bannabyabufuzi abatalina bibiina by'abufuzi mu Uganda,14,0,0
14481,Category:Abalango,14,0,0
14483,Category:Abakyala Abalango,14,0,0
14484,Category:Bammemba ba Palamenti ya Uganda abakyala,14,0,0
14485,Category:Abantu abazaalibwa mu Disitulikiti y'e Yumbe,14,0,0
14487,Category:Abazaalwa mu 1977,14,0,0
14488,Category:Abantu abasibuka mu Disitulikiti y'e Mukono,14,0,0
14489,Category:Bannayuganda abalamuzi ab'ekyasa ky'abiri mw'ekimu,14,0,0
14490,Category:Abaasomerako ku Uganda Management Institute,14,0,0
14491,John Goville,0,2,0
14492,Moses Kyeswa,0,1,0
14493,Ronald Serugo,0,1,0
14495,Category:Ababaka abakyala mu paalament ya Uganda,14,0,0
14496,Mike Okot,0,3,0
14497,Category:Bannabyabufuzi ba National Unity Platform,14,0,0
14498,Category:Bannabyabufuzi abakyala nannaYuganda mukyasa eky'amakumi abiri mwekimu,14,0,0
14499,Category:Abazaalibwa mu 2003,14,0,0
14500,Category:Abakyala abayimbi Bannayuganda,14,0,0
14501,Category:Abasambi b'omupiira abava mu Casablanca,14,0,0
14502,Category:Abantu abasibuka mu kibuga Francistown,14,0,0
14503,Category:Ba meeya abakyala,14,0,0
14504,Category:Ba meeya b'ebifo mu Botswana,14,0,0
14505,Category:Bano be ba meeya be'bibuga mu Botswana,14,0,0
14506,Category:Abakyala bannabyamizannyo ab'ekyaasa ky'abiri mu ekimu,14,0,0
14507,Category:Ba meeya b'ebibuga mu Botswana,14,0,0
14508,Category:Abazaalwa mu 1952,14,0,0
14510,Category:Abantu abasibuka mu Ttundu-ttundu lya West Nile,14,0,0
14511,Category:Abantu abasibuka mu Disitulikiti y'e Maracha,14,0,0
14512,Category:Baminisita ba Gavumenti ya Uganda,14,0,0
14513,Category:Abaasomerako ku St.Joseph's College Ombaci,14,0,0
14514,Category:Ekibinja ky'abatuukirivu mu Ekereziya,14,0,0
14515,Francis Ogola,0,3,0
14516,Peter Rwamuhanda,0,2,0
14517,Category:Abazaale b'omu myaka gya 1860,14,0,0
14518,Category:Eby'obulambuzi mu Uganda,14,0,0
14519,Abakozi ba Goodlyfe,0,0,0
14520,Roy Mubiru,0,5,0
14521,Category:Olukalala lw'abatuukirivu,14,0,0
14522,Category:Obutemu mu 1885,14,0,0
14523,Category:Abatukuvu b'ekkanisa ya Uganda,14,0,0
14524,Sadat Tebazaalwa,0,1,0
14525,Category:Emisango gy'omu 1887 mu Africa,14,0,0
14526,Andrew Tendo,0,4,0
14527,Moustafa Ahmed Shebto,0,1,0
14528,Brian Mayanja,0,1,0
14529,Jolly Katongole,0,1,0
14530,Alex Malinga,0,6,1
14531,Fred Mutuweta,0,2,0
14533,Category:Bannayuganda bannamagye,14,0,0
14534,Category:Abantu abasibuka mu Bugwanjuba bwa Uganda,14,0,0
14535,Category:Bannabyabufuzi aba NRM,14,0,0
14536,Category:Bannabyamizanyo Abanayuganda ab'ekyasa ky'abiri mwekimu,14,0,0
14537,Category:Abazaalwa mu 2000,14,0,0
14538,Category:Abazannyi ba kiraabu ya Vipers SC,14,0,0
14540,Category:Bannayuganda abasajja abasambira wabweru we Ggwanga,14,0,0
14541,Category:Bannabyamizanyo aabava mu Buvanjuba bwa Uganda,14,0,0
14542,Category:Abazannyi b'omupiira abazannya amakkati,14,0,0
14543,Category:Abantu abava mu Disitulikti y'e Bugiri,14,0,0
14544,Category:Abantu abaasomerako ku Ttendekero ly'e Makerere,14,0,0
14545,Category:Bannayuganda abasuubuzi,14,0,0
14546,Category:Bannayuganda abakazi bannabyabufuzi ab'Ekyasa Kyabiri mwekimu,14,0,0
14547,Category:Bannayuganda abakazi Bannabyabufuzi ab'Ekyasa Kyabiri mwekimu,14,0,0
14548,Category:User en-N,14,0,0
14549,Virgil Okiring,0,1,0
14550,Jorem Ochana,0,1,0
14551,Vitus Ashaba,0,1,0
14552,Moses Musonge,0,1,0
14553,Pius Olowo,0,1,0
14554,Kyobe Jonah,0,6,0
14555,Category:Abaasomerako ku Ssettendekero wa Makerere,14,0,0
14556,Category:Abantu b'e Tooro,14,0,0
14557,Category:Abaasomerako ku University of LIverpool,14,0,0
14558,Category:Bannayuganda abaakolerako e Kenya,14,0,0
14559,Category:Abantu abava mu Bugwanjuba bwa Uganda,14,0,0
14560,Category:Bannayuganda abakyala abakulira bizinensi,14,0,0
14561,Category:Bannayuganda bakyala abakulira bizinensi,14,0,0
14562,Category:Abasuubuzi b'omu Kyasa ky'abiri mwekimu,14,0,0
14563,Category:Abantu B'etooro,14,0,0
14564,Category:Ababaka ba palamenti ya uganda,14,0,0
14565,Category:Abantu abazaalibwa mu 1966,14,0,0
14566,Category:Abafa mu 2013,14,0,0
14567,Category:Abantu b'e Karamoja,14,0,0
14568,Category:Bannayuganda abaasengukira mu ggwanga lya Canada,14,0,0
14569,Category:Pages with unreviewed translations,14,0,0
14570,Category:Abavunnuzi ab'ekyasa ky'abiri,14,0,0
14571,Category:Bannayuganda abavunnuzi,14,0,0
14572,Category:Abaafa mu 2014,14,0,0
14573,Category:Abazaalwa mu 1950,14,0,0
14574,User:B722N/common.js,2,0,0
14575,Category:Ba mmemba ba Paalament ya Uganda,14,0,0
14578,Category:Ebibiina by'abayimbi ebyatandikibwawo mu 2008,14,0,0
14579,Category:Ebibiina by'abayimbu Abanayuganda,14,0,0
14580,Category:Ebibiina by'abayimbi Abanayuganda,14,0,0
14581,Category:Abayimbi Abanayuganda ab'ekyasa kya 21,14,0,0
14582,Category:Abayimbi Abanayuganda,14,0,0
14583,Category:Abayimbi abanayuganda ab'ekyasa kya 21,14,0,0
14584,Category:CS1 maint: archived copy as title,14,0,0
14585,Abayimbi ba Goodlyfe Crew,0,0,0
14586,Category:Bannayuganda abakyala abasamba omupiira,14,0,0
14587,Category:Ebikwata ku mupiira gw'abakyala mu Buvanjuba bwa Africa mu bumpimpi,14,0,0
14588,Category:Ebikwata ku mupiira gwa Uganda mu bumpimpi,14,0,0
14589,Abrahan Luzzi,0,0,0
14590,Category:Bannayuganda abawandiisi,14,0,0
14591,Category:Abaazaalibwa mu 1907,14,0,0
14592,Category:Abantu abaafa mu 1975,14,0,0
14593,Category:Abaasomerako ku ttendekero lya Howard University,14,0,0
14594,Category:Abaasomerako ku Harvard University,14,0,0
14595,Category:Bugwanjuba bwa Uganda,14,0,0
14596,Category:Abanyankole,14,0,0
14597,Category:Ekitundu ky'e Ankole,14,0,0
14598,Category:Abaasomerako ku University of Oxford,14,0,0
14599,Category:Ebitongole by'Abangereza eby'atandikibwawo mu 1985,14,0,0
14600,Category:Ebitongole by'abakyala abalwanirizi b'eddembe lyabwe mu Uganda,14,0,0
14601,Category:Ebitongole eby'atandikibwawo mu 1985,14,0,0
14602,Category:Eddembe ly'abakyala mu Uganda,14,0,0
14603,Category:Ebitongole by'abakyala mu Uganda,14,0,0
14604,Category:Abazaalwa mu 1989,14,0,0
14605,Category:Bannayuganda Bannamisono,14,0,0
14606,Category:Bannayuganda abatandisi b'emirimu ab'ekyasa ky'abiri mwekimu,14,0,0
14607,Category:Bannayuganda abatanidisi b'emirimu ab'ekyasa ky'abiri mwekimu,14,0,0
14608,Category:Abalabirizi b'omu ba Kulisitaayo ab'e Kyasa kyabiri mu Uganda,14,0,0
14609,Category:Abalabirizi b'Abakulisitaayo abava e Mbale,14,0,0
14610,Category:Abaasomerako ku Uganda Christian University,14,0,0
14611,Category:Abaasomerako ku Bulwalasi Theological College,14,0,0
14612,Category:Ba Diini b'Ekkanisa y'Abakulisitaayo mu Africa,14,0,0
14613,John Sentongo,0,2,0
14614,Franco Agentho,0,1,0
14615,Abraham Munabi,0,2,0
14616,"Peter Odhiambo (omukubi w’ebikonde, yazaalibwa mu 1927",0,2,0
14617,Omukisa Sseruwagi,0,2,0
14618,Alex Odhiambo,0,1,0
14619,Ernest Mabwa,0,2,0
14620,Peter Paul Odhiambo,0,1,0
14621,Henry Mugwanya,0,1,0
14622,Douglas Ogada,0,1,0
14623,Andrew Kajjo,0,1,0
14624,David Jackson (Munnayuganda omukubi w’ebikonde),0,2,0
14625,James Odwori,0,1,0
14626,Matthias Ouma,0,2,0
14627,Eridadi Mukwanga,0,2,0
14628,Category:Abaazaalibwa mu 1983,14,0,0
14629,Category:Bannayuganda bannakatemba abayimirira bokka ku sitegi ne basesa abantu,14,0,0
14630,Category:Bannayuganda abakazi abazannyi ba katemba,14,0,0
14631,Category:Bannayuganda abakazi abazannyi ba firimu,14,0,0
14632,Category:Abantu abava e Kampala,14,0,0
14633,Category:Abaasomerako ku Ssettendekero wa Makerere University,14,0,0
14634,Category:Bannayuganda Abakatoliki,14,0,0
14635,Category:Abazaalibwa mu 1930,14,0,0
14636,Category:Abaafa mu 2023,14,0,0
14637,Category:Abantu abava mu Disitulikiti y'e Masindi,14,0,0
14638,Category:Abasumba b'eKereziya Katolika ab'ekyasa ky'abiri mu Uganda,14,0,0
14639,Category:Abasumba ba Ekereziya Katolika ab'e Hoima,14,0,0
14640,Category:Abasumba abaalondebwa Paapa John Paul VI,14,0,0
14641,Category:Abakungu wansi w'obwakabaka bwa Bungereza,14,0,0
14642,Category:Bannayuganda abasajja abasambi b'omupiira,14,0,0
14643,Category:Bannayuganda abasajja abasambira ebweru w'eggwanga,14,0,0
14644,Category:Banabyamizannyo abannayuganda ab'ekyasa kya 21,14,0,0
14645,Category:Abaminsani Abangereza Abakulisitaayo,14,0,0
14646,Category:Abawuwuttanyi abasambi b'omupiira abasajja,14,0,0
14647,Category:Abazaale ba 1870,14,0,0
14648,Category:Abantu abava mu Hamstead,14,0,0
14649,Category:Abazannyi ba Vipers SC,14,0,0
14650,Category:Abazannyi ba Mbarara City FC,14,0,0
14651,Category:Abazannyi ba kiraabu ya Kampala Capital City Authority,14,0,0
14652,Category:Ebyobulamu mu Uganda,14,0,0
14653,Category:Banabyamizannyo okuva mu bitundu by'omubuvanjuba bwa Uganda,14,0,0
14654,Category:Abazannyi ba kiraabu ya National Enterprises Corporation,14,0,0
14655,Category:Abaafa mu 1951,14,0,0
14656,Category:Abantu abava mu Disitulikiti y'e Ntungamo,14,0,0
14657,Category:Abasambi abeetaba mu mpaka za 2018 eza Africa Nations Championship,14,0,0
14658,Category:Bannamawulire abakyala mu Uganda,14,0,0
14659,Category:Bannamawulire mu Uganda,14,0,0
14660,Category:Bannamawulire,14,0,0
14662,Category:1989 okuzaalibwa,14,0,0
14663,Category:Abayimbi abasajja ba Uganda mu kyasa 21,14,0,0
14664,Category:Abazaale ba 1929,14,0,0
14665,Category:Abaafa mu 2005,14,0,0
14666,Category:Abamyuka ba bassaabaminisita aba Uganda,14,0,0
14667,Category:Bannayuganda abaawangangusibwa,14,0,0
14668,Category:Bannayuganda abaali basibiddwako ebweru w'eggwanga,14,0,0
14669,Category:Abaakwatibwa era ne basibibwa e Kenya,14,0,0
14670,Category:Bannabyabufuzi wansi wa Uganda Nationa Congress,14,0,0
14671,Category:Abazaale ba 1973,14,0,0
14672,Category:Abantu Abaganda,14,0,0
14673,Category:Bannayuganda abasawo,14,0,0
14674,Category:Abasomesa ku Makerere University,14,0,0
14675,Category:Abantu abasibuka mu Masekkati ga Uganda,14,0,0
14676,Category:Bannayuganda abakazi bannassaayansi ab'Ekyasa ky'abiri mwekimu,14,0,0
14677,Category:Bannayuganda Bannassaayanzi ab'Ekyasa kyabirimwekimu,14,0,0
14678,Category:Bannayuganda abasuubuzi ab'Ekyasa kyabirimwekimu,14,0,0
14679,Category:Abantu abasibuka mu Disitulikiti y'e Kampala,14,0,0
14680,Category:Bannayuganda abakazi abakulira bizinensi,14,0,0
14681,Category:Bannayuganda abakazi abasomesa,14,0,0
14682,Category:Bannayuganda abalwanirizi,14,0,0
14683,Category:Ababaka ba Uganda ebweru,14,0,0
14684,Category:Abakungu mu kitongole kya Food and Agriculture Organization,14,0,0
14685,Category:Ababaka ba Uganda ebweru abakazi,14,0,0
14686,Category:Bannayuganda bannabyabufuzi ab'Ekyasa kyabirimwekimu,14,0,0
14687,Category:Abazaale ba 1958,14,0,0
14688,Category:Abaasomerako ku Makerere University,14,0,0
14689,Category:Abaasomerako ku Kyambogo University,14,0,0
14690,Bruno K.,0,0,0
14691,Category:Abakozi mu by'ensoma mu Makerere University,14,0,0
14692,Category:Bannakibiina kya Africa Academy of Sciences,14,0,0
14693,Category:Bannayuganda bannabyanjigiriza,14,0,0
14694,Category:Bammemba b'akakiiko k'ebyokulonda,14,0,0
14695,Category:Bannayuganda bannabyanjigiriza ab'ekyasa ky'abiri mwekimu,14,0,0
14696,"Justin Arop, omuwandiisi w’ebitabo",0,3,0
14697,Category:Bayimbi ba nyimba ezitendereza Katonda,14,0,0
14698,Category:Bannayuganda abayimba enyimba ezitendereza Katonda,14,0,0
14699,Category:Abantu abava mu Disitulikiti y'e Mbarara,14,0,0
14700,Category:Abantu abaafa mu 2022,14,0,0
14701,Category:Abaazaalibwa mu 1954,14,0,0
14702,Category:Ba mmemba ba palamenti ya Uganda eyoomunaana,14,0,0
14703,Category:Ba mmemba ba palamenti ya Uganda eyekkumi,14,0,0
14704,Category:Ba Generaali ba Uganda,14,0,0
14705,Category:Bannayuganda abasomesa,14,0,0
14706,Category:Abaasomera ku Makerere University,14,0,0
14707,Category:Abaali basomedde ku Tanzania Military Academy,14,0,0
14708,Category:Abaasomerako ku Mbarara High School,14,0,0
14709,Category:Ba mmemba ba palamenti ya Uganda eyomwenda,14,0,0
14710,MediaWiki:Gadget-Cat-a-lot/en,8,0,0
14711,Veronica Lugya (Vinka),0,0,0
14712,Vinka (Musician),0,0,0
14713,Category:Abazaalibwa mu 1996,14,0,0
14714,Category:Abayizi abaasomera ku Yunivasite y'e Makerere,14,0,0
14715,Category:Abaazaalibwa mu 1996,14,0,0
14716,Category:Abazalibwa mu 199,14,0,0
14717,Category:Abantu abakyali abalamu,14,0,0
14718,Category:Abantu abava mu disitulikiti y'e Katakwi,14,0,0
14719,Category:Abamanyi abasomerako ku uganda Christian University,14,0,0
14720,Category:Bannabyabufuzi okuva mu buvanjuba bwa Uganda,14,0,0
14721,Category:Bannabyabufuzi okuva mu kibiina kya National Resistance Movement,14,0,0
14722,Category:Abantu abava mu kitundu ky'e Teso,14,0,0
14724,Category:Abantu abazalibwa mu 1993,14,0,0
14725,Category:Abateeso,14,0,0
14726,Category:Abantu abava mu Disitulikiti y'e Butambala,14,0,0
14727,Category:Abazaalibwa mu 1973,14,0,0
14728,Category:Abasomerako e Makerere University,14,0,0
14729,Category:Abantu abasibuka mu Disitulikiti y'e Amuru,14,0,0
14730,Category:Bannabyabufuzi ba Uganda National Liberation Front,14,0,0
14731,Category:Bannabyabufuzi ba Uganda Patriotic Movement,14,0,0
14732,Category:Bannayuganda abaweebwa ekisonyiwo kya Pulezidenti,14,0,0
14733,Category:Ekibiina kya Save Uganda Movement,14,0,0
14734,Category:Abaasomerako ku Yunivasite y'e Nairobi,14,0,0
14735,Abayudaya,0,0,0
14736,Category:Abantu balamu,14,0,0
14737,Category:Abaazaalibwa mu gya 1970,14,0,0
14738,Category:Bannayuganda abasuubuzi ab'Ekyasa ky'Abirimwekimu,14,0,0
14739,Category:Abaaasomerako ku Makerere University,14,0,0
14740,Category:Bannayuganda bannaby'anjigiriza,14,0,0
14741,Category:Abakozi ku ludda lw'ebyenjigiriza mu Makerere University,14,0,0
14742,Category:Abakozi ku ludda lw'ebyenjigiriza ku Ttendekero lya University of Witswatersand,14,0,0
14743,Category:Bannamawulire era abasomi b'amawulire ku BBC,14,0,0
14744,Category:Abaweereza ba BBC World Service,14,0,0
14745,Category:Abazaalwa mu 1978,14,0,0
14746,Category:Bannamawulire ba laadiyo Bannayuganda,14,0,0
14747,Category:Bannayuganda abaweereza ku laadiyo,14,0,0
14748,Category:Bannamawulire abasajja Abangereza,14,0,0
14749,Category:Abantu abasomera ku Makerere College School,14,0,0
14750,Category:Abantu abasomera ku Trinity College Nabbingo,14,0,0
14752,Category:Bannabyabufuzi mu kibiina kya National Resistence Movement,14,0,0
14753,Category:Abantu abasibuka mu Disitulikiti y'e Nakaseke,14,0,0
14754,Shakira,0,1,1
14755,Category:Bannayuganda abakyala abayimbi ab'ekyaza kya 21,14,0,0
14756,Category:Abaazalibwa mu 1978,14,0,0
14757,Category:Abantu abaali basomeddeko ku Makerere Yunivasite,14,0,0
14758,Category:Bannayuganda ab'enzikiriza y'Obukatuliki,14,0,0
14760,Category:Banabyabufuzi ab'ekibiina kya Uganda People's Congress,14,0,0
14761,User:Ssemmanda will/common.js,2,0,0
14762,William Kamanyi,0,1,0
14763,Category:Abantu abasibuka mu Disitulikiti y'e Nebbi,14,0,0
14764,Category:Abantu abasibuka mu Disitulikiti y'e Sheema,14,0,0
14765,Category:Bannayuganda bannamateeka,14,0,0
14766,Category:Bannayuganda bannamawulire abakyala,14,0,0
14767,Category:Abaafuna engule ya International Women of Courage Award,14,0,0
14768,Category:Abaazaalibwa mu 1950,14,0,0
14769,Category:Baminisita b'ebyentambula mu Uganda,14,0,0
14770,Category:Baminisita b'emirimu gy'eggwanga mu Uganda,14,0,0
14771,Category:Banabyabufuzi abali mukibina ekiri mubuyinza (NRM),14,0,0
14772,Category:Bannabyabufuzi abali mukibina ekiri mubuyinza (NRM),14,0,0
14773,Category:Abantu abasibuka mu Disitulikiti y'e Luweero,14,0,0
14774,Category:Abantu abasibuka mu Disitulikiti y'e Lwengo,14,0,0
14776,Category:Abazaalwa mu 1869,14,0,0
14777,Category:Abaafa mu 1886,14,0,0
14778,Category:Abattibwa mu kyasa ky'ekumi n'omwenda mu Uganda,14,0,0
14779,Category:Abajulizi Abakatoliki ab'ekyasa ky'ekumi n'omwenda,14,0,0
14780,Category:Abatukuvu abakristaayo ab'ekyasa ky'ekumi n'omwenda,14,0,0
14781,Category:Abantu abattibwa mu Buganda,14,0,0
14782,Category:Bannayuganda abattibwa,14,0,0
14783,Category:Abakatoliki Bannayuganda abatukuvu,14,0,0
14784,Category:Abantu abattibwa mu Uganda nga bokyebwa,14,0,0
14785,Category:Abaatukuzibwa Paapa Paul VI,14,0,0
14786,Category:Abaana abattibwa,14,0,0
14787,Category:Abaazalibwa mu 1984,14,0,0
14788,Category:Bannabyamizannyo abasajja ab'ekyasa kya 21,14,0,0
14789,Category:Abasambi abazannyira mu Scotland wabula nga sirye ggwanga lyabwe,14,0,0
14790,Category:Abasambi ba Express FC,14,0,0
14791,Category:Abasambi ba Kaizer Chiefs FC,14,0,0
14792,Category:Abasajja abasamba omupiira ng'abazibizi,14,0,0
14793,Category:Bannayuganda abasajja abasamba omupiira munsi yonna,14,0,0
14794,Category:Abazannyi abali mu liigi ya Mauritania eyababinywera,14,0,0
14795,Category:Abasajja abasamba omupiira ng'abawuwuttanyi,14,0,0
14796,Category:Bannabyamizannyo abannayuganda nga bali mu Scotland,14,0,0
14797,Category:Abazannyi 2000 aba AS Port-Louis,14,0,0
14798,Category:Abasambi b'omupiira abava mu Kampala,14,0,0
14799,Category:Abasambi ba liigi y'e Scotland eyababinywera,14,0,0
14800,Category:Bannayuganda abasambira omupiira ebweru w'eggwanga,14,0,0
14801,Category:Abasambi ba Heart of Midlothian FC,14,0,0
14802,Category:Bannabyamizannyo nga bannayuganda abali mu ggwanga lya Mauritius,14,0,0
14803,Category:Abazaalwa mu 1983,14,0,0
14804,Category:Abantu abasibuka mu Kampala,14,0,0
14805,Category:Kampala Central Division,14,0,0
14806,User talk:Neriah,3,1,0
14807,Category:Abasawo b'abakyala mu Uganda,14,0,0
14808,Category:Abasawo mu Uganda,14,0,0
14809,Category:Abasawo,14,0,0
14810,George Kabuto,0,1,0
14811,Grace Sseruwagi,0,2,0
14812,Wikipedia:Autoconfirmed users,4,0,0
14813,John Siryakibbe,0,1,0
14814,Deogratias Musoke,0,1,0
14815,"Peter Odhiambo (omukubi w’ebikonde, yazaalibwa 1950)",0,1,0
14816,John Opio,0,1,0
14817,"Geofrey Nyeko, omusajja omulala",0,1,0
14818,Geofrey Nyeko,0,1,0
14819,Category:Abaazalibwa mu 1962,14,0,0
14820,Category:Abava mu Masaka Disitulikiti,14,0,0
14821,Shadrach Odhiambo,0,2,1
14822,John Munduga,0,1,0
14823,Category:Abantu Abalamu,14,0,0
14824,"Peter Odhiambo (omukubi w’ebikonde, yazaalibwa 1958)",0,1,0
14825,Category:Ababirigi bannamawulire,14,0,0
14826,William Bagonza,0,1,0
14827,Category:Abakozi abaava mu Belgium okujja okukolera mu Uganda,14,0,0
14828,Category:Ababirigi bannamawulire abakazi,14,0,0
14829,William Galiwango,0,1,0
14830,Category:Abazaale ba 1975,14,0,0
14831,Peter Okumu,0,1,0
14832,Category:Bannayuganda bannabyabufuzi,14,0,0
14833,Category:Bannayuganda ba yinginiya ab'ekyasa ky'abirimwekimu,14,0,0
14834,Category:Enkula ya Kampala,14,0,0
14835,Vicky Byarugaba,0,3,0
14836,Category:Enyanja ezaakolebwa bantu ezisinganibwa mu Uganda,14,0,0
14837,Akayanja ka Kabaka,0,0,0
14838,Ennyanja ya Kabaka,0,0,0
14839,Category:Ab'esimbawo ku kifo ky'omukulembeze w'eggwanga,14,0,0
14840,Akayanja ya Kabaka,0,0,0
14841,Patrick Lihanda,0,1,0
14842,Category:Bannabyabufuzi wansi w'ekibiina kya Conservative Party mu Uganda,14,0,0
14843,Dodovic Owiny,0,1,0
14844,Charles Kizza,0,2,0
14845,Category:Abazaale ba 1964,14,0,0
14846,Category:Abakola ku ludda lw'ebyensoma mu Ankole Western University,14,0,0
14847,Category:Abakozi ku ludda lw'ebyensoma ku Bishop Stuart University,14,0,0
14848,Category:Bannanyabufuzi abatalina bibiina mu Uganda,14,0,0
14849,Category:Ba mmemba ba palamenti ya Uganda eyekkumineemu,14,0,0
14850,Godfrey Wakaabu,0,2,0
14851,Kassim Napa Adam,0,2,1
14852,Benson Masanda,0,2,0
14853,Category:Kampuni z'emikutu gya leediyo eziwereza mu Uganda,14,0,0
14854,Charlie Lubega,0,2,0
14855,Category:Muziki wa Uganda,14,0,0
14856,Category:Emikutu gya leediyo mu Uganda,14,0,0
14857,Dismas Yeko,0,2,0
14858,Category:Abalabirizi b'Abakulisitaayo ab'ekyasa kyabirimwekimu mu Uganda,14,0,0
14859,Category:Abalabirizi b'Abakulisitaayo aba Kampala,14,0,0
14860,Category:Abakozi ku ludda lw'ebyensoma aba Uganda Christian University,14,0,0
14861,Category:Abazaale ba 1954,14,0,0
14862,Category:Amawanga agali wansi w'omukago gw'Amawanga amagatte,14,0,0
14863,Leo Adraa,0,2,0
14864,Category:Amawanga agatasalagana n'assemayanja,14,0,0
14865,Abu Salim Mayanja,0,2,1
14866,Salim Abu Mayanja,0,2,1
14867,Category:Abantu abasibukava mu Kampala,14,0,0
14868,Category:Abakyala abawereza ku mikutu gya leediyo,14,0,0
14869,Category:Bannayuganda abawereza ku mikutu gya leediyo,14,0,0
14870,Category:Abakyala abannayuganda abawereza ku mikutu gya ttivi,14,0,0
14871,Category:Bannayuganda abawereza ku ttivi,14,0,0
14872,Category:Abaazaalibwa mu 1974,14,0,0
14873,Joel Ayeko,0,1,0
14874,Category:Abazaalibwa mu 1929,14,0,0
14875,Category:Abantu abaafa mu 2005,14,0,0
14876,Category:Bannaabakyala Abafirika,14,0,0
14877,Category:Bannabyamizannyo abannayuganda ab'ekyaza kya 21,14,0,0
14878,Category:Ennyingo za obwakabaka bw'Afrika,14,0,0
14879,Category:Abasambi b'omupiira aba kiraabu ya Hoang Anh Gia Lai,14,0,0
14880,Category:Abasambi b'omupiira aba kiraabu ya Kampala Capital City Authority FC,14,0,0
14881,Category:Abasambi b'omupiira aba V.League,14,0,0
14882,Category:Abasambi abeetaba mu mpaka za CHAN eza 2011,14,0,0
14883,Category:Abasambi b'omupiira abannayuganda ab'etuluba lya 'A' nga bali bweru wa ggwanga,14,0,0
14884,Category:Abasambi b'omupiira abawuwuttanyi,14,0,0
14885,Category:Ennyingo z'Abannayuganda,14,0,0
14886,Category:Abasambi b'omupiira aba kiraabu ya Vipers SC,14,0,0
14887,Category:Abasambi b'omupiira abasajja abasambira e Vietnam nga siba ggwanga eryo,14,0,0
14888,Category:Bannabyamizannyo nga bannayuganda abali e Vietnam,14,0,0
14889,Category:Abaasomera mu Gayaza High School,14,0,0
14890,Category:Busoga,14,0,0
14891,Category:Bakabaka n’abafuzi b’ennono mu Uganda,14,0,0
14893,Emmanuel Tugumisirize,0,1,0
14894,Ali Ngaimoko,0,1,0
14895,Maxwell Rotich,0,2,0
14896,Category:Disitulikiti y'e Kalangala,14,0,0
14897,Category:Ebizinga ebisangibwa ku nnyanja Nalubaale,14,0,0
14898,Category:Ebizinga by'omu nnyanja ebya Uganda,14,0,0
14899,Category:Bannayuganda abalwaniririzi b'eddembe,14,0,0
14900,Category:Bannayuganda abakungu mu kibiina ky'Amawanga Amagatte,14,0,0
14901,Category:Abalwanirizi b'eddembe ly'abalina Siriimu,14,0,0
14902,Category:Siriimu mu Africa,14,0,0
14903,Category:Abazambia abalwanirizi b'eddembe,14,0,0
14904,Category:Abazambia abakungu mu Kitongole ky'Amawanga Amagatte,14,0,0
14905,Category:Ababotswana abalwanirizi b'eby'obulamu,14,0,0
14906,Category:Ab'eggwanga lya Botswana baagenda okukolera e Zambia,14,0,0
14907,Category:Abantu abava mu Disitulikiti y'a Kampala,14,0,0
14908,Category:Bannayuganda ba yinginiya ab'ekyasa kyabirimwekimu,14,0,0
14909,Category:Abazaalwa mu 1995,14,0,0
14910,Category:Bannayuganda abakyala abakola firimu,14,0,0
14911,Category:Abakyala abawandiisi ab'ekyasa ky'abiri mwekimu,14,0,0
14912,Category:Omujulizi ba Yuganda,14,0,0
14913,Category:Faculty ya Vanderbilt University,14,0,0
14914,Category:Obusawo,14,0,0
14915,Category:Bannayuganda abasawo abanoonyereza,14,0,0
14916,Category:Bannasayansi abakyala Abannayuganda,14,0,0
14917,Category:Abaasomerako ku University of Florida,14,0,0
14918,Category:Omujulizi wa Uganda,14,0,0
14919,Category:Abaasomerako ku St. Cloud State University,14,0,0
14920,Category:Bannamateeka b'ekyaasa eky'ekkumi n'omwenda aba Yuganda,14,0,0
14921,Category:Abasomerako e Makerere,14,0,0
14922,Category:Abazaalibwa mu 1956,14,0,0
14923,Category:Abasomerako ku Law Development Centre,14,0,0
14924,Category:Abazaalibwa mu 1969,14,0,0
14925,Category:Abantu abava mu Disitulikiti y'e Serere,14,0,0
14926,Category:Bammemba ba parliament eyo munaana eya Yuganda,14,0,0
14927,Category:Bannayuganda abakyala nga bannabyabufuzi mu kyaasa ky'amakkumi abiri mu ekimu,14,0,0
14928,Divizoni y'e Makindye,0,0,0
14929,Harbert Kibet,0,2,0
14930,Category:Ebibinja by'abayimbi ebyatandikibwawo mu 2006,14,0,0
14931,Category:Ebibinja by'abantu abataano mu ggwanga lya Greece,14,0,0
14932,Category:Ebibinja ebikuba ebivuga by'ebyuma mu Greece,14,0,0
14933,Category:Ebibinja by'abayimbi abasibuka mu Athens,14,0,0
14934,Category:Ebyatandikibwawo mu Greece mu 2006,14,0,0
14935,Category:Abasomesa,14,0,0
14936,User:Sisterian,2,0,0
14937,User:Charles Kalanzi,2,0,0
14938,Category:Abaana abayimbi,14,0,0
14939,Category:Abazaalwa mu 2001,14,0,0
14940,Category:Abayimbi b'ennyimba ezitendereza Katonda,14,0,0
14942,Category:Abazaalwa mu 1953,14,0,0
14943,Category:Abaafa mu 2021,14,0,0
14944,Category:Bannayuganda abakulira ebitongole,14,0,0
14945,Yuganda,0,0,0
14946,Qatar,0,0,0
14947,Category:Ebyafaayo bya Uganda,14,0,0
14948,Category:Obuwangwa bwa Uganda,14,0,0
14949,Category:Giyogulafiya wa Uganda,14,0,0
14950,Category:Ebyenjigiriza bya Uganda,14,0,0
14951,Category:Gavumenti ya Uganda,14,0,0
14952,Category:Ebitongole ebikolera mu Uganda,14,0,0
14953,Lokii John Baptist,0,0,0
14954,Category:Ebiwandiiko ku Uganda ebisaana okugaziya,14,0,0
14955,Category:Embeera z'abantu mu Uganda,14,0,0
14956,Category:Ebizimbe n'ebyobuzimbi mu Uganda,14,0,0
14957,Category:Obutonde bw'ensi mu Uganda,14,0,0
14958,Category:Abayimbi ba Uganda,14,0,0
14959,Category:Abawandiisi mu Uganda,14,0,0
14960,Category:Bannabyamizannyo ba Uganda,14,0,0
14961,Category:Ebibiina by'ebyobufuzi mu Uganda,14,0,0
14962,Category:Bapulezidenti ba Uganda,14,0,0
14963,James Odongo (munnabyamizannyo),0,2,0
14964,James Odongo (munnabyamizanyo),0,2,0
14965,User:Kisakye Jane,2,0,0
14966,Category:Abaazaalibwa mu 1966,14,0,0
14967,Category:Abantu abasibuka mu Disitulikiti y'e Bunyangabu,14,0,0
14968,Category:Ababaka ba Paalamenti ya Uganda ey'omunaana,14,0,0
14969,Category:Ebigambo eby'ekikugu eby'abakugu mu by'ensusu,14,0,0
14970,Category:Ababaka ba Paalamenti ya Uganda ey'omwenda,14,0,0
14971,Category:Endabirira z'ensusu,14,0,0
14972,Category:Baminisita b'ebyokwerinda mu Uganda,14,0,0
14973,Category:Baminisita b'Ebyokwerinda mu Uganda,14,0,0
14974,Category:Ebifo bya Uganda ebikuumibwa,14,0,0
14975,Category:Pages using the Kartographer extension,14,0,0
14976,User:Timothy Minister,2,0,0
14977,Frank Kisekka,0,0,0
14978,Joel Otim,0,2,0
14979,Silver Ayoo,0,1,0
14980,Timothy Toroitich,0,2,0
14981,Musa Kurong,0,1,0
14982,Moses Kurong,0,1,0
14983,Brandon Sebirumbi,0,7,0
14984,America,0,4,2
14985,Category:Bannabyabufuzi Bannayuganda,14,0,0
14986,Category:Bannayuganda bannabyabufuzi mu kyaasa eky'abiri mu ekimu,14,0,0
14987,Category:Abasomerako e Gayaza High School,14,0,0
14988,Categories: abazaalibwa mu 1961,0,0,0
14989,Category:Abasomerako ku Uganda Christian University,14,0,0
14990,Category:Bannayuganda abakyaala nga ba Chief Executive,14,0,0
14991,Category:Abazaalibwa mu 1961,14,0,0
14992,Category:Bannayuganda nga ba Chief Executive,14,0,0
14993,Category:Abasomerako ku Makerere University,14,0,0
14994,Category:Abantu abava mu Disitulikiti y'e Rukungiri,14,0,0
14995,Category:Abasomerako mu Liverpool University,14,0,0
14996,Category:Abayizi abaaliwo mu Yunivasite y’e Liverpool,14,0,0
14997,Category:Abayizi abaaliwo mu Uganda Christian University,14,0,0
14998,Category:Abayizi abaaliwo ku yunivasite y’e Makerere,14,0,0
14999,Category:Abatooro,14,0,0
15000,Category:Abazaalwa mu 1972,14,0,0
15001,Category:Bannayuganda bannamawulire abakozi ba leediyo,14,0,0
15002,Category:Bannayuganda bannamawulire abakozi ku ttivi,14,0,0
15003,Category:Abantu abasibuka mu Disitulikiti y'e Kabarole,14,0,0
15004,Category:Abaaasomerako ku Mbarara High School,14,0,0
15005,Divizoni y'e Rubaga,0,0,1
15006,Divizoni y'e Kawempe,0,0,0
15007,Roger Mukasa,0,2,0
15008,Category:Abazaalibwa mu 1932,14,0,0
15009,Category:Abazaalibwa mu 1940,14,0,0
15010,Category:Ba Katikkiro ba Yuganda,14,0,0
15011,Category:Abasomerako e King's College Budo,14,0,0
15012,Category:Ba Chancellor ba Makerere University,14,0,0
15013,Category:Abasomerako ku University y'e Nairobi,14,0,0
15014,G,0,0,0
15015,H,0,0,0
15016,I,0,0,0
15017,J,0,0,0
15018,K,0,0,0
15019,L,0,0,0
15020,Category:Divizoni y'e Makindye,14,0,0
15021,Category:Ebifo ebirimu abantu abangi mu Uganda,14,0,0
15022,Category:Bannayuganda abazanyi ba cricket,14,0,0
15023,Category:Amaasaza agasangibwa mu Georgia,14,0,0
15024,Category:Ebifo ebisangibwa mu Georgia,14,0,0
15025,Category:Bannayuganda bannabyamizannyo,14,0,0
15026,Category:Bannayuganda bannabyamizannyo abaagenda okukolera e South Africa,14,0,0
15027,Category:Bannayuganda bannabyamizannyo abagenda okukolera mu Greece,14,0,0
15028,Fred Nkata,0,3,0
15029,Category:Abaasomerako ku Columbia University,14,0,0
15030,Category:Abantu abasibuka mu Disitulikiti y'e Kisoro,14,0,0
15031,Category:Bannayuganda abakugu mu by'ensimbi,14,0,0
15032,Category:Abakozi ba World Bank Group,14,0,0
15033,GOld Scandal,0,5,0
15034,Category:Abazaalwa mu 1976,14,0,0
15035,Category:Abantu abasibuka mu Disitulikiti y'e Kitgum,14,0,0
15036,Category:Abaazaalibwa mu 1992,14,0,0
15037,Category:Abaawanguzi ba Next Top Model,14,0,0
15038,Category:Abantu abava mu kitundu ky'obukiikakkono bwa Uganda,14,0,0
15039,Category:Bannayuganda abakyala aboolesa emisono,14,0,0
15040,Category:Bannayuganda abaasengukira mu Amerika,14,0,0
15041,Category:Abasajja abasambi b'omupiira mu Uganda,14,0,0
15042,Category:Abannayuganda abasajja abasambira omupiir5a ku mutendera gw'ensi yonna,14,0,0
15043,Category:Abazanyi ba Ordabasy,14,0,0
15044,Category:Bazanyi b'omupiira aba SC Villa,14,0,0
15045,Category:Abantu abasibuka mu Disitulikiti y'e Kamuli,14,0,0
15046,Oluguudo lwa Acholibur–Gulu–Olwiyo,0,5,0
15047,Category:Enguudo mu Uganda,14,0,0
15048,Category:Disitulikiti y'e Nwoya,14,0,0
15049,User:Osete Gerard,2,0,0
15050,Godfrey Serunkuma Lule,0,10,0
15051,David Ssemujju,0,2,0
15052,State Research Bureau (organisation),0,9,1
15053,Category:Abaazaalibwa mu 1968,14,0,0
15054,Category:Abaasomera ku Yunivasite ya Uganda Martyrs,14,0,0
15055,Category:Abantu abasibuka mu Disitulikiti y'e Kumi,14,0,0
15056,Category:Abantu abasibuka mu kitundu ky'Obuvanjuba bwa Uganda,14,0,0
15057,Category:Baminisita abakyala mu Gavumenti ya Uganda,14,0,0
15058,Category:Abaasomera ku Yunivasite y'e Makerere,14,0,0
15059,Category:Bannayuganda abawandiisi b'ennyimba,14,0,0
15060,Category:Bannayuganda abakyala Abayimbi,14,0,0
15061,Category:Abantu abasibuka mu Disitulikiti y'e Kyenjojo,14,0,0
15062,Category:Bannabyabufuzi abava mu kibiina kya National Resistence Movement,14,0,0
15063,Isaac Madoi,0,3,0
15064,Category:Kyabazinga ow'e Busoga,14,0,0
15065,Category:Abazaalibwa mu 1921,14,0,0
15066,Category:Abaafa mu 2008,14,0,0
15067,Category:Okufa kookolo mu Uganda,14,0,0
15068,Category:Abaserikale b’ekibiina kya Order of the British Empire,14,0,0
15069,Category:Abaafa kookolo w'emimiro,14,0,0
15070,Category:Abafuzi b’ennono ne bakabaka ba Uganda,14,0,0
15071,Category:Bannayuganda abaali abalamuzi,14,0,0
15072,Category:Abantu okuva mu mambuka ga Yuganda,14,0,0
15073,Category:Abantu abava mu Disitulikiti y'e Agago,14,0,0
15074,Category:Abamyuuka b'abalamuzi mu Yuganda,14,0,0
15076,Category:Abalamuzi abakulu mu Uganda,14,0,0
15077,Category:Abantu okuva mu Disitulikiti y’e Agago,14,0,0
15078,Uganda Airlines,0,0,0
15079,Category:Bannayuganda abasajja abasamba omupiira,14,0,0
15080,Category:Abasambi abaali mu mpaka ez'etabibwamu amawanga g'okulukalu lwa Afrika eza 1974,14,0,0
15081,Category:Abasambi abaali mu mpaka ez'etabibwamu amawanga g'okulukalu lwa Afrika eza 1978,14,0,0
15082,Category:Abasambi abaali mu mpaka ez'etabibwamu amawanga g'okulukalu lwa Afrika eza 1976,14,0,0
15083,Category:Abazannyi ba Express FC,14,0,0
15084,Category:Abazannyi ba Kampala Capital City Authority FC,14,0,0
15085,Category:Abazannyi b'omupiira abava mu Kampala,14,0,0
15086,Category:Abannayuganda abasajja abali ku ttiimu y'eggwanga,14,0,0
15087,Category:Abaazaalibwa mu 1952,14,0,0
15088,Category:Abaasomerako ku New York University Abu Dhabi,14,0,0
15089,Category:Abazannyi ba firimu mu Kampala,14,0,0
15090,Category:Abazaalwa mu 1993,14,0,0
15091,Category:Abantu abasibuka mu Disitulikiti y'e Mityana,14,0,0
15092,Category:Bannayuganda abakyala abazannya badminton,14,0,0
15093,Category:Bannayuganda abazannyi ba badminton abeetaba mu mpaka za 2018 Commonwealth Games,14,0,0
15094,Category:Bannayuganda abeetaba mu mpaka za Commonwealth Games,14,0,0
15095,Category:Abazannyi ba badminton abeetaba mu mpaka za African Games 2019,14,0,0
15096,Category:Abaafuna emidaali mu mpaka za African Games 2019,14,0,0
15097,Category:Bannayuganda bannabyamizannyo abasibuka mu makkati ga Uganda,14,0,0
15098,Category:Bamaneja abaali badukanyizaako ttiimu ya Uganda ey'omupiira,14,0,0
15099,Category:Bamaneja b'omupiira mu Uganda,14,0,0
15100,Category:Bamaneja ba kiraabu ya SC Villa,14,0,0
15101,Category:Bamaneja ba kiraabu ya Kampala Capital City Authority FC,14,0,0
15102,Category:Abantu abava mu disitulikiti y'e Mukono,14,0,0
15103,Category:Abasambi b'omupiira abasajja abali my ggwanga lya Iceland,14,0,0
15104,Category:Abasambi abali mu liigi ya Uganda eyababinywera,14,0,0
15105,Category:Abasambi ba kiraabu ya SC Villa,14,0,0
15106,Category:Bannayuganda abasajja abali ku ttiimu y'eggwanga,14,0,0
15107,Category:Abasambi ba Uganda Revenue Authority FC,14,0,0
15108,Category:Abasajja abasamba ng'abawuwuttanyi mu Uganda,14,0,0
15109,Category:Abasambi ba Besta delid Karta,14,0,0
15110,Category:Abasambi ba kiraabu ya BUL Jinja FC,14,0,0
15111,Category:Bannabyamizannyo nga bannayuganda ab'ekyasa ekya 21,14,0,0
15112,Category:Bannayuganda abasambi ebweru w'eggwanga,14,0,0
15113,2011,0,3,0
15114,Category:Abazaalwa mu 1963,14,0,0
15115,Category:Abantu abasibuka mu Disitulikiti y'e Kaberamaido,14,0,0
15116,Category:Abantu abasibuka mu Disitulikiti y'e Buikwe,14,0,0
15117,Category:Bassaabalabirizi b'Ekkanisa ya Uganda,14,0,0
15118,Category:Abantu abazaalibwa mu 1962,14,0,0
15119,Category:Abantu abazaalibwa mu 1976,14,0,0
15120,Category:Abantu abasibuka e Tooro,14,0,0
15121,Category:Abantu abasibuka mu Disitilukiti y'e Kabarole,14,0,0
15122,Category:Bannayuganda,14,0,0
15123,Akalulu ka Uganda aka 2026,0,0,0
15124,Q,0,1,0
15125,Category:Abantu abazaalibwa mu 1949,14,0,0
15126,Category:Baminisita b'Ebyobulambuzi mu Uganda,14,0,0
15127,Category:Ebifo ewazannyirwa omuzannyo gwa Cricket mu Uganda,14,0,0
15128,Category:Ebifo ewazannyirwa eby'emizannyo mu Uganda,14,0,0
15129,Category:Amalwaliro mu Disitulikiti ya Wakiso,14,0,0
15130,Jonathan Komagum,0,6,0
15131,Wasswa Amir Ssali,0,6,0
15132,Abdallah Kibet Mande,0,2,0
15133,Category:Obwakabaka bwa Uganda,14,0,0
15134,Category:Bannabyabufuzi abakyala mu Uganda mu kyasa 21,14,0,0
15135,Category:Abakyala abakiise mu Palamenti ya Uganda,14,0,0
15136,Category:Abantu okuva mu Disitulikiti y’e Isingiro,14,0,0
15137,Category:Amazalibwa ga 1962,14,0,0
15138,Category:Abaakiika mu Palamenti ya Uganda ey'omwenda,14,0,0
15139,Category:Abakyala abaakiika mu Palamenti ya Uganda,14,0,0
15140,Category:Abantu abazaalibwa mu 1977,14,0,0
15141,Category:Abantu abaafa mu 2024,14,0,0
15142,Category:Abantu abasibuka mu distitulikiti y'e Masindi,14,0,0
15143,Category:Abantu abali mu ggye ly'Eggwanga erya Uganda People's Defence Force,14,0,0
15144,Category:Bannabyabufuzi abali mu kibiina kya National Unity Platform,14,0,0
15145,Category:Abantu abasibuka e Bududa,14,0,0
15146,Category:Abantu abasomera ku Uganda Martyrs University,14,0,0
15147,Category:Abantu abaazalibwa mu 1965,14,0,0
15148,Category:Abazaalibwa mu Disitulikiti y'e Kumi,14,0,0
15149,Category:Bannabyabufuzi abali mu kibiina kya National Resistance Movement,14,0,0
15150,Category:Ababaka ba Paalamenti ya Uganda ey'ekkumi n'ebbiri,14,0,0
15151,Category:Ababaka mu kibiina kya National Unity Platform,14,0,0
15152,Rogers Semitala,0,8,0
15153,Yusuf Babu,0,8,0
15154,Ntege Musa,0,11,0
15155,Muzamir Semuddu,0,9,0
15156,David Onama,0,10,0
15157,Ponsiano Lwakataka,0,5,0
15158,Category:Abasambi b'omupiira okuva mu Kampala,14,0,0
15159,Category:Bannabyamizannyo ab'ekyasa kya 21,14,0,0
15160,Category:Bannabyamizannyo abanayuganda abali mu Australia,14,0,0
15161,Category:Abasambi b'omupiira abasajja abali mu Australia,14,0,0
15162,Category:Abasambi ba kiraabu ya Alabama A&M Bulldogs,14,0,0
15163,Category:Abasambi b'omupiira mu ggwanga abateebi,14,0,0
15164,Category:Abasambi ba Colorado Rapids,14,0,0
15165,Category:Abasambi ba Virginia Beach Mariners,14,0,0
15166,Category:Bannayuganda abakozi ba ffirimu,14,0,0
15167,Category:Abaazalibwa mu 1982,14,0,0
15168,Category:Bannayunda abazannyi ba ffirimu,14,0,0
15169,Category:Bannayuganda ab'ekyasa kya 21,14,0,0
15170,Category:Bannayanda akola ku ttivvi,14,0,0
15171,Category:1975 births,14,0,0
15172,Category:Abaazalibwa mu 1975,14,0,0
15173,Category:Bannayuganda abasajja abasambi b'omupiira gw'eggwanga,14,0,0
15174,Category:Ekibiina ekigatta abasambi b'omupiira abasajja,14,0,0
15175,Category:Abatendesi b'omupiira abasajja,14,0,0
15176,Category:Bannansi ba Somalia abatendesi b'omupiira,14,0,0
15177,Category:Bannansi ba Uganda abatendesi b'omupiira,14,0,0
15178,Category:Bannayuganda abakazi nga basambi ba mupiira,14,0,0
15179,Category:Abakazi abasambi mu Uganda omupiira,14,0,0
15180,Category:Abakazi abali mu by'emizannyo,14,0,0
15181,Category:1995 births,14,0,0
15182,Category:Abaazalibwa mu 1995,14,0,0
15183,Category:Bannayuganda abasajja abazannyi b'omupiira,14,0,0
15184,Category:Bannayuganda abazannyira ku ttiimu y'eggwanga,14,0,0
15185,Category:Bannayuganda abasuubuzi abasajja,14,0,0
15186,Category:Bannansi ba Sweden abasambi b'omupiira,14,0,0
15187,Category:Bannansi ba Sweden abaazalibwa e Uganda,14,0,0
15188,Category:Ekibiina ky'abasambi b'omupiira abateebi,14,0,0
15189,Category:Abazannyi ba ttiimu ya UPDF FC,14,0,0
15190,Category:Abazannyi ba ttiimu ya Vaxjo United,14,0,0
15191,Category:Abazannyi ba Umeå FC,14,0,0
15192,Category:Abazannyi ba FC Rosengård 1917,14,0,0
15193,Category:Abazannyi Carlstad United BK,14,0,0
15194,Category:Abazannyi ba Superettan,14,0,0
15195,Category:Abazannyi ba Ettan Fotboll,14,0,0
15196,Category:Abazannyi ba Sweden ab'ekyasa kya 21,14,0,0
15197,Category:Abazannyi ba Uganda ab'ekyasa kya 21,14,0,0
15198,Category:Ekkanisa ya Uganda,14,0,0
15199,Category:Ba Ssabalabirizi b'Ekkanisa ya Uganda,14,0,0
15200,Category:Abantu abasibuka mu Disitilukiti y'e Kabale,14,0,0
15201,Category:Bannabyabufuzi ab'ekibiina kya Forum for Democratic Change,14,0,0
15202,Category:Abantu abasibuka mu Disitulikiti y'e Masaka,14,0,0
15203,Category:Abantu abasibuka mu Disitulikiti y'e Ibanda,14,0,0
15204,Category:Bannayuganda abakozi mu bbanka,14,0,0
15205,Category:Abantu abaazalibwa mu 1977,14,0,0
15206,Category:Abayimbi okuva mu Kampala,14,0,0
15207,Category:Bannayuganda abayimbi abakyala ab'ekyala kya 21,14,0,0
15208,User:Doc James/Obulwadde bwa acromegaly,2,1,0
15209,Patrick Etolu,0,2,0
15210,Phillip Kiplimo,0,2,0
15211,Charles Dramiga,0,1,0
15212,Ayub Kalule,0,5,0
15213,Wilson Busienei,0,4,0
15214,"Abdulla Nasur, omusajja omulala",0,2,0
15215,Category:Ebifo ebirimu abantu abangi mu kampala,14,0,0
15216,Nateete,0,6,0
15217,Category:Busega,14,0,0
15218,Category:Emirirano gya kampala,14,0,0
15219,Category:Divizoni y'e Lubaga,14,0,0
15220,Umar Semata,0,9,0
15221,Yakobo Araptany,0,1,0
15222,"George Oywello, omuwandiisi w’ebitabo",0,4,0
15223,Jimmy Adar,0,4,1
15224,Mohammed Kayongo,0,5,0
15225,Enock Ssebaggala,0,8,0
15226,Michael Rapoport,0,5,0
15227,MediaWiki:Cite-tool-definition.json,8,0,0
15228,MediaWiki:Citoid-template-type-map.json,8,0,0
15229,"Michael Rapoport, omuwandiisi w’ebitabo",0,0,0
15230,Category:Abazalibwa mu 1949,14,0,0
15231,Category:Ababaka ba palamenti eyomunaana,14,0,0
15233,Category:National Resistance Movement,14,0,0
15234,Category:Ssabaminisita wa Uganda,14,0,0
15236,Category:Bannayuganda abakyala abazannyi ba ffirimu mu kyasa ekya 21,14,0,0
15237,Category:Bannayuganda abakyala abazannya komedi,14,0,0
15238,Category:Bannayuganda abakozesa omukutu gwa YouTube,14,0,0
15239,Category:Abantu abasibuka mu mu Bitundu by'Omubugwanjuba bwa Uganda,14,0,0
15240,Category:Abantu abava mu Disitulikiti y'e Rukiga,14,0,0
15241,Category:Abantu abaasomesebwa ku Bweranyangi Girls' Senior Secondary School,14,0,0
15242,Category:Bannayuganda abazannya katemba w'okusiteegi,14,0,0
15243,Category:Bannayuganda abawandiisi ab'ekyasa kya 21,14,0,0
15244,Obulwadde bwa Vitiligo(okwokyebwa abalongo),0,1,0
15245,"William Canby, omuwandiisi w’ebitabo",0,0,0
15246,Category:Bannayuganda bannabyamizannyo abasibuka mu buvanjuba bwa Uganda,14,0,0
15247,Busega,0,6,1
15250,Lubaga Division,0,0,0
15253,Category:Dision y'e Lubaga,14,0,0
15254,Category:Ebibuga ebiriranye Kampala,14,0,0
15255,Template:Cite news/doc,10,25,0
15256,User talk:Charles Kalanzi,3,1,0
15257,Category:Abaasomera ku Yunivasite y'e By'ensoma (Reading),14,0,0
15258,Category:Abaazaalibwa mu 1939,14,0,0
15259,Category:Abantu abasibuka mu Disitulikiti y'e Busia,14,0,0
15260,Category:Abaasomera ku Ttendekero lya Harvard,14,0,0
15261,Category:Abaafa ekilwadde kya COVID-19 mu Uganda,14,0,0
15263,Category:Baminisita b'e Byempuliziganya mu Uganda,14,0,0
15264,Category:Amawanga agasangibwa ku Ssemazinga wa Africa,14,0,0
15265,Category:Amawanga agasangibwa mu Buvanjuba bwa Africa,14,0,0
15266,Category:Amawanga ag'etaba mu mpaka za Commonwealth,14,0,0
15267,Category:Bassekabaka,14,0,0
15268,Category:Kabaka,14,0,0
15269,Category:Abalangira,14,0,0
15270,Category:Abaazaalibwa mu 1945,14,0,0
15271,Category:Abaafa mu 1987,14,0,0
15272,Category:Abaasomerako mu Southern IIlinois University,14,0,0
15273,Category:Abaasomerako mu University at Albany,14,0,0
15274,Category:Abattibwa n'emmundu mu Uganda,14,0,0
15275,Category:Abantu abattibwa mu Uganda,14,0,0
15276,Category:Abantu b'omu lutalo lwa Ugnada olw'omu nsiko,14,0,0
15277,Yokaana Maviiri,0,0,0
15278,Category:Abazaalwa mu 1981,14,0,0
15279,Category:Kiraabu z'omupiira gw'ebigere mu Uganda,14,0,0
15280,Category:Omupiira mu Uganda,14,0,0
15281,Category:Kiraabu ezikolagana n'ekibiina ekidukanya omuzannyo gw'omupiira mu Uganda,14,0,0
15284,Category:Ebyatandikibwawo mu 2017,14,0,0
15285,Category:Emikutu gya ttiivi n'ebitebe byazo ebikulu ebyatandikibwawo mu 2017,14,0,0
15286,Category:Emikutu gya ttiivi mu Uganda,14,0,0
15287,Template:John Maviiri,10,0,0
15288,Template talk:John Maviiri,11,0,0
15289,Category:Banigeria abakugu mu byenfuna,14,0,0
15290,Category:Banigeria abakyala abakulira ebitongole,14,0,0
15291,Category:Banigeria abakolera mu Amerika,14,0,0
15292,Category:Banigerria abakolera mu Bungereza,14,0,0
15293,Category:Abaasomerako ku Northwestern University,14,0,0
15294,Category:Abasuubuzi abasibuka mu Lagos,14,0,0
15295,Category:Abantu abaazalibwa mu 1946,14,0,0
15296,Category:Abantu abasibuka mu Disitulikiti y'e Gulu,14,0,0
15297,Category:Bannayuganda abazaalisa,14,0,0
15298,Category:Bannayuganda abalwanirizi b'eddembe ly'obuntu,14,0,0
15299,"Wilson Busienei, omuwandiisi w’ebitabo",0,0,0
15300,Category:Bamaneja ba ttiimu y'omupiira ey'eggwanga lya Uganda,14,0,0
15301,Category:Bannayuganda abazanyi ba firimu abasajja,14,0,0
15302,Category:Abantu abazaalibwa mu 1990,14,0,0
15303,Category:Ebyatandikibwawo mu Bungereza mu 1922,14,0,0
15304,Category:Obuweereza bw'amawulire mu nnimi ez'enjawulo,14,0,0
15305,Category:Amawulire ku ttivvi mu Bungereza,14,0,0
15306,Category:Ebitongole bya BBC,14,0,0
15307,Category:Abawanguzi b'awaadi za Peabody Awards,14,0,0
15308,Category:Abawanguzi b'awaadi za International Emmy Awards Current Affairs & News,14,0,0
15309,Category:Obuweereza bwa Tor Onion Services,14,0,0
15310,Category:Emikutu gya YouTube egyatongozebwa mu 2006,14,0,0
15311,Category:Baminisita b'Ebyentambula mu Uganda,14,0,0
15312,Category:Abaazaalibwa mu 1963,14,0,0
15313,Category:Abaasomera ku Yunivasite y'e Kyambogo,14,0,0
15314,Category:Abantu abasibuka mu Disitulikiti y'e Mayuge,14,0,0
15315,Category:Bannabyabufuzi abasibuka mu kitundu ky'Obuvanjuba bwa Uganda,14,0,0
15316,"Alamara Nhassé, munnabyabufuzi",0,0,0
15317,Category:Date of birth unknown,14,0,0
15318,Category:Ennaku z'omwozi ze yazaalibwako tezimanyiddwa,14,0,0
15319,Category:Oboolyawo abantu abalamu,14,0,0
15320,Category:Abazannyi ba cricket mu Uganda,14,0,0
15321,Category:Abazannyi ba cricket mu East Africa,14,0,0
15322,Category:Bannayuganda ababundabunda,14,0,0
15323,Category:Bannayuganda abasibuka mu Goan,14,0,0
15324,Category:Amagombolola g’e Missouri,14,0,0
15325,"Category:Missouri, United States",14,0,0
15326,Category:Ebifo ebisangibwa mu Missouri,14,0,0
15327,Category:Missouri,14,0,0
15328,Category:Abaazalibwa mu 1985,14,0,0
15329,Category:Abayimbi abakyala mu Uganda mu kyasa 21,14,0,0
15330,Category:Kumusha,14,0,0
15331,Category:Abazaalibwa mu 1928,14,0,0
15332,Category:Abaafa mu1973,14,0,0
15333,Category:Abasosodooti ba Roman Catholic mu Uganda,14,0,0
15334,Category:Bannamawulire ba Uganda,14,0,0
15335,Category:Bannayuganda abattiddwa,14,0,0
15336,Category:Abantu okuva mu Disitulikiti y'e Masaka,14,0,0
15337,Category:Bafaaza Abakatuliki ab’omu kyasa eky’amakumi abiri,14,0,0
15338,Category:Abantu battiddwa mu Uganda,14,0,0
15339,Category:Abantu abatemuddwa mu Uganda,14,0,0
15340,Category:Eklezia Katolika mu Uganda,14,0,0
15341,Category:Bannayuganda abalwanirira eddembe ly'obuntu,14,0,0
15342,Category:Gynandra,14,0,0
15343,Category:Rosids ow’e Australia,14,0,0
15344,Category:Ebimera ebyogerwako mu 1753,14,0,0
15345,Category:Ebika by’ebimera ebyatuumibwa erinnya Carl Linnaeus,14,0,0
15346,Category:Ebimera ebiri mu bizinga bya Ashmore ne Cartier,14,0,0
15347,Category:Enva endiirwa ez’amakoola,14,0,0
15348,Category:Enva endiirwa z’omu Asia,14,0,0
15349,Category:Abayimbi abasajja Bannayuganda,14,0,0
15350,Category:Abayimbi Bannayuganda,14,0,0
15351,Category:Abaazaalibwa mu 1957,14,0,0
15352,Category:Bannabyabufuzi abasibuka e Guinean-Bissau,14,0,0
15353,Alebtong District,0,8,1
15354,Rwot Akana,0,0,0
15355,Category:Amazina ga b'Acholi,14,0,0
15356,Category:Amazina g'abantu mu Afrika,14,0,0
15357,Category:Amazina mu Uganda,14,0,0
15359,Category:Disitulikiti y'e Alebtong,14,0,0
15360,Category:Ebifo abantu mwe babeera mu Bukiikakkono bwa Uganda,14,0,0
15361,User:NKINZIK MARIE,2,0,0
15362,Category:Abaazalibwa mu 1954,14,0,0
15363,Category:Bannabyabufuzi aba National Resistance Movement,14,0,0
15364,Category:Abajaasi ba Uganda,14,0,0
15365,"Category:Bannabyabufuzi okuva mu Western Region, Uganda",14,0,0
15366,Category:Abaaliwo mu ssomero lya Naval Postgraduate School,14,0,0
15367,Category:Abakiise mu Palamenti ya Uganda ey'omunaana,14,0,0
15368,Category:Abakiise mu Palamenti ya Uganda ey'ekkumi,14,0,0
15369,Category:Abakiise mu Palamenti ya Uganda ey'ekkumi n'emu,14,0,0
15370,Category:Abakiise mu Palamenti ya Uganda ey'omwenda,14,0,0
15371,Category:Abantu abaasomera ku ssomero lya Mbarara High School,14,0,0
15372,David Kabanda,0,4,0
15373,Category:Abantu abasibuka mu Disitulikiti y'e Mubende,14,0,0
15374,Category:Bannabyabufuzi ab'ekibiina kya National Resistance Movement,14,0,0
15375,Category:Bannabyabufuzi ba National Resistance Movement,14,0,0
15376,Category:Ba mmemba palamenti ya Uganda Ey'ekkumi,14,0,0
15377,Category:Ba mmemba ba palamenti ya Uganda abakyala,14,0,0
15378,Category:Abantu abava mu Disitulikiti y'e Alebtong,14,0,0
15379,Category:Ekitundu ky'Obukiikakkono bwa Uganda,14,0,0
15380,Category:Bannayuganda abakazi bannabyabufuzi ab'ekyasa kyabiri mwekimu,14,0,0
15381,Category:Disitulikiti y'e Kyankwanzi,14,0,0
15382,Category:Ba mmemba ba palamenti ya Uganda Ey'ekkumineemu,14,0,0
15383,Category:Ba mmemba ba palamenti ya Uganda abakazi,14,0,0
15384,Category:Bannayuganda Abakazi bannabyabufuzi ab'ekyasa kyabirimwekimu,14,0,0
15385,Category:Bannayuganda abakazi abawandiisi eb'ekyasa kyabirimwekimu,14,0,0
15386,Category:Bannayuganda abalwanirizi b'eddembe ly'abakyala,14,0,0
15387,Category:Obukiikadkkono bwa Uganda,14,0,0
15388,Category:Disitulikiti ya pader,14,0,0
15389,Category:Disitulikiti ya kitgum,14,0,0
15390,Category:Pages with non-numeric formatnum arguments,14,0,0
15391,Internally displaced person,0,0,0
15392,Agago District,0,0,0
15400,East Africa Time,0,0,0
15401,Coordinated Universal Time,0,0,0
15402,Category:Abaazalibwa mu 1998,14,0,0
15403,Category:Abaafa mu 2026,14,0,0
15404,Category:Bannabyamizannyo abannayuganda ab'ekyasa kya 21,14,0,0
15405,Category:Abafudde oluvannyuma lw'okukubwa,14,0,0
15406,Category:Abasajja abazibizi mu mupiira gwa Uganda,14,0,0
15407,Category:Abantu abava e Tororo,14,0,0
15408,Category:Abazannyi ba SC Villa,14,0,0
15409,Category:Bannayuganda abasambira mu liigi ya Uganda eyababinywera,14,0,0
15410,Category:Bannayuganda bafudde olw'okutemulwa,14,0,0
15411,"Allan Okello, Muzannyi wa Mupiira",0,0,0
15412,Category:Ekibuga ky'e Lira,14,0,0
15413,Category:Abazannyi ba Young Africans SC,14,0,0
15414,Category:Lango,14,0,0
15415,Category:Abazannyi ba liigi ya Uganda eyababinywera,14,0,0
15416,Category:Abazannyi abeetaba mu mpaka za 2025 ezivuganyizibwaamu amanwaga g'okulukalu lwa Afrika,14,0,0
15417,Category:Abantu bannabyamizannyo abava mu Bitundu by'Omubikiika kkono bwa Uganda,14,0,0
15418,Category:Abasajja Abannayuganda abasambira ku ttiimu y'eggwanga,14,0,0
15419,Category:Abasajja abazannya ng'abawuwuttanyi mu mupiira gwa Uganda,14,0,0
15420,Category:Abaazaalibwa mu 2000,14,0,0
15421,Category:Abasambi ba kiraabu ya Kampala Capital City Authority FC,14,0,0
15422,Category:Abantu abava mu Disitulikti y'e Lira,14,0,0
15423,Category:Bannayuganda bannabyamizannyo ab'ekyasa kya 21,14,0,0
15424,Category:Abateebi abasajja abasamba omupiira mu ggwanga,14,0,0
15425,Category:Abazannyi ba Liigi ya Uganda eyababinywera,14,0,0
15426,Category:Bannayuganda abasajja abasamba omupiira ku ttiimu y'eggwanga,14,0,0
15427,Category:Abazannyi abeetaba mu mpaka za 2025 ez'ekikopo eziwakanirwa amawanga g'okulukalu lwa Afrika,14,0,0
15428,Josephine Pedun ye muwandiisi w’ebitabo,0,0,0
15429,"Ahmed Attoumani Douchina,munnabyabufuzi",0,0,0
15430,Kookolo w’ekibumba,0,1,0
15431,Category:Abaazaalibwa mu 1967,14,0,0
15432,Category:Abantu abava mu Disitulikiti y'e Moyo,14,0,0
15433,Category:Abantu Abamadi,14,0,0
15434,Category:Bannayuganda Akakulisitaayo,14,0,0
15435,Category:Abamyuka b'abakulu ba yunivasite mu Uganda,14,0,0
15436,Category:Bannayuganda abakyala abayivu abasibuka mu Disitulikiti y'e Moyo,14,0,0
15437,Category:Abantu abasibuka mu Kitundu kya West Nile,14,0,0
15438,Category:Bannakibiina kya Uganda National Academy of Sciences,14,0,0
15439,Category:Bannayuganda bannasayansi ab'ekyasa kyabiri mwekimu,14,0,0
15440,Category:Abakozi ku ludda lw'ebyenjigiriza ku Ssettendekero wa Makerere,14,0,0
15441,Category:Abaafa mu 2022,14,0,0
15443,Category:Abantu abaasomerako ku Trinity College Nabbingo,14,0,0
15444,Category:Abaasomerako ku University of Dar es Salaam,14,0,0
15445,Category:Abaasomerako ku Queen's University Belfast,14,0,0
15446,Nyanzi Martin Luther,0,4,0
15447,User talk:Denis kasozi,3,1,1
15448,Kaka Lubega Ismail Uthuman,0,3,0
15449,Charles Olaro,0,3,0
15450,Category:Abantu abasibuka mu Disitulikiti y'e Ngora,14,0,0
15451,Category:Ebikwata ku bulamu bwa cricket mu Afrika,14,0,0
15452,Category:Bannayuganda abasibuka mu Buyindi,14,0,0
15453,Category:Abayindi abasenguka mu Uganda,14,0,0
15454,Category:Abazaalibwa mu 1974,14,0,0
15455,User:CeylonChingu/Okusalako omusuwa gw’omusuwa,2,1,0
15456,Patrick Bernard Ogwel,0,4,0
15457,Category:Abantu abaasomerako ku ttendekero lya Kampala International University,14,0,0
15458,Category:Bannayuganda abazannyi b'omupiira abami,14,0,0
15459,Herbert Edmund Ariko,0,3,0
15460,Category:Abantu abazaalibwa mu 1975,14,0,0
15461,Category:Abantu abasibuka mu Disitulikiti y'e Soroti,14,0,0
15462,User talk:Ssebuufu,3,1,0
15463,User talk:NKINZIK MARIE,3,1,0
15464,Category:Abaazaalibwa mu 1949,14,0,0
15465,Category:Abantu abasibuka mu Disitulikiti y'e Kanungu,14,0,0
15466,Category:Abawaabi ba Gavumenti ya Uganda,14,0,0
15467,Category:Abaasomera ku Ssomero lya Ntare,14,0,0
15468,9998 (ennamba),0,0,0
15470,Category:Abantu abaasomerako ku Law Development Centre,14,0,0
15471,Category:Bannamateeka abawereza ku Kooti enkulu,14,0,0
15472,Da Agent,0,0,0
15473,Category:Abalabirizi be kanisa ya Anglican mu Uganda,14,0,0
15474,Category:Abaafa mu 2012,14,0,0
15475,Category:Abalabirizi be kanisa ya Anglican mu Bukiikakkono bwa Uganda,14,0,0
15476,Category:Abaasomera ku Uganda Christian University,14,0,0
15477,Category:Abantu abava mu Disitulikiti y’e Amuru,14,0,0
15478,Draft/Tondism Faith,0,8,0
15479,Olukalala lw'enguudo mu Uganda,0,4,0
15480,Category:Disitulikiti y’e Pader,14,0,0
15481,Category:Ebifo ebirimu abantu mu Bukiikakkono bwa Uganda,14,0,0
15482,Category:Ebibuga ebiri mu kiwonvu kya Great Rift,14,0,0
15483,Category:Disitulikiti y'e Amolatar,14,0,0
15484,User:CeylonChingu/Obulwadde bwa Parkinson,2,1,0
15485,"User:Aikiriza Justus/Quinine, eddagala eriweweeza ku bulwadde",2,1,0
15486,Module:Italic title,828,0,0
15487,Template:Infobox settlement/doc,10,5,0
15488,Template:Infobox organization,10,0,1
15489,Template:Infobox organization/doc,10,5,0
15490,Template:Infobox event,10,0,1
15491,Template:Infobox event/doc,10,5,0
15492,Template:Taxobox,10,0,1
15493,Template:Taxobox/doc,10,5,0
15494,Pamba,0,1,1
15495,Category:Pamba,14,0,0
15496,Amolatar District,0,9,1
15497,User talk:Tumbuka Arch,3,0,0
15498,Template:Talk page,10,0,1
15499,Template:Talk header/styles.css,10,0,0
15500,Template:Yearly archive list,10,0,0
15501,Template:Yearly archive list/display,10,0,0
15502,Template:Ifexist not redirect,10,0,0
15503,Joanita Zachariassen,0,8,0
15504,Mariya Gabriel,0,0,0
15505,Category:Abaali basomedde ku Makerere University,14,0,0
15506,Category:Ba mmemba ba palamenti ya Uganda ey'omunaana,14,0,0
15507,Category:Ba minisita ba gavumenti ya Uganda,14,0,0
15508,Category:Bannayuganda abavuzi b'ennyonyi,14,0,0
15509,Category:Abaasomerako ku Nkumba University,14,0,0
15510,Category:Abantu abasibuka mu Kitundu ky'obuvanjuba bwa Uganda,14,0,0
15511,Category:Abaasomerako ku Western Sydney University,14,0,0
15513,Category:Abaazaalibwa mu 1962,14,0,0
15514,Category:Amasaza ga Buganda,14,0,0
15515,Category:Disitulikiti y'e Masaka,14,0,0
15516,Category:Ekitundu ky'Amasekkati ga Uganda,14,0,0
15517,Category:Ennyanja Nalubaale,14,0,0
15518,Tina Wamala,0,0,0
15519,Category:Abaasomera ku Kyambogo University,14,0,0
15520,Category:Abantu abava nu Kampala,14,0,0
15521,Category:Abazaalibwa mu 1979,14,0,0
15522,Category:Ababaka ba Paalamenti ya Bulgaria abakyala,14,0,0
15523,Category:Ababaka ba Paalamenti ya Bulgaria 2014-2019,14,0,0
15524,Category:Abakungu ba UNESCO,14,0,0
15525,Category:Ba minisita ba Bulgaria abakyala,14,0,0
15526,Category:Amatendekero aga waggulu mu Uganda,14,0,0
15527,User:Nakanwagi Justine,2,0,0
15528,Category:Disitulikiti za Uganda,14,0,0
15529,Category:Obukiikakkono bwa Uganda,14,0,0
15530,Category:Enyanja kyoga,14,0,0
15531,Category:Disitulikitu y'e Alebtong,14,0,0
15532,Pader (disitulikit),0,0,0
15533,Ggaba,0,11,3
15534,Acan Joyce Okeny,0,0,0
15535,Mercy Faith Lakisa,0,0,0
15536,Patrick Ogwang Obura,0,0,0
15537,Robert Ssewagudde,0,0,0
15538,Category:Bannayuganda abaliko obulemu,14,0,0
15540,Oyam District,0,8,1
15541,User:Watisoni Banda,2,0,0
15542,Category:Paalamenti ya Uganda,14,0,0
15543,Palamenti ya Uganda,0,0,0
15544,Ekitebe ky'eggaali y'omukka ekya Uganda Railway Museum,0,0,3
15545,Category:Paalamenti ya Uganda ey'omusanvu,14,0,0
15546,Category:Essiga Eddamuzi mu Uganda,14,0,0
15547,Category:Abalamuzi ba Uganda,14,0,0
15548,Category:Bannamateeka ba Uganda,14,0,0
15549,Category:Baminisita ba Uganda,14,0,0
15550,Category:Kabineeti ya Uganda,14,0,0
15551,Benjamin Kumumanya,0,4,0
15552,Category:Bannayuganda abakozi ba gavumenti,14,0,0
15553,Samuel Mwandha,0,5,0
15554,Geofrey Arinaitwe,0,5,0
15555,Sudi Nangoli,0,5,0
15556,B2C Soldiers,0,0,0
15557,Andrew G. Naimanye,0,5,0
15558,Obulwadde bwa Autism,0,1,0
15559,Obulwadde bwa Kamuli,0,2,0
15560,Category:Abakyala Bannayuganda abaweereza ku ttivi,14,0,0
15561,James Okello,0,6,0
15562,Category:Olulyo Olulangira,14,0,0
15563,Obote Clement Kenneth,0,4,0
15564,Category:Obwakabaka bwa Buganda,14,0,0
15565,Category:Kabaka Ronald Muwenda Mutebi II,14,0,0
15566,Category:Kabaka wa Buganda,14,0,0
15567,Category:Bassekabaka ba Buganda,14,0,0
15568,Category:Abalangira ba Buganda,14,0,0
15569,David Kasura Kyomukama,0,5,0
15570,Category:Abambejja ba Buganda,14,0,0
15571,Category:Abantu abazaalibwa mu 1945,14,0,0
15572,Category:Obukulembeze bwa Buganda,14,0,0
15573,Category:Ebyafaayo bya Buganda,14,0,0
15574,Category:Ebitundu bya Uganda eby'enjawulo,14,0,0
15575,Category:Obuwangwa bw'Abaganda,14,0,0
15576,Category:Emikolo gy'Abaganda,14,0,0
15577,Category:Ennyimba n'amazina,14,0,0
15578,Category:Amazina g'Abaganda,14,0,0
15579,Category:Emmere y'Abaganda,14,0,0
15580,Category:Ennyambala y'Abaganda,14,0,0
15581,Category:Abantu ba Buganda,14,0,0
15582,Category:Bannabyabufuzi b'e Buganda,14,0,0
15583,Category:Abayimbi b'e Buganda,14,0,0
15584,Category:Ebitundu bya Buganda,14,0,0
15585,Category:Obusika bwa Buganda,14,0,0
15586,Category:Amasiro ga Bassekabaka,14,0,0
15587,Category:Ebifo eby'obuwangwa,14,0,0
15588,Category:Eddiini mu Buganda,14,0,0
15589,Category:Abajulizi ba Uganda,14,0,0
15590,Category:Abasajja Abaganda,14,0,0
15591,Category:Ebika by'Abaganda,14,0,0
15592,Category:Bakatikkiro ba Buganda,14,0,0
15593,Okaasai Sidronius Opolot,0,4,0
15594,William Omaria Lo Arapai,0,4,0
15595,User talk:Evelynemwes,3,1,1
15596,Category:Omuzannyo gw'Ebikonde mu Uganda,14,0,0
15597,Category:Emizannyo mu Uganda,14,0,0
15598,Category:Amagye ga Uganda,14,0,0
15599,Category:Ebyokwerinda n'obutebenkevu mu Uganda,14,0,0
15600,Category:Poliisi ya Uganda,14,0,0
15601,Obulwadde bwa kabootongo,0,1,0
15602,Asaba Jumah,0,14,0
15603,John Sentamu,0,20,3
15604,Kole District,0,8,0
15605,Oscar Chelimo,0,6,0
15606,World Athletics,0,0,0
15607,2017 IAAF World U18 Championships,0,0,0
15608,Category:Abaddusi b'misinde emiwanvu,14,0,0
15609,Category:Abazaalibwa mu 2001,14,0,0
15610,Category:Abaddusi b'emisinde mu Uganda,14,0,0
15611,Category:Abazanyi bemizannyo mu Uganda,14,0,0
15612,The Observer (Uganda),0,0,0
15613,Kawowo Sports,0,0,0
15614,Category:Abazannyi bemizannyo mu kampala,14,0,0
15615,Charles Dundas (Omufuzi w'ettwale),0,9,0
15616,Category:Abantu abaafa mu 1956,14,0,0
15617,Category:Abantu abaazalibwa mu 1884,14,0,0
15618,Category:Ba Gavana ba Uganda,14,0,0
15619,William Banage,0,4,0
15620,Category:Abantu abaazalibwa mu 1933,14,0,0
15621,Joshua Karamagi,0,5,0
15623,Category:Bannayuganda ababalirizi b'ebitabo,14,0,0
15624,Category:Abaazaalibwa mu 1980,14,0,0
15625,Echodu David Calvin,0,5,0
15626,Category:Abantu abazaalibwa mu 1973,14,0,0
15627,Category:Abazanyi b'omupiira mu Kampala,14,0,0
15628,Category:Abazanyi ba FC aba kampala Capital CIty Authority,14,0,0
15629,Category:Abazaalwa1995,14,0,0
15630,Category:Abaazaalibwa mu1979,14,0,0
15631,Category:Ekyaasa kyabakyaala Banamateekaekya 21,14,0,0
15632,Category:Abazaalibwa mu 1982,14,0,0
15633,Category:Ababaka ba paliyamenti ya Uganda Eyomwenda 9th,14,0,0
15634,Category:Ababaka ba Paliyamenti Ya Uganda Abakyaala,14,0,0
15635,Peter Onzia Chandia,0,4,0
15636,David Nahamya,0,3,0
15637,Category:Abantu abaasomerako ku Uganda Management Institute,14,0,0
15638,Category:Bannayuganda abasawo abakugu,14,0,0
15639,Category:Abantu abaasomerako ku yunivasite y'e Cape Town,14,0,0
15640,Category:Abantu abaasomerako ku yunivasite y'e Havana,14,0,0
15641,Benson Turamye,0,4,0
15642,Category:Abaafa 2022,14,0,0
15643,Category:Abazaalibwa mu 1965,14,0,0
15644,Category:Abakubiriza benkiiko za paliamenti mu Uganda,14,0,0
15645,Category:Abamyuka babakubiriza benkiiko mu Paliament ya Uganda,14,0,0
15646,Category:Abantu okuva mu Mukono Disturikiti,14,0,0
15647,Category:Abazaalibwa 1979,14,0,0
15648,Category:Banamawurire baterefayina abakyaaal ba Uganda,14,0,0
15649,Category:Banabyabufuzi abakyaala abekyasa kya 20 mu Uganda,14,0,0
15650,Joseph Gonzaga Ssewungu,0,3,0
15651,Category:Abantu abazaalibwa mu 1969,14,0,0
15652,Julius Victor Nkeramihigo,0,3,0
15653,Robert Mukiza,0,5,0
15654,Category:Abantu abazaalibwa mu 1979,14,0,0
15655,Tofiri Kibuuka,0,0,0
15656,Category:Ba models ba Uganda,14,0,0
15657,Category:Abaasomera ku yunivasite ye Makerere,14,0,0
15658,Category:Abazalibwa mu 1946,14,0,0
15659,Category:Abantu ba Uganda stubs,14,0,0
15660,Category:Abavuganya ku bwa Nnalulungi wa Uganda,14,0,0
15661,Category:Abavuganya mu mpaka z'obwannalulungi mu Uganda,14,0,0
15662,Category:Abawanguzi b'empaka z'obwannalulungi mu Uganda,14,0,0
15663,Category:Ababaka ba Miss World 1968,14,0,0
15664,Category:Abazaalibwa mu 1952,14,0,0
15665,Category:Abazaalibwa mu 1937,14,0,0
15666,Rukidi IV owa Tooro,0,8,0
15667,John Bosco Tumusiime Bamuturaki,0,3,0
15668,Aziz Kalungi Kasujja,0,5,0
15669,Category:Abantu abazaalibwa mu 1939,14,0,0
15670,Category:Abantu abaafa mu 2016,14,0,0
15671,Julius Mutekanga,0,0,0
15672,Dokolo District,0,8,0
15673,Stephen Besweri Akabway,0,4,0
15674,Category:Abantu abaasomerako ku ssomero lya Ntare,14,0,0
15675,Category:Abantu abaazalibwa mu 1941,14,0,0
15676,Akbar Adoko Nekyon,0,6,0
15677,Category:Abantu abaafa mu 2018,14,0,0
15678,Category:Abantu abazaalibwa mu 1931,14,0,0
15679,"Otto Vincent Lange, omuwandiisi w’ebitabo",0,1,0
15680,Barirega Akankwasah,0,4,0
15681,Category:Bannayuganda abakuumi b'obutonde bwensi,14,0,0
15682,James Nkamwesiga Kasigwa,0,4,0
15683,Jaimie Omalla,0,0,0
15684,Dan Kibet,0,0,0
15685,John Wycliffe Lwamafa,0,4,0
15686,Daniel Nokrach Odongo,0,4,0
15687,David Muhoozi,0,5,1
15688,Template:S-start,10,0,0
15689,Template:S-start/doc,10,28,0
15690,Template:Overline,10,0,0
