page_id,title,gender,date_of_birth
1553,Amerika,Unknown,
2273,Napooleon Bonapat,Unknown,
2643,Enkima,Unknown,
2784,2,Unknown,
2795,40 (ennamba),Unknown,
2892,25 (ennamba),Unknown,
2927,44,Unknown,
2997,Kenya,Female,
3032,Elysion,Unknown,
3075,Essiga lya Kagolo,Male,
3124,Jens Galschiøt,Unknown,
3126,Pillar of shame (Empagi yo Buswavu),Unknown,
3127,My Inner Beast,Unknown,
3129,Survival of the Fattest (okunyigiriza Kwa Nagwano),Unknown,
3131,The hunger march(Olukumba lwo muyala),Unknown,
3136,In the name of God (Mulinnya lya Katonda),Unknown,
3137,SevenMeters (Mitta Musanvu),Unknown,
3140,The Color Orange (Langi Ya Kakyungwa),Male,
3189,Gallery Galschiøt,Unknown,
3560,User:Mbazzivillage/endowooza y'omuntu,Unknown,
3561,Endowooza y'omuntu,Unknown,
3568,Enkoko,Unknown,
3584,Wikipedia,Unknown,
3587,Siriimu,Male,
3588,Vakisini ya Siriimu,Unknown,
3591,Seroconversion,Unknown,
3603,User talk:Joyce Nanjobe Kawooya,Unknown,
3608,Michael Ezra,Unknown,
3614,User talk:Kitakapeter,Unknown,
3629,Okwekulakulanya,Unknown,
3631,ENTOBAZI,Unknown,
3632,Okukola obulimiro obutono,Female,
3634,Okukuuma obutonde bw'ensi,Unknown,
3637,Ffene,Unknown,
3653,Tewekubagiza,Unknown,
3660,User:Kikanja john baptist,Unknown,
3666,User:Kikanja john baptist/sandbox,Unknown,
3693,Sung Jae-gi,Male,
3694,Adolf Hitler,Female,Ogwokuna 20 1889
3695,Empisa,Unknown,
3733,ENKOKO:EBIKA,Unknown,
3736,User:Kiriggwajjo Anatole Jesero,Male,
3769,OMUGASO,Unknown,
3770,OKUBUULILILA,Unknown,
3778,Tanzania,Unknown,
3783,User:Kibalama george william/sandbox (3),Male,
3784,Entegeka y'ezade,Male,
3826,OKUMEZESA ENDOKWA Z'EMITI N'OKUZIRABIRIRA,Unknown,
3851,Matoke,Unknown,
3969,EBYAFAAYO BYA MBAZZI,Male,
4039,EBYEWUNYISA KU MUSAJJA MUKASA MIKE,Male,
4042,Boda-boda,Unknown,
4044,OKUKUUMA OBUTONDE BWENSI NGA TUKEKKEREZAEBIFUMBISIBWA,Unknown,
4046,Silimu,Unknown,
4049,Omulimi Owedda n'owaleero,Unknown,
4054,EMIPIIRA EMIKADDE BAKOLAMU EBINTU BINGI,Unknown,
4059,OMWENGE NA KABI KAGWO,Male,
4064,"Enkwa Ebivu, n’ebiwuka ebirala by’ewale awamu n’endwadde zebireeta ku Ddundiro lyo",Unknown,
4068,"ENTOBAZI N’EMIRIMU, N’EMIGASO GYAAZO",Unknown,
4078,Okukongola kasooli,Unknown,
4097,User:Kyaligonza JohnBosco,Male,
4099,Kalandalugo,Unknown,
4101,User talk:Kyaligonza JohnBosco,Unknown,
4111,Olutobazi nabajjuzi,Unknown,
4115,Nzikiriza ey'eNicea,Unknown,
4116,Nzikiriza y'Abatume,Unknown,
4127,Kizito omuto omujulizi omutuukirivu,Male,
4128,Omuwala enteeka,Unknown,
4147,Afirika,Female,
4182,OMUNTU OMUBAKA,Male,
4221,Omubi atavaawo,Unknown,
4222,Ekitibwa kya Daudi Ccwa,Unknown,
4237,Zibugo ne Nkubansi,Unknown,
4243,Ekitibwa kya Dokita M.B.Nsimbi,Unknown,
4250,Ekigere,Male,
4267,Ekajolyanjovu,Unknown,
4297,Embalabe,Unknown,
4352,ENKOZESA YOMULURUUZA,Unknown,
4375,Amabwa wakati wenjala,Unknown,
4390,Enkaka,Unknown,
4397,User:Wasswa Benedict/sandbox,Unknown,
4400,User:Ssenyondo/sandbox,Unknown,
4403,Sekamu,Unknown,
4451,Ssebwana,Unknown,
4517,Buvuma (disitulikit),Female,
4537,Wakiso (disitulikit),Unknown,
4542,Bukedea (disitulikit),Female,
4548,Iganga (disitulikit),Female,
4552,Kamuli (disitulikit),Female,
4558,Luuka (disitulikit),Female,
4559,Manafwa (disitulikit),Unknown,
4560,Mayuge (disitulikit),Female,
4562,Namayingo (disitulikit),Male,
4566,Serere (disitulikit),Female,
4568,Soroti (disitulikit),Female,
4573,Agago (disitulikit),Female,
4581,Gulu (disitulikit),Unknown,
4583,Kitgum (disitulikit),Unknown,
4594,Nebbi (disitulikit),Male,
4596,Otuke (disitulikit),Female,
4598,Pader District,Unknown,
4615,Kiruhura (disitulikit),Unknown,
5128,User:Nalumansi tinah,Unknown,
5156,Apac,Unknown,
5491,Geoffrey Oryema,Unknown,
5497,Embeera y’emigga n’ebiibira,Unknown,
5499,Emigaso gy’entobazi,Unknown,
5541,Kaberamaido,Female,
5563,Kanungu,Female,
5565,Kamwenge,Female,
5595,Yumbe,Female,
5609,Sironko,Female,
5626,Rukungiri,Female,
5645,Bobi Wine,Female,Ogwokubiri 12 1982
5652,Kapchorwa,Unknown,
5688,Rwanda,Male,
5700,Zambia,Male,
5721,Kayunga,Female,
5732,Kiboga,Female,
5756,Kireka,Unknown,
5829,User talk:ANAKYAGA,Unknown,
5831,Okucaafuwaza Amazzi,Unknown,
5833,Ennima ey'obutonde,Unknown,
5835,Ttiimu y’omupiira eya Kampala City Council Football Club,Unknown,
5852,Okuva (Motion),Male,
5853,Obuwangaaliro( Environment),Male,
5860,Entunnunsi,Unknown,
5862,ENNYANGUYIRIZI(MACHINE),Unknown,
5866,Essomabuzaale,Unknown,
5869,Empalirizo(Force),Unknown,
5901,Endwadde z'Ekikaba,Female,
5902,Omwenkanonkano,Female,
5907,Okuyimbulukuka,Unknown,
5908,Okutya,Unknown,
5909,Ebigendererwa by’ensi eby’enkulakulana,Male,
5911,Enkulaakulana eyannamaddala,Unknown,
5915,Ebiramu eby’enjawulo,Unknown,
5916,Okukendeeza ku katyabaga k’ebigwawo nnamuzisa,Unknown,
5929,Engeri ebintu ebiramu gye byebeezaawo,Unknown,
5932,Obuwangwa,Unknown,
5934,Obulimi obuyimirizikawo,Unknown,
5944,Ensibuko y'Ebikula(the origin of species),Unknown,
5971,Ebitontome bya Charles Muwanga ebya Sayansi,Unknown,
5972,Amasoboza mu Mubiri (Energy in the body),Unknown,
5984,Ekikuubagano(Fiction),Unknown,
5985,Ekikuubagano(Friction),Unknown,
5990,Akaziba ka ayidologyeni (hydrogen atom),Unknown,
6013,Obuziba(atoms),Unknown,
6016,Obusannyalazo(Electrons),Unknown,
6019,Molekyo,Unknown,
6028,Ekizibu ky'Okwerabira,Unknown,
6030,Ennetoloola ya Kaboni (the Carbon Cycle),Unknown,
6034,Ggaasi ezitega ebbugumu (Greenhouse gases),Unknown,
6038,Namunigina z'entababutonde(Ecological units),Unknown,
6042,Ebiwangaaliro (Habitats),Unknown,
6047,Entababimera(Biomes),Female,
6050,Tekinologiya w'Abaganda Abedda(Technology used by the ancient Baganda),Unknown,
6051,Ekitondekamaanyi (Engine),Unknown,
6066,Ensengekera z'entabaganyi(Social systems),Unknown,
6069,Ebyobufuna bya Buganda eyedda(the Political economy of precolonial Uganda),Female,
6072,Namba za Kibazo(cardinal numbers),Unknown,
6074,Namba eya Ndagalinnya(nominal number),Unknown,
6076,Namba ez'Obutonde(natural numbers),Unknown,
6099,"Bawala ba Maria, Bannabikira bwanda",Unknown,
6123,Omugeranyo=Ekigero,Unknown,
6129,Omusujja gw'ensiri,Unknown,
6143,EMPEEKERA NNAKONGEZAKIKOLWA,Female,
6144,Ensaalu,Unknown,
6146,Okwefumiitiriza(Critical thinking),Male,
6147,Empisa ez'Obuntu(Morals),Unknown,
6148,Okutendeka Obukulembeze mu Baana baffe (Inculcating Leareship in Children),Female,
6149,Okwekuuma,Male,
6150,OKUBULWA OTULO,Unknown,
6158,Omuntu kalimagezi(Intelligent man),Male,
6160,Engerekera,Unknown,
6161,Muntunsolo ya byanfuna(homo economicus),Male,
6164,Embeera z'Obuntu(Human emotions),Female,
6173,Okwekubagiza(Self pity),Unknown,
6174,Okwennyika (Depression),Male,
6175,Okwegulumiza(Pride),Unknown,
6188,Okufuga embeera z'Obuntu(Controling human emotions),Female,
6190,Essikirizo (Gravity),Unknown,
6196,Ensuubo(levers),Unknown,
6215,Ttino (Tin),Unknown,
6216,Zzaabu,Unknown,
6218,Ekikulembero (Lead),Unknown,
6221,Emigattiko( Mixtures),Unknown,
6233,Ebitontome bya Charles Muwanga Ebya Sayansi(Charles Muwanga's Poems of Science),Unknown,
6242,Tempulikya ey'ekitondowalo(Condensation Temperature),Unknown,
6253,Ekitondowalo = Okutondowala (Condensation),Unknown,
6259,Ekibulungulo,Unknown,
6283,Kalooli Ddawano (Charles Darwin ),Male,
6284,Payisoggolaasi,Unknown,
6285,Yisaaka Netoni,Unknown,
6286,Alubbaati Ansitayini,Unknown,
6344,Amasoboza ag'amasannyalaze,Unknown,
6345,Nabbirye w'Ekitangaala,Unknown,
6347,Kkala z'Ekitangaala,Unknown,
6357,Bassekalowooleza ne Bannakalowooleza ba Buganda abedda,Male,
6367,Obulamu obusirikitu,Unknown,
6370,Bakitiiriya,Unknown,
6376,Ebyobugagga obw'ensibo,Male,
6387,Enkola z'Omulengera (the Mental processes),Female,
6399,Ebikolwa ebigerekere(Instinctive acts),Unknown,
6400,Bakakensa ba Buganda abedda (the Scientists and Philosophers of ancient Buganda,Unknown,
6401,Essomabutaffaali(Cell Biology),Unknown,
6404,Ebyobuwangwa (Culture),Unknown,
6430,Ebyetaago by'Obulamu eby'Omubiri(the Physical needs of Life),Male,
6431,Enketteso z'Omubiri (the Body senses),Unknown,
6432,Ebyetaago by'Obulamu eby'Omwoyo (the Spritual needs of Life),Unknown,
6433,Emitendera gy'enkula n'enkulaakulana y'omwana(the stages of child growth and development),Unknown,
6436,Okulambulula ensonga (Deductive reasoning),Unknown,
6440,Okwetegeera (Selfconsciousness ),Unknown,
6441,Okumanya okw'embagirawo(Intuition),Female,
6483,Okuvaamu olubito,Female,
6535,Okuzaala omwana omufu,Female,
6536,Kookolo w’omu lubuto,Unknown,
6538,Kookolo,Unknown,
6539,Obulemu ku bwongo,Female,
6544,Kookolo w’obusajja,Unknown,
6551,Entababaganya n'Entababuvobwawamu(Society and Community),Unknown,
6558,Enkola z'Obukulembeze ennungi(Pro-people methods of work),Unknown,
6559,Ebyenjigiriza mu Buganda ng'abafuzi b'amatwale tebannajja(the education system in Precolonial Buganda),Male,
6560,Ebyobufuna bya Buganda Eyedda (the Political economy of precolonial Buganda),Female,
6561,Okudibaga okwakolebwa abafuzi b'amatwale(the distortions of colonialism),Unknown,
6567,Sikimanyinkitye(Superstitution),Unknown,
6569,Ettalo(Septic arthritis),Unknown,
6611,Obulwadde bw'Okulumizibwa amagulu,Unknown,
6634,Ebigenge,Unknown,
6639,Obulemu ku maaso,Unknown,
6640,Obulemu mu kuwulira,Unknown,
6646,Obulwadde bw’ensigo (Kidney stone disease),Unknown,
6650,Ebyenfuna mu Buganda Eyedda,Unknown,
6651,Bulungibwansi,Male,
6652,Okutta omukago,Female,
6658,Ekizzaŋŋanda,Unknown,
6713,Talk:Luganda,Female,
6749,Okusoma,Unknown,
6825,Omulembe Omutebi(the Mutebi era),Unknown,
6830,Obuyivu n'obuyivuwavu(being learned and being educated/intellectual),Unknown,
6843,Enkulaakulana y'Entabaganya(the Development of Society),Unknown,
6968,Omuntu omukujjukujju(Homo Habiris),Unknown,
6970,Omuntu omusenguse,Unknown,
6975,Nelson Mandela,Unknown,
7139,Ensi,Unknown,
7162,Sembuya Christopher Columbus,Female,1937
7303,Mowzey Radio,Unknown,
7305,Ssekalowooleza Kiwanuka,Unknown,
7306,Ssekalowooleza Mukasa,Unknown,
7308,Ssekalowooleza Kayikuuzi,Unknown,
7309,Ssekalowooleza Ggulu,Unknown,
7310,Nakalowooleza Nakayima,Female,
7311,Nakalowooleza Kitinda,Female,
7312,Ssekalowooleza Muwanga,Unknown,
7313,Ssekalowooleza Kawumpuli,Unknown,
7314,Ssekalowooleza Kintu,Unknown,
7315,Ssekawooleza Ddungu,Unknown,
7316,Ssekalowooleza Kibuuka Omumbaale,Unknown,
7317,Ssekalowooleza Matayo Kisuule Omubundu,Unknown,
7318,Ssekalowooleza Musoke,Unknown,
7319,Eddiini ya Buganda,Unknown,
7323,Donald Trump,Unknown,
7324,Vladimir Putin,Unknown,
7325,Yoweri Museveni,Female,Ogwomwenda 15 1944
7361,Balubaale(the Departed Thinkers/Wisepersons of Buganda),Unknown,
7390,User talk:Basaaya,Unknown,
7400,Ekigereeso ky'Okubwatuka Okunene(The Bigbang Theory),Unknown,
7401,Ekire Nnabire (The Nebular Cloud),Unknown,
7458,Kintu,Male,
7460,Ewakuumirwa Eggaali Y'omukka (Estacion) Bajo Hondo,Unknown,
7469,Barbara Kaija,Female,mu 1964
7470,Amelia Kyambadde,Female,
7472,Betty Nambooze,Unknown,
7473,Winnie Kiiza,Female,museenene 26 1972
7474,Judith Nabakooba,Female,
7475,Jennifer Musisi,Female,
7476,Rema Namakula,Female,April 24 1991
7477,Ingrid Turinawe,Female,
7478,Juliana Kanyomozi,Female,Ogwekuminoogumu 27 1980
7479,Specioza Kazibwe,Female,Ogw'omusanvu 1 1954
7480,Allen Kagina,Female,
7523,Template:Featured Article of the day/FAOD-06,Female,
7530,Template:Featured Article of the day/FAOD-05,Unknown,
7680,Usama Mukwaya,Unknown,
7688,John Ssenseko Kulubya,Male,
7695,Idi Amin,Female,mu 1925
7697,Tito Okello,Unknown,
7698,Bazilio Olara-Okello,Unknown,
7699,Paulo Muwanga,Unknown,mu 1924
7701,Yusuf Lule,Unknown,Ogwokuna 10 1912
7725,Peace Mutuuzo,Female,
7726,Esther Mayambala Kisaakye,Female,Ogwolubereberye 18 1960
7733,Okusumululwa okw'Omwoyo(Deliverance),Unknown,
7734,Ekyewuunyo eky'Obutonde (The Miracle in Nature),Unknown,
7735,Ensibuko y'emizimu n'emisambwa ogimanyi ?,Unknown,
7743,Maria Kiwanuka,Unknown,
7779,Kabaka,Unknown,
7792,Caroline Kamya,Female,1974
7795,Ruth Wanyana,Unknown,
7796,Abu Kawenja,Female,
7799,User:Ssenkungu ivan,Male,
7800,User:Mbabaali Ibrahim,Male,
7805,Ekkuumiro ly'ebisolo erya Rwenzori Mountains National Park,Unknown,
7807,Muteesa I of Buganda,Unknown,
7808,Buddu,Male,
7809,Ekkuumiro ly'ebisolo erya Bwindi,Female,
7810,Ssekabaka Daudi Cwa II,Female,Ntenvu 6 1915
7812,Bugema University,Unknown,
7813,Ekkuumiro ly'ebisolo erya Kidepo Valley,Unknown,
7814,Mulago National Specialised Hospital,Male,
7815,Essomero lya Kibuli Sekendule,Male,
7820,Ekkuumiro ly'ebisolo erya Lake Mburo,Unknown,
7821,Ekkuumiro ly'ebisoro erya Murchison Falls,Unknown,
7824,Ekkuumira ly'amazike erya Mgahinga,Unknown,
7825,Ssemaduuka za Quality,Unknown,
7826,Mikheil Saakashvili,Unknown,ogwomukaaga 1967
7835,Joyce Bagala,Female,
7836,Shamim Malende,Female,1986
7837,Persis Namuganza,Unknown,
7838,User:Alvinategyeka/Beti Kamya-Turwomwe,Female,
7839,Beti Kamya,Female,
7840,Hellen Obura,Unknown,
7841,User:Alvinategyeka/Hellen Obura,Unknown,
7842,Angelline Osegge,Female,Ogwekkuminebiri 8 1969
7844,Barbara Nekesa Oundo,Female,
7845,Evelyn Anite,Female,musenene 11 1984
7846,Edith Mary Bataringaya,Unknown,mu 1929
7847,Anita Among,Female,Ogwekkuminoogumu 23 1973
7848,Radoje Domanović,Unknown,
7849,Sarah Najjuma,Female,
7850,Agnes Taaka,Female,Ogwokuna 3 1980
7851,Florence Akiiki Asiimwe,Female,
7852,Dorcus Acen,Female,
7853,Mary Karooro Okurut,Female,Ogwekkuminebiri 8 1954
7854,Winnie Byanyima,Unknown,Gatonya 13 1959
7856,Anna Ebaju Adeke,Female,Ogwekkuminogumu 27 1991
7857,Idah Nantaba,Female,
7858,Lilian Aber,Female,
7859,Veronica Namaganda Nanyondo,Female,
7861,Janet Grace Akech Okori-Moe,Female,Ogwomenda 3 1966
7862,Agnes Atim Apea,Unknown,
7863,Betty Louke Chelain,Female,
7864,Susan Achola Engola,Female,
7865,Resty Nanteza,Female,
7866,Ndamira Atwakire,Unknown,
7867,Agnes Nandutu,Female,
7868,Mary Paula Kebirungi Turyahikayo,Female,
7869,Betty Ethel Naluyima,Unknown,
7870,Christine Tubo Nakwang,Female,
7871,Emma Boona,Female,
7872,Norah Bigirwa-Nyendwoha,Unknown,
7873,Juliet Kyinyamatama Suubi,Unknown,
7874,Kevin Ojinga Kaala,Unknown,
7875,Maria Mutagamba,Female,
7876,Winnie Nanyondo,Unknown,
7877,Pamela Nasiyo Kamugo,Female,
7878,Nandagire Christine Ndiwalana,Unknown,
7879,Betty Oyella Bigombe,Female,
7880,Annet Katusiime Mugisha,Female,1974
7881,Hellen Auma Wandera,Female,
7882,Ndamira Catherine Atwikiire,Female,
7883,Janet Museveni,Female,Ogwomukaaga 24 1948
7884,Aisha Sekindi,Female,Ogwekkumineebiri 4 1970
7887,Grace Akello,Female,mu 1950
7888,Cissy Dionizia Namujju,Female,
7889,Hanifa Kawooya,Unknown,
7890,Irene Muloni,Female,
7891,Janat Mukwaya,Unknown,
7892,Victoria Sekitoleko,Female,
7893,Zomura Manezo,Female,
7894,Judith Peace Achan,Female,April 23 1983
7895,Agnes Acibu,Female,
7896,Sarah Kayaki Netalisile,Female,
7897,Victorious Zawedde,Female,
7898,Hanifa Nabukeera,Female,
7911,User talk:Nzewasajja,Unknown,
7912,OKUBAKA OMUPIIRA,Unknown,
7918,Robinah Nabbanja,Female,Ogw'ekkumin'ogumu 17 1969
7924,Esther Mbulakubuza Mbayo,Female,
7925,Jesca Ababiku,Female,
7926,Beatrice Were,Male,1966
7927,Joel Ssenyonyi,Female,
7929,Abdu Katuntu,Unknown,Ogwekkumineebiri 12 1965
7930,Sarah Achieng Opendi,Unknown,
7931,Edward Rugumayo,Unknown,
7932,Francis K. Butagira,Unknown,
7933,Francis Zaake,Unknown,
7934,John Bowes Griffin,Female,Ogwokuna 19 1903
7935,James Wapakhabulo,Unknown,
7936,Meddie Kaggwa,Male,Ogwokuna 15 1955
7937,Ssekabaka Mutesa II,Female,mu 1956
7938,Frank Tumwebaze,Unknown,
7939,Ow'ekitiibwa Edward Kiwanuka Ssekandi,Female,
7940,Thomas Tayebwa,Unknown,Ogwekkuminoogumu 10 1980
7941,Rebecca Kadaga,Female,
7942,Jacob Oulanyah,Unknown,
7943,Monica Musenero,Female,mu 1965
7944,Diana Atwine,Female,mu 1973
7945,Aggrey Bagiire,Unknown,
7946,Abed Bwanika,Unknown,Ogwomunaana 1 1967
7947,Moses Ali,Male,ogwokuna 5 1939
7948,Moses Magogo Hassim,Unknown,
7949,Charles Bakkabulindi,Unknown,
7950,Chris Baryomunsi,Unknown,
7951,Jeje Odongo,Unknown,
7952,Musa Ecweru,Unknown,Ogwekkuminogumu 25 1964
7953,Michael Lulume Bayigga,Unknown,Ogwokutaano 1 1970
7954,Peter Elwelu,Unknown,
7955,Vincent Ssempijja,Unknown,
7956,Ruth Nankabirwa,Female,
7957,David Bahati,Male,Ogwomukaaga 8 1973
7958,Mary Begumisa,Female,1976
7959,Harriet Businge,Female,
7960,Denis Obua,Unknown,Ogwokubiri 6 1980
7961,Oliver Katwesigye Koyekyenga,Female,
7962,Justine Lumumba Kasule,Female,
7963,Ebyafaayo bya Uganda,Unknown,
7964,Henry Oryem Okello,Unknown,
7965,Betty Amongi,Female,
7966,National Resistance Movement,Unknown,
7967,Jessica Alupo,Female,
7968,Jim Muhwezi,Unknown,Ogwomunaana 23 1950
7970,Allan Ssewanyana,Female,
7971,Muhammad Nsereko,Unknown,Ogwomunaana 25 1981
7972,Wilson Muruli Mukasa,Unknown,ogwomusanvu 5 1952
7973,Ibrahim Ssemujju Nganda,Unknown,
7974,Nanyondo Birungi Carolyn,Female,muwakanya 12 1975
7975,"Muwenda Mutebi II, Kabaka wa Buganda",Female,
7976,Theodore Ssekikubo,Unknown,Ogwomunaana 20 1969
7977,Joyce Nabbosa Ssebugwawo,Unknown,
7978,Nandala Mafabi,Male,Ogusooka 17 1966
7980,Jane Aceng,Female,Ogwokutaano 11 1968
7982,Sam Mangusho Cheptoris,Female,Ogwekkumineebiri 12 1949
7983,Kahinda Otafiire,Male,
7984,Katumba Wamala,Male,ogwekkuminoogumu 19 1956
7985,Raphael Magyezi,Unknown,
7986,Amama Mbabazi,Male,Ogwolubereberye 16 1949
7987,Hilary Onek,Male,ogwokutaano 5 1948
7988,Kiryowa Kiwanuka,Male,
8003,Buvuma Island,Unknown,
8004,Mpanga Central Forest Reserve,Unknown,
8005,Ennyanja Wamala,Unknown,
8009,Mabira Forest,Unknown,
8063,Sembuya Nalumu Mary,Female,Ogusooka 2 1943
8064,Yafesi Magulu,Unknown,
8068,John Chrysestom Muyingo,Male,Ogw'okubiri 22 1960
8069,User:Harriet Nambooze/James Mulwana,Unknown,
8071,User:Solomon Suubi,Unknown,Ogwomusanvu 14 1994
8078,Rita Atukwasa,Female,
8079,Dorothy Nyakato,Female,
8080,Jackie Senyonjo,Female,
8081,Margaret Aachilla Aleper,Female,Ogwekkuminogumu 22 1963
8082,Sheila Nduhukire,Female,Ogwokuna 23 1990
8083,Alice Alaso,Female,Ogusooka 21 1969
8084,Lydia Mugambe,Unknown,
8085,Victoria Nalongo Namusisi,Female,
8086,Stella Isodo Apolot,Unknown,
8087,Baby Gloria,Male,Ogwekkumi 28 2001
8089,Alice Kaboyo,Female,
8090,User:Kalemabenjamin,Female,
8092,Mugisha Muhanga Margaret,Female,
8093,Sylvia Muzila,Female,
8094,Sylvia Nayebale,Female,
8095,Grace Kaudha,Female,
8096,Hellen Adoa,Female,January 25 1977
8097,Namaganda Susan,Female,
8098,Rose Mwebaza,Unknown,
8099,Lucy Achiro Otim,Female,Mutunda 28 1986
8100,Judith Adong,Female,
8101,Kyokuhairwa Kyaka Vicky,Female,
8102,Namaganda Christine,Female,mu 1986
8103,Kiboijana Margaret N,Unknown,
8104,Jane Frances Kuka,Female,
8105,Susan Muwonge,Female,mu 1977
8106,Derrick Nyeko,Male,1992
8107,Angella Katatumba,Unknown,Ogwokubiri 21 1989
8108,Cerinah Nebanda,Unknown,
8109,Victoria Kakoko Sebagereka,Female,
8110,Joana Ntaja,Female,
8112,Angelina Wapakhabulo,Male,
8113,Ampaire Shakira,Female,
8115,Rosebell Kagumire,Female,
8116,Babungi Josephine Bebona,Female,
8118,Ruth Molly Lematia,Unknown,
8119,Nvumetta Ruth Kavuma,Female,
8122,Doreen Kabareebe,Female,
8123,Baskin-Robbins,Unknown,
8124,Kiiza Eron,Unknown,
8125,Primah Kwagala,Female,
8126,Eddy Yawe,Unknown,Ogwokutaano 11 1980
8127,Kayinga Muddu Yisito,Unknown,
8128,Immaculate Akello,Unknown,mu 1996
8129,Aamito Lagum,Female,Ogwekkumineebiri 3 1992
8130,Hilda Flavia Nakabuye,Unknown,Ogwokuna 15 1997
8131,Franc Kamugyisha,Male,Ogwokusatu 19 1992
8147,Frida Kahlo,Unknown,
8164,Jessica Nabongo,Female,
8165,Apollo Makubuya,Unknown,
8166,Ada Ehi,Female,
8167,Denis Zakaria,Male,Ogwekkuminoogumu 20 1996
8168,Lawrence Mulindwa,Unknown,mu 1965
8169,Armando Broja,Unknown,Ogwomwenda 10 2001
8170,Gavi (footballer),Unknown,
8171,Eleanor Nabwiso,Male,
8172,Ian Wright,Male,
8173,Robin van Persie,Unknown,ogw'omunaana 6 1983
8174,Kieran Tierney,Male,Ogwomusanvu 5 1997
8175,Sinach,Unknown,
8176,Robert Kayanja,Male,
8179,Florence Nakiwala Kiyingi,Female,mu 1972
8180,Virgil van Dijk,Female,
8181,Jennifer Ayoo,Female,
8182,David Obua,Unknown,Ogwokuna 10 1984
8183,Vinka (musician),Male,Ogwomukaaga 27 1994
8184,Grace Bantebya Kyomuhendo,Female,
8185,WOUGNET,Unknown,
8186,Susan Okalany,Unknown,
8187,Bethlehem Tilahun Alemu,Female,1980
8188,Shilla Omuriwe Buyungo,Female,
8189,Melia Likoswe Douglas,Female,
8190,Maurice Peter Kagimu Kiwanuka,Unknown,
8191,Fortunate Nantongo,Female,mu 1996
8192,Pauline Kemirembe Kyaka,Female,
8193,Tereza Mbire,Female,
8194,Mathew Nabwiso,Unknown,
8195,Azawi,Female,Ogwokubiri 2 1996
8196,Florence Kabugho,Female,
8197,Alex Mukulu,Unknown,Ogwekkuminogumu 20 1954
8198,Linda Agnes Auma,Female,
8199,Jovanice Twinobusingye,Female,
8200,Prudence Ukkonika,Female,
8201,Christine Nakimwero Kaaya,Female,1979
8202,Gloria Nansubuga,Female,
8203,Lilongwe,Unknown,
8204,Flavia Nabagabe Kalule,Female,
8205,Brenda Namukuta,Female,
8206,Glanis Changachirere,Unknown,
8207,Patience Nkunda Kinshaba,Female,
8208,Sugra Visram,Male,
8209,Shatsi Musherure Kutesa,Female,
8210,Justina Geraldine Najjuka,Female,
8212,Aloisea Inyumba,Unknown,
8213,Damilola Odufuwa,Unknown,
8214,Iriama Rose,Female,
8216,Ebyafaayo by'olugoye lw'embaga,Unknown,
8219,John Blaq,Male,Ogwomusanvu 16 1996
8221,Pius Adome,Unknown,
8222,Tarsis Orogot,Unknown,
8223,Davis Kamoga,Unknown,
8224,Abraham Chepkirwok,Unknown,
8225,Julius Achon,Female,Ogwekkuminebiri 12 1976
8226,Ronald Musagala,Unknown,Ogwekkuminebiri 16 1992
8227,Boban Zirintusa,Unknown,
8228,Daniel Kipkorir Chepyegon,Unknown,
8229,Stephen Kissa,Unknown,
8230,Lillian Mutuuzo,Unknown,
8231,Moses Ndiema Kipsiro,Unknown,Ogwomwenda 2 1986
8232,Hassan Wasswa,Unknown,Ogw'okubiri 14 1988
8234,Jimmy Katumba,Female,mu 1955
8235,Jacob Kiplimo,Unknown,
8236,Annet Nandujja,Unknown,mu 1959
8237,Esther and Ezekiel,Female,
8238,Hannz Tactiq,Male,
8239,Ekisaawe ky'okuyimba mu Uganda,Male,
8240,Faith Kakembo,Unknown,Ogwokuna 16 1985
8241,Angela Kalule,Female,Ogwokubiri 18 1977
8242,Giovanni Kiyingi,Unknown,
8243,Irene Ntale,Female,Ogw'oluberyeberye 30 1989
8244,Uganda Broadcasting Corporation,Unknown,
8245,Cindy Sanyu,Male,mu 1985
8246,NBS Television (Uganda),Unknown,
8248,Baba TV,Unknown,
8249,Sanyuka TV Uganda,Male,
8250,Milton Obote,Male,
8251,Edith Nakiyingi,Unknown,ogwekumin'ogumu 15 1968
8252,Jackie Chandiru,Female,
8253,Blu*3,Female,
8254,Nick Nola,Unknown,
8255,Spice Diana,Unknown,
8256,Undercover Brothers Ug,Unknown,
8257,Samson Kisekka,Unknown,
8258,Alimansi Kadogo,Unknown,
8259,Saidi Kyeyune,Unknown,
8261,Geofrey Kusuro,Unknown,Ogwokubirir 12 1989
8262,Felix Chemonges,Unknown,Ogwekkumi 10 1995
8263,Jean Baptiste Okello,Unknown,Ogwokuna 10 1940
8264,Kakyeka Stadium,Unknown,
8265,John Akii-Bua,Unknown,
8266,Boniface Abel Sikowo,Unknown,Ogwomusanvu 27 1999
8267,Simon Ayeko,Unknown,
8268,Okuyimba mu Uganda,Male,
8269,Fred Rwigyema,Unknown,
8270,Vampino,Unknown,mu 1980
8272,Jackie Akello,Unknown,
8273,New Vision (olupapula lw'amawulire),Female,
8274,Rachael Kungu,Female,1978
8275,Ruth Kyalisima,Female,
8276,Assani Bajope,Unknown,
8278,Ekibiina kya Conservative Party (Uganda),Unknown,
8279,Fille Mutoni,Female,Ogwomusanvu 25 1991
8280,Frank Mbalire,Unknown,
8282,Mukotani Rugyendo,Unknown,
8283,Ruyonga,Unknown,
8284,Sandra Suubi,Female,
8285,The mith,Unknown,
8286,Kabaka Yekka,Unknown,
8287,91.3 Capital FM,Unknown,
8288,Ali Kimera,Unknown,Ogwokuna 7 1991
8289,Abu Mayanja,Male,Ogwomunaana 1929
8290,Kataleya ne Kandle,Female,Ogwokubiri 22 1998
8292,Swangz Avenue,Unknown,
8293,Desire Luzinda,Male,Ogw'omunaana 15 1980
8294,Grace Ibingira,Unknown,Meeyi 23 1932
8295,Mariam Ndagire,Female,May 16 1971
8296,Kizza Besigye,Male,
8297,Gilbert Bukenya,Unknown,August 5 1949
8298,Lillian Mbabazi,Unknown,
8299,Judith Babirye,Male,
8300,Grace Buzu,Unknown,
8302,Stella Chesang,Unknown,
8304,Sylver Kyagulanyi,Unknown,
8305,Radio Muhabura,Unknown,
8306,Radio Simba,Male,
8309,Ken Lukyamuzi,Unknown,
8310,Ekisaawe kya Nakivubo,Unknown,
8311,Joanita Kawalya,Unknown,
8312,Paulo Kafeero,Female,
8313,Forum for Democratic Change (FDC),Unknown,
8315,National Unity Platform,Male,
8316,Ekitongole kya National Social Security Fund (Uganda),Unknown,
8317,Jowaash Mayanja Nkangi,Male,ogw'omunaana 22 1932
8319,Paul Hasule,Unknown,mu 1959
8320,Express FC,Unknown,
8321,St. Mary's Stadium-Kitende,Unknown,
8322,Ekisaawe kya Mutesa II,Male,
8323,Ekisaawe ky'eggwanga ekya Mandela,Unknown,
8325,Moses Golola,Unknown,Ogw'okutaano 22 1980
8326,Charles Peter Mayiga,Male,mu 1962
8328,Kiraabu ya Vipers SC,Male,
8329,Ekisaawe kya Lugogo Stadium,Unknown,
8330,Wilson Bugembe,Male,
8331,Lutikko ya Rubaga,Unknown,
8332,Kilaabu ya Victors FC,Unknown,
8333,Kilaabu ya SC Victoria University,Unknown,
8334,Uganda Revenue Authority SC,Unknown,
8335,Ruhakana Ruganda,Male,
8336,Philly Bongole Lutaaya,Unknown,
8337,Apolo Nsibambi,Female,Ogwekkumi 25 1940
8338,Sophie Gombya,Male,
8339,Tooro United FC,Female,
8340,Abraham Waligo,Unknown,Ogwomusanvu 28 1928
8341,Kampala Capital City Authority FC,Female,
8342,Egbert Udo Udoma,Female,
8343,Otema Allimadi,Unknown,
8344,Paul Ssemogerere,Unknown,Ogwomukaaga 30 1956
8346,Sandra Nankoma,Female,
8347,Shafik Batambuze,Male,
8348,Kilaabu ya SC Villa,Unknown,
8349,Giosue Bellagambi,Unknown,ogwekkuminogumu 8 2001
8350,Flavia Tumusiime,Female,mu 1989
8351,Rolling Stone (Uganda),Female,
8352,Mugisha Muntu,Unknown,mu 1993
8353,Federation of Uganda Football Associations,Unknown,
8354,Pallaso,Male,
8355,Kintu Musoke,Unknown,August 5 1938
8356,AK 47 Mayanja,Male,
8357,John Mikloth Magoola Luwuliza-Kirunda,Female,Ogwomunaana 5 1940
8358,GNL Zamba,Female,ogusooka 29 1986
8360,Nnakyemalira,Male,
8361,Omuzira Omusiru,Female,
8364,Benedicto Kiwanuka,Unknown,Ogwokutaano 8 1922
8365,Uganda People's Congress,Unknown,
8366,Lutikko ya Namirembe,Male,
8368,John Ssebaana Kizito,Unknown,
8369,Paul Ssemogerere (munnabyabufuzi),Unknown,Ogw'okubiri 11 1932
8370,Eddwaliro lya Mengo Hospital,Unknown,
8371,Norbert Mao,Unknown,Ogwokusatu 12 1967
8372,Dorcus Inzikuru,Unknown,
8373,Wilberforce Nadiope,Unknown,
8374,Samuel Wako Wambuzi,Female,
8375,Jose Chameleone,Male,
8376,Sheebah Karungi,Female,November 11 1989
8377,Steven Kavuma,Unknown,
8378,Bart Magunda Katureebe,Unknown,Ogwomukaaga 20 1950
8379,Allan Toniks,Male,
8380,Alfonse Owiny-Dollo,Unknown,Ogwolubereberye 18 1956
8381,George Cosmas Adyebo,Unknown,Ogwomukaaga 18 1947
8382,Goodlyfe Crew,Male,
8383,Patrick Amuriat,Unknown,
8384,Abayimbiramu kibiina kye bayita 'Goodlyfe',Male,
8385,Mustafa Adrisi,Unknown,
8386,John Babiiha,Unknown,Ogwokuna 17 1913
8387,Eddy Kenzo,Male,
8388,Aloysius Bugingo,Female,
8389,Herman Basudde,Female,
8392,"Ekizimbe kitongole ekivunanyizibwa ku kulwanyisa obuli bw'enguzi, n'enkozesa y'a Offisi z'a Gavumenti mu Uganda",Unknown,
8393,Ekizimbe kya Uganda Inspectorate of Government,Unknown,
8396,Ekibiina kya Democratic Party(Uganda),Unknown,
8397,Ekkomera ly'e Kitalya,Unknown,
8398,Ekkomera ly'e Luzira,Unknown,
8399,Anne Kansiime,Female,mu 1986
8400,Savio Kabugo,Male,
8401,Ettoffaali,Unknown,
8403,Andrew Kayiira,Unknown,
8404,Holy Keane Amooti,Unknown,
8405,Aziz Azion,Unknown,July 27 1986
8406,Iryn Namubiru,Female,Ogwekkuminebiri 13 1981
8407,Sam Bagenda,Unknown,Ogwokusatu 31 1965
8408,Papa Cidy,Unknown,
8409,Uganda Business Facilitation Centre,Unknown,
8411,Emmunyeenye,Unknown,
8412,Peace Proscovia,Female,
8414,Bebe Cool,Female,Ogwomwenda 1 1977
8415,Stecia Mayanja,Male,
8416,Sister Charity,Female,
8417,Ragga Dee,Unknown,mu 1968
8418,DJ Mavious,Unknown,Ogwomukaaga 6 1991
8419,Canary Mugume,Male,
8420,Mac Elvis,Unknown,Ogwekkuminebiri 1 1987
8421,Chris Evans Kaweesi,Female,mu 1987
8422,"Fort Lugard, Kampala",Unknown,
8423,Exodus (omuyimbi),Male,
8424,Omuzikiti gwa Uganda National Mosque,Unknown,
8425,Lubaga Hospital,Unknown,
8426,Ekkomera ly'e Makindye,Unknown,
8427,Lumala Abdu,Female,
8428,Brian Aheebwa,Unknown,
8429,Bright Anukani,Unknown,
8430,Khalid Aucho,Male,
8431,Flex D'Paper,Female,Ogusooka 19 1990
8432,Wilberforce Kityo Luwalira,Unknown,Ogwekkuminebiri 8 1958
8433,Dunstan Nsubuga,Unknown,
8434,Fresh Kid,Unknown,
8435,Timothy Awany,Male,
8436,Micheal Azira,Unknown,
8437,Gabriel K,Female,
8438,Sam Gombya,Unknown,
8439,Hamis Kiiza,Unknown,
8440,Oliver Acii,Unknown,Ogw'okutaano 24 1970
8441,Mercyline Chelangat,Unknown,Ogwekkuminebiri 17 1997
8442,Beenie Gunter,Male,
8443,Essaza Ekkulu erya Kampala (Eklezia Katolika),Unknown,
8444,Isaiah Katumwa,Male,
8445,Maurice Kirya,Unknown,
8446,Majid Musisi,Male,
8447,David Lutalo,Unknown,Ogwokusatu 8 1986
8448,Farouk Miya,Unknown,
8449,Omunazalesi mariam,Female,
8450,Moses Matovu,Unknown,Ogwomukaaga 19 1949
8451,Peter Miles (omuyimbi),Male,Ogwomwenda 29 1980
8452,Benon Mugumbya,Unknown,mu 1981
8453,Martin Kayongo-Mutumba,Unknown,
8455,Benjamin Josses Odoki,Unknown,Ogw'okusatu 23 1943
8456,Diana Nabatanzi,Female,
8457,Ismail Watenga,Unknown,15 1995
8458,Herman Wasswa,Unknown,Ogwekkuminebiri 14 1993
8460,Asiimwe Deborah GKashugi,Female,
8461,Hellen Lukoma,Unknown,
8462,John Ruganda,Female,
8463,Patrick Mangeni,Female,
8464,Emyezi mu Mwaka,Male,
8465,Austin Bukenya,Female,mu 1944
8466,Assumpta Oturu,Unknown,mu 1953
8467,Suzan Kerunen,Unknown,mu 1979
8469,Ekibinja kya Bataka,Unknown,
8470,Madoxx Sematimba Sematimba,Unknown,1972
8471,Grace Nakimera,Unknown,
8472,Lydia Jazmine,Female,
8473,Godfrey Walusimbi,Unknown,Ogwomusanvu 3 1989
8474,User:Ibraheem Ahmad Ntakambi,Unknown,
8475,Denis Obua (omukubi w'omupiira),Unknown,
8476,Ekkanisa ya Uganda mu Buganda,Unknown,
8477,Badru Kateregga,Female,Ntenvu 4 1948
8478,Omupiira mu Uganda,Unknown,
8479,Ray G,Female,
8480,Harriet Ntabazi,Female,Nenvu 11 1974
8481,Jean Sseninde,Female,Ntenvu 4 1992
8482,Kipoi Tonny Nsubuga,Male,Ogwomukaaga 26 1978
8483,Julius Ssekitoleko,Male,
8484,Sam Ssimbwa,Unknown,mu 1967
8485,Robert Ssejjemba,Unknown,Ogwekkuminebiri 5 1980
8486,David Otti,Unknown,
8487,Halimah Nakaayi,Male,
8488,Samalie Matovu,Unknown,
8490,Moses Nsereko,Unknown,
8491,Patrick Kaddu,Unknown,Ogwekkumi 9 1995
8492,Irene Ajambo,Female,Ogwomusanvu 27 1987
8493,Godfrey Baligeya,Male,gwomusanvu 28 1987
8494,Caesar Okhuti,Unknown,Ogwekkumi 7 1990
8495,James Onen,Female,Ogwomukaaga 19 1975
8496,Yunus Sentamu,Unknown,Ogwomunaana 13 1994
8497,Richard Kasagga,Unknown,Okwomusanvu 4 1993
8498,Joshua Wanume Kibedi,Female,
8499,Leila Kalanzi Kachapizo,Female,Ogwekkumineebiri 5 1979
8500,Asuman Basalirwa,Unknown,Ogwekkuminogumu 17 1977
8501,Nicholas Wadada,Unknown,
8502,Joseph Ochaya,Unknown,Ogwekkumineebiri 14 1993
8503,Joy Atim,Female,
8504,Isaac Muleme,Unknown,Ogwekkumi 10 1992
8505,Peter Odeke,Female,Ogwekkuminogumu 21 1970
8506,Alex Onzima,Unknown,
8507,Aisha Kyomuhangi,Female,
8508,Ibrahim Sekagya,Unknown,
8509,Geofrey Massa,Unknown,Ogwokubiri 19 1986
8510,Frank Kalanda,Unknown,
8511,Rahmah Pinky,Unknown,
8512,Nabilah Naggayi Sempala,Female,
8513,Eugene Sseppuya,Male,Ogwokuna 1 1983
8514,Bevis Mugabi,Unknown,Ogwokutaano 1 1995
8515,Natasha Sinayobye,Female,
8516,Cecilia Ogwal,Female,
8517,Murushid Juuko,Unknown,
8518,Denis Onyango,Unknown,Ogwokutaano 15 1985
8519,Robert Kakeeto,Unknown,Ogwokutaano 19 1995
8520,Afrigo Band,Unknown,
8521,Vincent Kayizzi,Unknown,Ogwokusatu 6 1984
8522,Brian Majwega,Unknown,
8523,Tony Mawejje,Unknown,Ogwekkumineebiri 15 1986
8524,Hamza Muwonge,Unknown,Ogwekkuminoogumu 6 1982
8525,Doreen Mirembe,Female,Ogwekkumi 4 1987
8526,Aggrey Awori,Female,Ogwokubiri 23 1939
8527,Emmanuel Okwi,Unknown,
8528,Miria Matembe,Female,Ogwomunaana 28 1953
8529,Justine Bayigga,Unknown,Ogw'oluberyeberye 15 1979
8530,Fahad Bayo,Unknown,
8531,Stephen Bengo,Unknown,
8532,James Nsaba Buturo,Unknown,
8533,Ivan Bukenya,Unknown,Ogwekkuminoogumu 1 1991
8534,Dan Wagaluka,Unknown,Ogwekkumineebiri 25 1986
8535,Moses Waiswa,Unknown,Ogwokuna 20 1997
8536,Rose Mbowa,Female,Ogusooka 18 1943
8537,Innocent Wafula,Unknown,Ogwokuna 1 1998
8538,Jemimah Sanyu,Female,
8539,Brian Umony,Unknown,Ogwekkumineebiri 12 1988
8540,Geoffrey Sserunkuma,Unknown,
8541,Muhammad Shaban,Unknown,Ogwolubereberye 11 1998
8542,Postnet Omony,Unknown,Ogwekkumineebiri 7 1982
8543,Moses Oloya,Unknown,
8544,Teacher Mpamire,Unknown,Ogwomwenda 27 1983
8545,Richard Sseruwagi,Male,Ogwomunaana 8 1954
8546,Patrick Ssenjovu,Unknown,
8550,Ekituli ky'Ekizikiza,Unknown,
8551,Mwami Lengs,Male,
8556,Ssematalo,Unknown,
8558,Cherif Mohamed Aly Aidara,Male,mu 1959
8559,Cherif Al-Hassane Aidara,Unknown,mu 1917
8599,Luka Deborah,Female,mu 2003
9034,Olutalo lwa Uganda ne Tanzania,Unknown,
9047,Eggye lya Uganda People's Defense Force,Unknown,
9073,Ebyenjigiriza mu Uganda,Unknown,
9104,Uganda (1962–1963),Unknown,
9108,Obukuumi bwa Uganda,Unknown,
9232,"Adair County, Kentucky",Female,
9597,Sarah Kiyingi Musoke,Female,
9598,Justine Ayebazibwe,Female,ogw'omusanvu 23 1972
9600,Acen Rhoda,Female,
9601,Adrian Tibaleka,Unknown,
9602,Faith Kunihira,Female,
9603,Beatrice Akello Akori,Female,
9604,Ajilo Elogu Maria Goretti,Female,Ogwomukaaga 26 1963
9605,Agnes Akiror,Female,Ogwomusanvu 28 1968
9607,Betty Kizza,Unknown,Ogwomwedda 23 1996
9608,Agnes Ameede,Female,Ogwomukaaga 12 1970
9609,Anita Beryl,Female,Ogusooka 11 1986
9610,Ssettendekero wa Gulu,Unknown,
9611,Agnes Kunihira,Unknown,Ogwomusanvu 14 1966
9612,Barbara Birungi,Female,
9614,Florence Namayanja,Female,
9615,Caroline Kamusiime,Female,November 23 1982
9616,Catheline Ndamira,Female,Ogwomunaana 13 1977
9617,Caroline Amali Okao,Female,
9618,Catherine Apalat,Female,Ogwomunaana 28 1981
9619,Agnes Nalwanga,Unknown,
9620,Catherine Kyobutungi,Unknown,1972
9621,Catherine Lamwaka,Female,Ogwekkuminebiri 25 1983
9622,Agnes Namyalo,Unknown,1975
9623,Barbie Kyagulanyi,Female,Ogwomwenda 7 1984
9624,Mary Babirye Kabanda,Female,Ogw'ekuminagumu 23 1971
9625,Catherine Namono,Female,
9626,Catherine Samali Kavuma,Unknown,1960
9627,Cathy Patra,Male,
9629,Charity Bainababo,Female,mu 1975
9630,Charity Basaza Mulenga,Unknown,
9631,Alum Sandra Ogwang Santa,Female,Ogwekkuminebiri 2 1972
9632,China Keitetsi,Unknown,mu 1976
9633,Akite Agnes,Female,Ogwokusatu 19 1983
9634,Alice Muloki,Female,
9635,Amina Nababi (Musambi wa Mupiira),Unknown,mu 1998
9636,Asinansi Nyakato,Female,
9637,Christine Alalo,Female,mu 1970
9638,Alengot Oromait,Unknown,mu 1993
9639,Christine Amongin Aporu,Female,
9640,Asinisi Fina Opio,Unknown,
9641,Auma Juliana Omwetoowaze,Unknown,ogwekkumi 14 1964
9642,Akello Judith Franca,Female,Ogwomunaana 17 1978
9643,Assumpta Nnaggenda-Musana,Female,
9644,Julia Sebutinde,Female,
9645,Christine Apolot,Female,
9646,Concy Aciro,Female,
9647,Alice Auma,Male,
9648,Annet Nyakecho,Female,Ogwomunaana 27 1982
9649,Ayeta Anne Wangusa,Unknown,
9650,Credonia Mwerinde,Unknown,mu 1952
9651,Barbara Mulwana,Female,
9652,Benna Namugwanya,Female,Ogwomwenda 21 1967
9653,Crystal Newman,Unknown,
9654,Alleluya Rosette Ikote,Female,
9655,Sanyu Robinah Mweruka,Male,mu 1987
9656,Daisy Ejang,Unknown,
9657,Daisy Nakaziro,Unknown,Ogwomwenda 22 1997
9658,Judith Alyek,Female,Ogw'ekkumi 8 1971
9659,Dorothy Kisaka,Unknown,
9660,Safia Juuko Nalule,Female,
9661,Saidati Kemigisha,Unknown,
9662,Sarah Chelangat,Female,Ogwomukaaga 5 2001
9663,Saala Khenyo,Unknown,
9664,Sarah Kataike,Unknown,
9665,Sarah Kiguli,Unknown,
9666,Sarah Kisawuzi,Female,
9667,Sarah Kyolaba,Female,
9668,Sarah Mateke Nyirabashitsi,Female,Ogw'omusanvu 15 1974
9670,Davinia Esther Anyakun,Female,Ogwokuna 19 1976
9671,Sarah Nyendwoha Ntiro,Female,
9672,Diana Angwech,Female,
9673,Sarah Walusimbi,Unknown,
9675,Donna Kusemererwa,Unknown,
9676,Sera (omuyimbi),Male,mu 1990
9677,Sezi Mbaguta,Female,Ogwokubiri 19 1946
9678,Shadia Nankya,Unknown,November 25 2001
9679,Shamim Bangi,Unknown,Ogwomusanvu 6 1993
9680,Doreen Amule,Female,
9681,Doreen Baingana,Male,1966
9682,Anne Juuko (Munnabyanfuna),Female,mu 1981
9683,Doris Akol,Female,
9684,Phiona Mutesi,Female,Ogw'okusatu 28 1996
9685,Sylvia Nagginda,Male,
9686,Egunyu Janepher Nantume,Female,Ogwekkuminebiri 1 1978
9687,Elizabeth Beikiriize Karungi,Female,Ogwekkuminebiri 5 1976
9688,Elizabeth Kabanda,Male,
9689,Stella Nyanzi,Female,
9690,Peruth Chemutai,Female,
9691,Aisha Nakiyemba,Unknown,Ogwokutaano 14 1993
9692,Anne Kabagambe,Female,
9693,Nakisuuyi Omulongoofu,Unknown,Ogusooka 26 1996
9694,Sharon Nadunga,Unknown,mu 2001
9695,Sheebah Zalwango,Unknown,Ogwomunaana 20 2000
9696,Shanita Namuyimbwa,Female,Ogw'okumineebiri 27 1989
9697,Omumbejja Elizabeth ow'e Tooro,Female,Ogwokubiri 9 1936
9698,Sheila Mwine Kabaije,Female,Ogwokubiri 26 1968
9700,Angelina Atyam,Female,1946
9701,Nambayo eno,Female,
9702,Anna Bitature Mugenyi,Unknown,
9703,Anne Mary Kobugabe Tumwine,Female,
9704,Annet Nakawunde Mulindwa,Female,
9706,Annet Negesa,Female,
9707,Annie Logiel,Female,
9708,Apio Moro,Female,
9710,Eunice Musiime,Unknown,
9711,Eseza Afoyochan,Unknown,
9712,Esther Nakajjigo,Male,
9714,Evelyn Kaabule,Unknown,Ogwomusanvu 1 1966
9715,Asia Nakibuuka,Unknown,
9716,Everlyn Chemutai,Female,
9717,Asiimwe Evarlyne Buregyeya,Unknown,
9718,Avice Meya,Unknown,
9719,Okukkiriza Alupo,Female,
9720,Bako Christine Abia,Female,
9721,Faith Mwondha,Unknown,Ogwokusatu 16 1964
9722,Flora Natumanya,Unknown,
9723,Sophia Namutebi,Male,ogwekkuminoogumu 23 1979
9725,Sophie Kyagulanyi,Unknown,
9726,Specioza Kimera Ndagire,Female,
9727,Okuwandiika Baguma Muhenda,Female,Ogwekkumi 30 1978
9728,Stella Atyang,Female,
9729,Stella Namoe Nyomera,Female,Ogwomunaana 26 1973
9730,Stella Nansikombi Makubuya,Unknown,
9731,Bangirana Kawooya Anifa,Female,Ogusooka 21 1957
9732,Barbara Kasekende,Female,
9733,Barbara Kimenye,Female,
9735,Barumba Beatrice Rusaniya,Female,
9736,Geraldine Ssali Busuulwa,Unknown,
9737,Florence Nambozo Wamala,Female,
9738,Florence Alice Lubega,Female,
9739,Clare Byarugaba,Unknown,
9740,Beatrice Atim Anywar,Unknown,
9741,Beatrice Ayuru Byaruhanga,Female,
9742,Hilda Tadria,Unknown,
9743,Beatrice Lamwaka,Female,
9744,Beatrice Rwakimari,Female,
9745,Beatrice Wabudeya,Female,
9746,Jacqueline Mbabazi,Female,Gw'omunaana 18 1954
9748,Elizabeth Nantale Mulondo,Unknown,Gatonnya 31 1989
9749,Ben Mary Muwanga,Male,
9750,Bettinah Tianah,Unknown,
9751,Goretti Kyomuhendo,Unknown,Ogwomunaana 1 1965
9752,Glaydah Namukasa,Unknown,
9753,Betty Lalam,Unknown,
9754,Florence Nsubuga,Female,
9755,Gorreth Namugga,Unknown,
9756,Husnah Kukundakwe,Unknown,Ogw'okusatu 25 2007
9757,Ashoka Omukulu,Unknown,
9758,Laura Kahunde,Unknown,
9759,Beverley Nambozo,Female,
9760,Breeze Sarah Babirye Kityo,Female,
9761,Brenda Nabukenya,Female,
9762,Busingye Peninah Kabingani,Unknown,
9764,Grace Akallo,Female,mu 1981
9765,Etheldreda Nakimuli-Mpungu,Unknown,mu 1974
9766,Grace Aluka,Unknown,Ogwomukaaga 2 2003
9767,Grace Kesande Bataringaya,Female,Ogwomwenda 4 1970
9768,Grace Tubwita,Female,
9770,Catherine Nakalembe,Female,
9771,Catherine Odora Hoppers,Female,
9773,Christine Ntegamahe Mwebesa,Female,
9775,Christine Obbo,Unknown,
9776,Christine Dranzoa,Unknown,mu 1967
9777,Harriet Anena,Male,
9778,Hellen Kahunde,Female,
9779,Grace Kwiyucwiny,Female,
9780,Idah Nabayiga,Female,
9781,Hope Mwesigye,Female,
9782,Hellen Baleke,Female,Ogwokutaano 3 1987
9783,Hilda Twongyeirwe,Female,
9784,Ife Piankhi,Unknown,
9785,Uganda,Male,
9790,Module:Language/data/iana languages,Male,
9868,Template:Infobox country/doc,Unknown,
9870,Spencer Nakacwa,Unknown,mu 1998
10013,Zari Hassan,Female,Ogwomwenda 23 1980
10020,Christine Ondoa,Male,
10021,Zaitun Driwaru,Female,Ogwekkumineebiri 10 1977
10022,Joy Doreen Biira,Unknown,Ogwomwenda 5 1986
10023,Jacinta Athieno Ayo,Female,
10024,Violet Barungi,Female,Ogwekkuminebiri 18 1943
10025,Faridah Nakazibwe,Unknown,
10026,Lulu Hassan,Male,
10027,Sheilah Gashumba,Unknown,
10028,Jacinta Atuto,Female,
10029,Iriama Margaret,Female,Ogwekkuminogumu 3 1965
10030,Irene Manjeri,Female,
10031,Oleru Huda,Female,
10032,Sabrina Kitaka,Unknown,
10033,Josephine Karungi,Unknown,
10034,Imelda Namutebi,Unknown,mu 1970
10035,Daisy Nakalyango,Female,
10083,Sylvia Tamale,Female,
10084,Damalie Nagitta-Musoke,Unknown,
10085,Taban Sharifah Aate,Female,
10086,Teddy Nambooze,Female,
10087,Dora Mwima,Female,
10088,Tete Chelangat,Female,Ogw'omunaana 6 1960
10089,Veronica Isala Eragu Bichetero,Unknown,Ogw'omunaana 3 1953
10091,Doreen Nyanjura,Female,mu 1989
10092,Namirembe Bitamazire,Female,ogw'Omusanvu 17 1941
10093,Maggie Kigozi,Female,
10094,Rosemary Seninde,Female,Ogusooka 7 1965
10095,Mariam Luyombo,Female,
10096,Susan Amero,Female,
10097,Susan Mugabi Nakaziba,Unknown,
10098,Noerine Kaleeba,Female,
10099,Susan Nalugwa Kiguli,Unknown,Ogw'omukaaga 24 1969
10100,Sarah Arapta,Female,
10101,Jolly Kaguhangire,Female,
10102,Irene Mulyagonja,Male,mu 1963
10103,Josephine Okot,Female,
10104,Dorcas Muthoni,Female,
10105,Dorcus Ajok,Female,
10106,Dorothy Azairwe Nshaija Kabaraitsya,Female,
10107,Dorothy Hyuha,Female,
10108,Josephine Wapakabulo,Unknown,mu 1976
10109,Catherine Bamugemereire,Unknown,
10110,Judy Rugasira Kyanda,Female,
10111,Regina Mukiibi,Female,
10112,Monica Azuba Ntege,Unknown,
10113,Syda Bbumba,Female,Ogusooka 7 1952
10114,Sylvia Owori,Female,mu 1976
10115,Nancy Kalembe,Female,mu 1980
10116,Sylvia Namutebi,Unknown,
10117,Betty Awori Engola,Female,
10118,Enid Mirembe,Unknown,
10119,Patricia Akello,Unknown,
10120,Margaret Nankabirwa,Unknown,Ogwomusanvu 6 1987
10121,Jane Kiggundu,Male,
10122,Jane Avur Pacuto,Female,January 6 1966
10123,Jalia Bintu,Female,Ogw'Okutaano 20 1967
10124,Jacqueline Amongin,Unknown,Ogwomukaaga 26 1982
10125,Jacklet Atuhaire,Female,Ogwomukaaga 20 1981
10126,Monica Arac de Nyeko,Female,mu 1979
10127,Edigold Monday,Female,
10128,Joan Kagezi,Male,mu 1993
10129,Jessica Naiga,Female,
10130,Jessica Eriyo,Unknown,
10131,Jenipher Namuyangu,Female,
10132,Hadija Namanda,Female,
10133,Edith Sempala,Female,
10134,Elizabeth Mwesigwa,Female,
10135,Sylvia Rwabogo,Female,
10136,Sarah Kagingo,Female,1978
10137,Elvania Namukwaya Zirimu,Female,
10138,Emily Nakalema,Unknown,
10139,Quiin Abenakyo,Female,Ogwokubiri 11 1996
10140,Lynda Ddane,Female,Ogwekkumi 25 1994
10141,Emily Nanziri,Unknown,
10142,Santa Anzo,Female,
10143,Lilly Ajarova,Unknown,mu 1969
10144,Gladys Kalema-Zikusoka,Unknown,Ogusooka 8 1970
10146,Emma Naluyima,Female,
10147,Vanessa Nakate,Female,Ogwekkumin'ogumu 15 1996
10148,Evelyn Acham,Unknown,
10150,Sarah Ssali,Female,
10151,Esteri Tebandeke,Female,
10152,Marie Solome Nassiwa,Unknown,
10153,Mariam Nalubega,Female,
10154,Mariam Naigaga,Female,Ogwokutaano 22 1979
10155,Margaret Zziwa,Female,
10156,Margaret Sekaggya,Unknown,
10157,Esther Chebet,Unknown,
10158,Esther Opoti Dhugira,Female,
10159,Molly Lanyero,Female,
10160,Miria Obote,Female,Ogusooka 16 1936
10162,Mpiima Dorothy Christine,Female,Ogwomusanvu 22 1959
10163,Mpabwa Sarah Patience,Unknown,Ogwomunaana 6 1966
10164,Monica Mugenyi,Unknown,
10165,Masiko Winifred Komuhangi,Female,
10166,Mary Goretti Kitutu,Male,
10167,Eva Magala,Female,
10168,Evelyn Adiru,Unknown,
10169,Fadilah Shamika Mohamed Rafi,Female,
10170,Farah Damji,Female,
10171,Farida Kyakutema,Unknown,
10172,Fazila Ikwaput,Female,
10173,Margaret Sentamu Masagazi,Unknown,
10174,Peninah Kabenge,Female,
10175,Rhoda Kalema,Male,
10176,Mary Okwakol,Unknown,1951
10177,Essanyu Kwesiga,Female,
10178,Florence Muranga,Unknown,
10179,Proscovia Nalweyiso,Male,
10180,Annette Nkalubo,Female,
10181,Omukyala Flavia Nabugere Munaaba,Unknown,
10182,Flavia Namakula,Female,
10183,Flavia Oketcho,Unknown,
10184,Nancy Acora,Female,
10185,Nabulya Theopista Ssentongo,Female,Ogwokubiri 14 1951
10187,Naima Melsa Gule Avako,Female,
10188,Florence Mawejje,Female,
10189,Florence Nebanda,Female,
10190,Gertrude Kayaga Mulindwa,Unknown,
10196,Leah Namugerwa,Female,mu 2004
10200,Ekibira ky'e Budongo,Unknown,
10201,Joe Oloka-Onyango,Unknown,
10202,Geoffrey Ogwaro,Unknown,
10203,Anup Singh Choudry,Male,Ogwomunaana 13 1949
10204,Peter Takirambudde,Unknown,
10205,Victor Mukasa,Unknown,
10206,Nicholas Opiyo,Unknown,
10207,Ekibiina ekigatta abakyala mu Paalamenti ya Uganda,Unknown,
10208,Femrite,Female,
10209,Eliezah Foundation Initiative Uganda,Female,
10210,Omukutu gw'abakyala mu Uganda,Female,
10212,Akakiiko k’eddembe ly’obuntu mu Uganda,Unknown,
10215,Jesuit Refugee Service,Unknown,
10218,Hanshin Tigers,Unknown,
10219,Environmental Conservation Trust of Uganda,Unknown,
10224,Ebyobulimi mu Uganda,Unknown,
10227,Ekitongole ekikwasaganya ebibira,Unknown,
10230,Ekitongole ekivunaanyizibwa ku bisolo by'omu nsiko mu Uganda,Unknown,
10231,Ekitongole kya Uganda Conservation Foundation,Unknown,
10234,Najibu Kivumbi,Male,
10237,Prince Wasajja Kiwanuka,Female,
10239,Rose Namayanja,Female,Ogw'omunaana 18 1975
10240,Josephine Nambooze omusajja omulala,Female,
10242,Kato Lubwama,Unknown,Ogwomunaana 16 1970
10243,Abby Mukiibi Nkaaga,Unknown,
10244,Ekibiina ky'abakyala ekya Uganda Media,Unknown,
10248,User:Nabukeera Dorothy/Bebe Cool,Female,September 1 1977
10249,User:Nabukeera Dorothy/AK 47 Mayanja,Male,
10252,Navio (akuba ennyimba z'okufubutuka ebigambo),Unknown,
10256,Amayute,Unknown,
10281,Nalwoga Cerinah Kasirye,Female,
10290,Gautama Buddha,Unknown,
10294,Okusenga kw’ababundabunda mu Achol-Pii,Unknown,
10297,Abavubuka Ababundabunda mu Afrika olw'enkulaakulana ey'omuggundu,Unknown,
10298,Ninsiima Ronah Rita,Female,Ogwokusatu 31 1978
10299,Okusenga Kw'abundabunda Mu Lobule,Unknown,
10300,Adonia Katungisa,Unknown,
10301,Ababundabunda ba Uganda,Unknown,
10302,Ensenga yababundabunda Kyangwali,Unknown,
10308,Betty Nakibuuka,Female,1975
10421,Bakisimba,Unknown,
10423,Brian Lubega,Unknown,
10424,Amaggunju,Unknown,
10427,Rosemary Salmon,Female,
10429,George Washington,Unknown,
10430,Grace Birungi,Unknown,
10431,Jimbricky Norman Ochero,Unknown,
10433,James Mamawi,Unknown,
10434,Muhammad Ssegirinya,Unknown,mu 1988
10435,Rachael Magoola,Female,
10436,Aloysius Mukasa,Unknown,1983
10437,Alex Ruhunda,Unknown,Ogwekkuminebiri 2 1971
10438,Irene Linda Mugisha,Female,
10439,Margaret Annet Muhanga Mugisa,Female,
10441,Lucy Akello,Female,
10442,Mourine Osoru,Female,
10443,Phyllis Chemutai,Female,Ogwokutaano 30 1962
10444,Robina Gureme Rwakoojo,Unknown,
10445,Aisha Kabanda,Female,
10446,Lillian Obiale Paparu,Female,mu 1978
10447,Manjeri Kyebakutika,Female,
10448,Sheila Kawamara-Mishambi,Female,
10449,Betty Aol Ochan,Unknown,Ogwekkuminebiri 28 1958
10450,Catherine Nanziri,Unknown,ogwomwenda 13 1999
10451,Sharon Balmoi Laker,Female,
10452,Karitas Karisimbi,Male,mu 1974
10453,Victoria Rusoke Businge,Female,Ogusooka 3 1956
10454,Aisa Black Agaba,Female,
10455,Helen Nakimuli,Female,Ogw'Omusanvu 2 1985
10456,Rose Lilly Akello,Female,Ogwekkuminebiri 23 1971
10457,Sandra Nabweteme,Female,Ogw'ekuminneemu 1 1996
10458,Janepher Mbabazi Kyomuhendo,Female,
10459,Tophace Kaawa,Female,Ogw'omwenda 1 1974
10460,Omuyimbi Beatrice Byenkya,Female,
10461,Betty Mpeka,Unknown,
10462,Jenifer Abaho Muheesi,Female,
10463,Noeline Kisembo Basemera,Female,December 27 1973
10464,Kirabo Namutebi,Unknown,Ogw'okubiri 8 2005
10465,Rose Emma Cherukit,Female,
10466,Flavia Rwabuhoro Kabahenda,Female,
10467,Connie Galiwango Nakayenze,Female,August 31 1967
10468,Juliet Bashiisha Agasha,Female,
10469,Grace Nambatya Kyeyune,Unknown,
10470,Joan Acom Alobo,Female,
10471,Jamila Mayanja,Female,mu 1988
10472,Zahara Nakiyaga,Female,
10473,Sauda Kauma,Unknown,
10474,Rhoda Wanyenze,Female,
10475,Rosemary Nyakikongoro,Female,mu 1965
10476,Naome Kibaaju,Female,
10477,Ruth Doreen Mutebe,Female,
10478,Rose Obinga,Female,
10479,Olive Kobusingye,Unknown,
10480,Joyce Kavuma,Unknown,
10481,Grace Nakibaala,Unknown,
10482,Abigaba Cuthbert Mirembe,Female,Ogwokutaano 24 1975
10483,Molly Musiime Asiimwe,Female,
10484,Prossy Akampurira,Female,December 8 1987
10485,Santa Okot,Female,
10486,Gudula Naiga Basaza,Unknown,
10487,Rebecca Mpagi,Female,
10488,Margaret Lamwaka,Female,
10489,Margaret Lamwaka Odwar,Female,Ogwekkumineebiri 23 1969
10490,Irshad Manji,Female,mu 1968
10491,Loyce Biira Bwambale,Female,
10492,Violet Kajubiri,Unknown,mu 1949
10493,Dorothy Okello,Female,
10494,Zarina Bhimji,Unknown,mu 1963
10495,Mildred Barya,Unknown,
10496,Tshila,Female,
10497,Olukalala lw'abayimbi abakyala mu Uganda,Unknown,
10498,Vanessa Karungi,Female,Ogw'ekkumin'ogumu 8 1999
10499,Rachel Mayanja,Female,
10500,Winnie Nantongo,Unknown,Ogwekumi 27 1998
10501,Gertrude Nakabira,Female,
10502,Milly Nassolo,Male,
10503,Joyce Moriku,Female,
10505,Susan Nsibirwa,Female,
10507,Violah Nambi,Unknown,Ogwomusanvu 14 1995
10508,Thereza Piloya,Unknown,
10509,Jeninah Karungi,Male,
10510,Medius Kaharata Natukunda,Female,
10511,Alice Nabatanzi,Female,mu 1988
10512,Lukia Isanga Nakadama,Female,Ogwokubiri 2 1970
10513,Agather Atuhaire,Female,
10515,Jennifer Driwaru,Female,mu 1982
10516,Joyce Namirimo Tamale,Female,
10517,Jane Asinde,Unknown,
10518,Hope Akello,Unknown,
10520,Bathsheba Okwenje,Female,
10521,"Lydia Oile, omuyimbi",Female,
10522,Naira Ali,Female,Ogw'ekkuminebiri 5 1988
10523,Joy Lehai Kanyarutokye,Female,mu 1946
10524,Kiara Kabukuru,Unknown,
10525,Kabakumba Masiko,Female,
10526,Christine Kitumba,Unknown,
10527,Mariam Nabatanzi,Female,
10528,Grace Oburu,Female,
10531,Acaye Kerunen,Female,mu 1981
10532,Achia Remegio,Female,Ogwekkumineebiri 27 1970
10533,Ajok Lucy,Female,Ogwoluberyeberye 3 1962
10534,Rukiya Chekamondo,Unknown,
10535,Prossy Tusabe,Unknown,
10536,Laeticia Kikonyogo,Female,
10537,Annettee Nakimuli,Unknown,
10538,Gloria Muzito,Unknown,
10540,"Vanessa Erogbogbo, omuwandiisi w’ebitabo",Unknown,
10541,Juliet Sekabunga Nalwanga,Female,
10542,Rumina Velshi,Unknown,
10543,Jane Suuto,Unknown,Ogw'omunaana 8 1978
10544,Cleopatra Kambugu Kentaro,Female,mu 1984
10545,Thelma Awori,Female,
10546,Miriam Muwanga,Female,Ogwomwenda 1 1974
10547,Miriam Mukhaye,Female,
10548,Nakato Kyabangi Katusiime,Female,Ogwekkuminebiri 23 1972
10549,Hashaka Kabahweza Florence,Female,
10550,Akumu Catherine Mavenjina,Female,
10551,Catherine Webombesa,Unknown,
10552,Ritah Asiimwe,Female,ogwomusanvu 10 1986
10553,Lillian Bagala,Unknown,
10554,Sarah Aguti Nyangkori,Female,
10555,Hannah Karema Tumukunde,Female,mu 1998
10556,Freda Mubanda Kasse,Female,Ogwomunaana 30 1943
10557,Jane Frances Abodo,Female,
10558,Julia Kibubura,Female,
10559,Princess Elizabeth of Tooro,Female,mu 1936
10560,Catherine Adipo,Female,
10561,Usher Komugisha,Female,
10562,Immaculate Irumba,Unknown,
10563,"Natasha Shirazi, omuwandiisi w’ebitabo",Unknown,Ogw'okuiri 8 1996
10565,Halima Namakula,Female,
10566,Jenifer Bamuturaki,Female,
10568,Christine Butegwa,Female,
10569,Winifred Kiryabwire,Unknown,
10570,Keturah Kamugasa,Unknown,
10571,Ellinor Catherine Cunningham van Someren,Male,
10572,Rowena Turinawe,Female,
10573,Florence Nkurukenda,Female,
10574,Victoria Nakibuuka,Female,
10575,Rosemary Kerwegi,Female,
10576,Agnes Kirabo,Unknown,
10578,Alintuma Nsambu,Unknown,
10579,Bakonjo,Female,
10580,Mariam Fauzat Wangadya,Unknown,
10581,Susan Nakawuki,Female,mu 1984
10582,Alice Komuhangi Khaukha,Unknown,
10583,Beatrice Kiraso,Female,
10584,Amoit Judith Mary,Female,Ogwomukaaga 26 1976
10585,Okullo Aabuka Jallon,Unknown,
10586,Elizabeth Eilor,Unknown,
10587,Damalie Nakanjako,Unknown,
10588,Okufuna olubuto mu myaaka egisobba mu 50,Female,
10589,Safina Namukwaya,Female,
10590,Peace Kusasira,Female,Ogwokubiri 27 1962
10591,Stella Kizza,Unknown,
10593,Lydia Chekwel,Female,
10595,Justine Nabbosa,Female,
10596,Jeninah Ntabgoba,Female,
10597,Nayiga Florence Ssekabira,Female,
10598,Lillian Tibatemwa-Ekirikubinza,Female,
10599,Tezira Jamwa,Female,
10600,Hellen Asamo,Unknown,
10601,Ann Maria Nankabirwa,Female,Ogwokutaano 20 1975
10602,Jovah Kamateeka,Female,
10603,Margaret Rwabushaija,Unknown,Ogwomunaana 12 1956
10604,Monicah Amoding,Female,
10605,Salim Saleh,Unknown,
10606,Nana Kagga,Male,
10607,Jovrine Kyomukama Kaliisa,Female,
10608,Violet A. Akurut,Female,Ogwomunaana 25 1976
10609,Christine Ayo Achen,Female,Ogwomusanvu 7 1983
10610,Sylvia Nanyonga,Unknown,
10611,Goretti Angolikin,Unknown,
10612,Jane Mulemwa,Unknown,
10613,Regina Amollo,Unknown,
10614,Cleopatra Koheirwe,Unknown,
10615,Loy Katali,Unknown,Ogwekumi 12 1975
10616,Nusura Tiperu,Female,
10617,Rose Rwakasisi,Unknown,mu 1945
10620,Justine Khainza,Female,
10622,Margaret Mungherera,Female,
10623,Olivia Aya Nakitanda,Unknown,
10624,Maria Musoke,Unknown,
10625,Monica Birwinyo,Unknown,Ogwomukaaga 4 1990
10626,Supra Singhal,Unknown,Ogwokusatu 2 1982
10627,Joyce Kakuramatsi Kikafunda,Unknown,
10628,Susan Jolly Abeja,Female,
10629,Rosette Kajungu Mutambi,Female,
10630,User:Nabukeera Dorothy/Rosette Kajungu Mutambi,Female,
10631,Lowila CD Oketayot,Unknown,
10632,Margaret Baba Diri,Unknown,
10633,Jessica Ejjembe,Female,mu 1979
10634,Margaret Mbeiza Kisira,Female,
10635,Naome Bagenda,Female,
10636,Jackee Budesta Batanda,Female,
10637,Judy Obitre–Gama,Unknown,
10638,Julie Mukoda Zabwe,Unknown,
10639,Joy Kabatsi,Female,
10640,Philippa Namutebi Kabali-Kagwa,Female,1964
10641,Rose Mutonyi Masaaba,Female,
10642,Lilly Adong,Unknown,
10643,Jane Nabulindo Kwoba,Female,
10644,Jimmy Spire Ssentongo,Unknown,
10645,Gloria Kamba,Unknown,
10646,Mary Mugyenyi,Male,
10647,Josephine Nabukenya,Unknown,
10648,Maud Kamatenesi Mugisha,Female,Ogwokutaano 5 1970
10649,Oyenbot,Female,
10650,Deena (omuyimbi) .,Unknown,
10651,Pumla Kisosonkole,Male,
10652,Aisha Sematiko,Female,
10653,Jane Kaberuka,Female,Ogwomunaana 28 1956
10654,Elizabeth Ibanda-Nahamya,Unknown,
10655,Rama Jacqueline Aol,Female,
10656,Fauziah Nakiboneka,Female,
10657,Anne Atai Omoruto,Unknown,
10659,Penny Tinditina,Unknown,
10660,Judith Tukahirwa,Unknown,
10661,Godliver Businge,Female,
10662,Stella Arach-Amoko,Unknown,
10663,Sarah Nambawa,Unknown,Ogwomwenda 23 1985
10664,Lillian Tindyebwa,Female,
10665,Patricia Apolot,Female,
10666,Christine Akello,Unknown,
10667,Anne Nasimiyu Wasike,Unknown,
10668,Diana Nkesiga,Female,mu 1960
10669,Rose Akol,Female,Ogwekkuminogumu 27 1964
10670,Patricia Ojangole,Unknown,
10671,Dokita Ronald Kizito,Unknown,Ogwekkuminoogumu 6 1972
10672,Leah Kalanguka,Unknown,1991
10673,Nyakisi Adero,Unknown,Ogwomusanvu 2 1986
10674,Juliet Chekwel,Unknown,Ogwokutaano 25 1990
10675,Kamaanya owa Buganda,Female,
10676,Jovia Mutesi,Unknown,Ogw'omwenda 21 1997
10677,Jane Mpologoma Nabanakulya,Unknown,
10678,Rose Kirumira,Female,Ogw'ekkumi 28 1962
10679,Victoria Nyanjura,Female,mu 1982
10680,Jennifer Nansubuga Makumbi,Female,
10681,Mariam Najjemba,Female,
10682,Hope Ekudu,Unknown,
10683,Ziria Tibalwa Waako,Unknown,
10684,Leni Shida,Unknown,Ogw'okutaano 22 1994
10685,Irene Birungi,Female,mu 1973
10686,Molly Nawe Kamukama,Unknown,Ogwomunaana 23 1973
10687,Grania Rubomboras,Unknown,
10688,Peace Butera,Female,
10689,Bernadette Olowo,Unknown,mu 1948
10690,Katie Kibuka,Unknown,
10691,Philippa Ngaju Makabore,Unknown,
10692,Irene Ovonji-Odida,Unknown,mu 1964
10694,Ruth Tuma,Female,
10696,Queen of Katwe,Female,
10697,Proscovia Margaret Njuki,Unknown,Ogwokuttaano 25 1951
10698,Anita Fabiola,Female,
10699,Rebecca Amuge Otengo,Female,Ogwokuna 26 1966
10700,Phiona Nyamutoro,Female,
10701,Rosemary Kisembo,Unknown,
10702,Catherine Amusugut,Unknown,
10703,Pauline Irene Batebe,Unknown,
10704,Bad Black,Male,
10705,Cissy Kityo,Unknown,
10706,Nimisha Madhvani,Unknown,
10707,Christine Nyangoma,Female,Ogwolubereberye 1 1967
10708,Proscovia Nabbanja,Female,
10709,Harriet Mayanja-Kizza,Unknown,
10710,Angela Atim Lakor,Female,mu 1982
10711,Agnes Konde,Female,
10712,Rosemary Tumusiime,Unknown,Ogwokuttaano 17 1962
10713,Olive Kazaarwe Mukwaya,Unknown,
10714,Suzan Mutesi,Female,
10715,Oliver Wonekha,Female,
10716,Penina Kasule,Female,
10717,Agnes Tibayeita Isharaza,Female,
10718,Nisha Kalema,Female,
10719,"Florence Ndagire,",Female,
10720,Stella Atal,Unknown,mu 1983
10721,Elizabeth Mpagi Bahigeine,Unknown,
10722,Juliane Okot Bitek,Unknown,1966
10723,Varsha Nair,Unknown,mu 1957
10732,Yunivasite y’e Airlangga,Unknown,
10733,Viboyo,Unknown,mu 1984
10734,Samuel Sserunkuuma,Unknown,
10735,Elly Sabiiti,Unknown,
10737,Abantu ba Sistani,Unknown,
10739,Joan Namutaawe,Female,
10740,William Leslie Amanzuru,Unknown,
10743,Ennyanja Edward,Unknown,
10744,Ennyanja George mu Uganda.,Unknown,
10745,Ennyanja Nkugute,Unknown,
10746,Ennyanja Nyabihoko,Female,
10747,Akayanja ka Kabaka.,Male,
10748,Ennyanja Bisina,Unknown,
10755,Gideon Bagadawa,Unknown,
10756,Anthony Masake,Unknown,
10757,Ennyanja Bunyonyi,Unknown,
10761,Ennyanja Opeta,Unknown,
10766,Barbara Kemigisa,Female,mu 1986
10795,Michael Ross Kakooza,Unknown,
10796,"Ismail Haniyeh, omuwandiisi",Unknown,
10797,Ismail Haniyeh,Unknown,
10799,Ricky Richard Anywar,Unknown,
10800,BBC News,Female,
10801,"Ismael ""El Mayo"" Zambada",Male,January 1 1948
10803,Pauline Byakika,Female,
10806,Kitara FC,Male,
10807,Police FC (Uganda) .,Male,
10808,Omupiira ogw'ebigere,Male,
10809,1962 Empaka z'omupiira ez'ameefuga ga Uganda.,Unknown,
10810,Tamale Mirundi,Female,Ogwomukaaga 30 1964
10811,Abel Dhaira,Unknown,
10812,Uganda Cranes,Unknown,
10813,Jaberi Bidandi Ssali,Male,1937
10815,Makerere University WFC,Unknown,
10816,Kadongo Kamu,Unknown,
10819,Makerere College School,Unknown,
10822,Crispus Kiyonga,Unknown,Ogwoluberyeberye 1 1952
10825,Micheal Lubowa,Unknown,
10827,Kosea Odongo,Unknown,
10828,"Johnson Twinomujuni, omuwandiisi w’ebitabo",Unknown,mu 1968
10829,Joel Obetia,Unknown,
10830,Gravity Omutujju,Female,mu 1993
10832,Bernard Obaikol,Unknown,
10833,Shaban Opolot,Unknown,mu 1924
10834,"Jane Awich, omuwandiisi w’ebitabo",Unknown,
10835,Shafiq Kagimu,Unknown,
10836,Zziwa,Unknown,mu 1997
10839,Simyoni Masaba,Unknown,
10840,Sam Egesa,Unknown,
10841,Nathan Kyamanywa,Unknown,mu 1956
10842,Patrick Gidudu,Unknown,
10843,Lugazi,Unknown,
10844,Cyprian Kizito Lwanga,Unknown,Ogwolubereberye 19 1953
10845,John Wilson Nattubu Tsekooko,Unknown,
10846,Philemon Mateke,Unknown,mu 1933
10847,Jackson Nzerebende,Unknown,
10849,George Kasangaki,Unknown,
10850,Phina Mugerwa,Female,
10851,Serapio Bwemi Magambo,Unknown,
10852,Mike Sserumaga,Unknown,ogwomunaana 3 1989
10853,Omusajja w’emmwanyi,Unknown,
10854,Vincent Kirabo,Unknown,ogw'ekkumi''' 1 1955
10855,Bobby Williamson,Male,August 13 1961
10856,Michael Senyimba,Unknown,
10858,Jackson Matovu,Unknown,
10859,Janani Luwum,Female,
10860,Joseph Kizito,Unknown,
10861,Stephen Kaziimba,Unknown,Ogwomunaana 15 1962
10862,Henry Kyemba,Male,
10863,Adrian Kivumbi Ddungu,Male,July 15 1923
10864,Flavia Anglin Senoga,Female,
10865,Percy Tuhaise,Unknown,
10866,Amos Magezi,Unknown,mu 1963
10867,Emmanuel Nsubuga,Unknown,
10868,Andrew Kaggwa,Unknown,
10869,Moroto,Unknown,1960
10870,Sanctus Lino Wanok,Unknown,Ogwookunna 7 1957
10871,Balaam Barugahara,Male,Ogwomusaanvu 28 1979
10872,"Michael Chibita, omuwandiisi w’ebitabo",Unknown,
10874,Emmanuel Tumusiime-Mutebile,Unknown,
10875,Louis Kasekende,Unknown,
10877,Evans Mukasa,Unknown,mu 1940
10880,Fred Masagazi,Unknown,
10881,Peter Nyombi,Female,
10883,Mpondwe,Unknown,
10884,Asan Kasingye,Female,
10885,Shamirah Nabadda,Male,September 26 1991
10886,Kololo Senior Secondary School,Female,
10887,Kitante Hill Secondary School,Female,
10888,Johnson Gakumba,Unknown,
10889,Ntungamo,Female,
10890,Disitulikiti y’e Pakwach,Unknown,
10891,Elioda Tumwesigye,Unknown,
10893,Kitovu Hospital,Unknown,
10898,Fik Fameica,Male,Ogwoluberyeberye 10 1996
10899,Stephen Malinga,Unknown,
10901,Humphrey Nabimanya,Female,November 14 1988
10902,Ssetendekero y’e Mbarara,Unknown,
10904,Mbale,Unknown,
10906,Disitulikiti y'e Ngara,Unknown,
10907,Bank of Uganda,Unknown,
10908,Asuman Kiyingi,Unknown,
10909,Martin Okoth Ochola,Unknown,Ogwomwenda 19 1958
10910,Njeru,Unknown,
10911,Paul Lokech,Unknown,
10912,Disitulikiti y'e Nyasa,Unknown,
10914,Lady Doves FC,Unknown,
10916,Geresom Ilukor,Unknown,
10917,Charles Livingstone Mbabazi,Female,October 18 1980
10919,Stanley Ntagali,Male,March 1 1955
10920,Henry Katumba Tamale,Unknown,
10921,Guaranty Trust Bank (Uganda),Unknown,
10922,George Erwau,Unknown,
10923,Eddwaaliro lya Villa Maria,Unknown,
10924,NCBA Bank Uganda,Unknown,
10925,Sheraton Kampala Hotel,Unknown,
10926,Senteza Kajubi,Female,
10927,Kampala Speke Hotel,Unknown,
10929,Richard Buteera,Unknown,
10930,Samuel Gidudu,Unknown,mu 1968
10931,Stephen Namanya,Unknown,
10932,"Lwakhakha, Uganda",Unknown,
10933,Allan Kateregga,Unknown,Ogwomukaaga 3 1994
10934,"Elly Tumwine, omuwandiisi w’ebitabo",Unknown,
10935,John Musinguzi Rujoki,Male,
10936,Alphonse Watho-kudi,Unknown,
10937,Sheldon Mwesigwa,Unknown,
10938,Samuel Ssekkadde,Unknown,
10939,Sam Kavuma,Unknown,
10940,Emmanuel Nsubuga (omukubi w’ebikonde),Unknown,Ogwekkuminebiri 24 1967
10941,David Sejusa,Unknown,
10943,Sam Kahuma,Unknown,
10944,She Corporates Football club,Unknown,
10945,Uganda Management Institute,Unknown,
10946,Eddwaliro lya St. Charles Lwanga Buikwe,Unknown,
10947,Aberi Balya,Unknown,
10949,Simon Mugenyi Byabakama,Unknown,
10950,Sabino Ocan Odoki,Unknown,
10951,Flavia Byekwaso,Female,Ogwekkuminebiri 29 1971
10953,Serverus Jjumba,Unknown,
10954,Disitulikiti ya Busia,Unknown,
10955,Alex Kakuba,Unknown,Ogwomukaaga 12 1991
10957,Joseph Anthony Zziwa,Unknown,
10958,Uskiella,Unknown,
10960,Lambert Bainomugisha,Unknown,Ogwomusanvu 12 1961
10961,Robert Odongkara,Unknown,
10962,Andrew Mwesigwa,Unknown,
10963,James Munange Ogoola,Male,
10964,Buluba Hospital,Female,
10965,Male Mabirizi,Male,
10966,Islamic University in Uganda,Unknown,
10968,Albert Edward Baharagate Akiiki,Unknown,Ogwokubiri 25 1930
10969,Lawrence Mukasa,Unknown,Ogwokussatu 14 1957
10970,Zziwa Kennedy,Unknown,Ogwokutano 19 1987
10971,Augustine Nshimye,Unknown,
10972,Richard Byarugaba,Unknown,mu 1961
10973,Christopher Izama Madrama,Unknown,
10974,Christopher Kakooza,Unknown,Ogwekkuminogumu 15 1952
10975,Charles Barugahare,Male,
10976,Matthias Ssekamaanya,Unknown,Ogwekkumi 15 1936
10977,Essaza lyobukatuliki ely'eLugazi,Unknown,
10978,Dominic Eibu,Unknown,Ogwokkuna 30 1970
10979,Raphael p'Mony Wokorach,Unknown,Ogwoluberyeberye 21 1961
10981,Rubby Opio Aweri,Male,Ogwokutaano 31 1953
10982,Jotham Tumwesigye,Unknown,
10983,Eldad Mwangusya,Unknown,
10984,Tamena Ibuga,Unknown,
10985,Eddwaaliro e Nakasero,Unknown,
10987,Stephen Musota,Unknown,
10988,Denis Ssebuggwawo Wasswa,Unknown,
10989,Omutukuvu Nelly-Sade,Unknown,
10992,"Deogratias Muganwa Byabazaire, Omuntu w'abantu",Unknown,ogwekkumi 9 1941
10993,Wilson Mbadi,Male,Gwomukaaga 6 1962
10995,Geoffrey Tumusiime,Unknown,
10996,Isaac Musumba,Unknown,
10997,James Kazini,Female,mu 1957
11001,Kampala Capital City Authority,Unknown,
11002,Yunivasite ya Cavendish Uganda,Unknown,
11003,Geoffrey Kiryabwire,Female,
11005,Kyetume FC,Unknown,
11007,Kololo,Male,
11009,Gulu United FC,Unknown,
11010,Kansai Plascon FC,Unknown,
11011,Kilembe Mines FC,Unknown,
11013,Nakasero Market,Unknown,
11014,Martin Ssempa,Female,1968
11015,Lweza FC,Unknown,
11017,Maroons FC,Unknown,
11019,Mbarara City FC,Unknown,
11020,National Enterprise Corporation FC,Unknown,
11023,Cabinet of Uganda,Unknown,
11024,William Byaruhanga,Unknown,
11025,Kenneth Kakuru,Male,
11026,Law Development Centre,Unknown,
11028,"King's College, Budo",Male,
11030,James Zikusoka,Unknown,Ogwekkuminogumu 11 1926
11031,Eddwaliro lya St. Francis e Nkokonjeru,Unknown,
11032,Nkokonjeru,Unknown,
11033,Adolf Mwesige,Male,Ogwokuna 4 1966
11034,Erias Lukwago,Male,Ogwokutaano 11 1970
11035,Nyanza Textile Industries Limited,Unknown,
11046,Giuseppe Filippi,Unknown,Ogwokussatu 17 1945
11047,Nile Breweries Limited,Unknown,
11048,Haruna Kasolo Kyeyune,Male,
11050,Henry Tumukunde,Unknown,Ogwokubiri 28 1959
11051,Kale Kayihura,Male,
11052,Felix Kulaygye,Male,
11053,Travis Mutyaba,Male,Ogwomunaana 7 2005
11065,Rachel Magulu,Female,
11066,Minti,Unknown,1994
11075,Morley Byekwaso,Unknown,
11076,Abdallah Mubiru,Male,mu 1975
11081,Ttaabamiruka we Rubaga 2024,Unknown,
11084,Dan Birikwalira,Unknown,Ogwolubereberye 5 1996
11086,Lilian Mary Nabulime,Female,Ogwekkuminebiri 22 1963
11087,Moses Aliro,Male,Ogwokubiri 9 1996
11090,Nana Asaase,Unknown,
11091,Eddwaliro ekkulu e Kawolo,Unknown,
11092,"Elio Capradossi,",Unknown,Ogwokusatu 11 1996
11094,Wooteri Eqatorial,Unknown,
11097,Omuti Nakayima,Female,
11099,Eddwaliro lya Nyenga Mission,Unknown,
11100,Ekitongole kya Sugar Corporation ekya Uganda Limited,Unknown,
11101,Wandegeya,Unknown,
11105,Makerere,Unknown,
11106,Ekika ky'Enjaza,Male,
11107,Ekika ky'Envuma,Male,
11108,Omugotteko gw'e katanga,Unknown,
11113,Emboozi ya Faaza Clements,Unknown,
11115,Gomesi,Female,
11121,Ebinnya bya Tanda,Unknown,
11122,Mukasa (omusambwa) .,Male,
11124,Walumbe,Unknown,
11125,Ggulu,Male,
11126,Kibuuka (omusambwa) .,Female,
11131,Kazino ez’oku mutimbagano,Unknown,
11138,Kigolooba Mataali Group Limited,Male,
11141,Anne Nassanga,Male,
11143,Godfrey Makumbi,Unknown,
11145,Shaka Ssali,Unknown,
11146,"Janat Chemusto, omuwandiisi w’ebitabo",Unknown,July 05 1998
11147,Janat Chemusto,Unknown,July 05 1998
11148,Ivan Edwards,Unknown,
11149,Essanyu Ruth Acheng,Female,
11150,Joy Ruth Acheng,Female,
11151,Hadija Namale,Female,mu 1947
11152,Maureen Nantume,Female,
11153,Frances Akello,Female,mu 1936
11154,Josephine Kasya,Female,
11155,Joyce Mpanga,Female,January 22 1934
11156,Omuyimbi Eunice Otuko Apio,Female,mu 1976
11157,Malyamu Amin,Male,
11159,Jacqueline Asiimwe,Female,March 1970
11160,Julianne Mweheire,Unknown,
11161,Veronica Sentongo,Unknown,mu 1993
11162,Purity Wako,Female,
11165,Tina Drazu,Unknown,
11166,Jackline Kemigisa,Female,
11167,Amanda Tumusiime,Female,mu 1973
11169,Evelyn Nabunya,Unknown,
11170,Elizabeth Muwanga Alamo,Female,
11171,Florence Nkalubo,Female,
11172,Monica Kirya,Unknown,
11173,Jolly Nankunda,Female,1959
11174,Victoria Walusansa,Unknown,
11175,Zafaran (omuyimbi) .,Unknown,
11176,Zafaran (omuyimbi),Unknown,
11177,Winnie Nwagi,Unknown,
11178,Susan Kigula,Unknown,1980
11179,Carol Nakimera,Female,mu 1974
11180,Alice Mwesigwa,Female,1969
11181,Tumuheirwe Florence,Female,
11182,Ettooke,Unknown,
11190,Moses Muhangi,Male,Ogwekuminogumu 5 1990
11191,Pearl of Africa Rally,Unknown,
11192,Stephen Omony,Unknown,Ogwekuminogumu 3 1981
11198,Guinea ya Bufalansa,Unknown,
11199,Omukutu gwa Twitter,Unknown,
11202,Daudi Okello,Unknown,Ogwomwenda 20 1995
11203,Elvis Bwomono,Unknown,Ogwekuminogumu 29 1998
11204,Ivan Lumanyika,Unknown,Ogwomukaaga 28 1992
11205,Agnes Nabukenya,Female,Ogwekkumi 10 2008
11206,Elio Capradossi,Unknown,Ogwokusatu 11 1996
11207,Nicholas Omonuk,Unknown,
11213,Simon Peter Kinobe,Unknown,
11214,Janet Achola,Unknown,Ogwomukaaga 26 1988
11215,Gaetano Batanyenda,Unknown,Ogwomukaaga 30 1944
11216,Augustine Nsumba,Unknown,
11217,Steven Mukwala,Male,July 15 1999
11218,Martin Muwanga,Unknown,
11219,Nandede Zaina,Female,
11220,Gavin Kizito,Unknown,January 14 2002
11221,Charles Lukwago,Unknown,
11222,Robert Ssentongo (omuzannyi w'omupiira),Unknown,June 5 1988
11223,Bibyo,Unknown,
11224,Thembo Nyombi,Unknown,Ogwomusanvu 31 1964
11227,Deogratias Muganwa Byabazaire,Unknown,Ogwomwenda 9 1941
11228,John Ssebuwufu,Unknown,
11229,Emmanuel Katongole,Unknown,Ogwokuna 27 1962
11230,David Serwadda,Female,
11233,Maryhill High School,Unknown,
11236,Ibrahim Kironde Kabanda,Unknown,
11238,Muhammed Alibhai,Male,
11239,Grace Kavuma,Male,
11240,Template:Infobox person/doc,Unknown,
11244,User:Solomon Suubi/sandbox,Unknown,
11245,Allan Oyirwoth,Unknown,Ogwolubereberye 23 2007
11246,Julie Mutesasira,Female,ogwokubiri 27 1978
11247,Tom Butime,Unknown,
11248,Michael Mawanda,Unknown,Ogwomusanvu 23 1967
11249,Patrick Kayemba,Unknown,
11250,Abdul Kadir Ali Muwaya,Unknown,
11251,Saint Kizito,Unknown,
11252,Davis Arinaitwe,Unknown,Ogwokuna 20 1987
11253,Uganda Air Cargo Corporation,Unknown,
11254,Mike Kennedy Sebalu,Unknown,
11255,Best Kemigisa,Female,Ogwokuna 22 1967
11256,Bright Rwamirama,Unknown,mu 1954
11258,Mapeera House,Unknown,
11259,Olara Otunnu,Female,Ogwomwenda 6 1950
11260,John Kyazze,Unknown,Ogwokubiri 1 1954
11261,Mc Norman,Unknown,
11262,Said Adrus,Unknown,1958
11263,Bobby Lash B2C,Male,Ogw'okuna 20 1992
11264,Matiya Mulumba,Unknown,
11265,Laurence Sematimba,Unknown,Ogwomukaaga 28 1982
11266,Benjamin Musoke,Unknown,Ogwekkumi 23 1976
11267,Junior Kwebiha,Unknown,Ogwoluberyeberye 7 1981
11268,Saleh Kamba,Unknown,
11269,Rukidi IV ow’e Tooro,Female,Ogwokuna 16 1992
11270,Kalema of Bugand,Female,Ogwomunaana 31 1889
11271,Apolo Kivebulaya,Male,
11272,Hajjati minsa kabanda,Female,
11273,Jjunju of Buganda,Unknown,
11275,Faridah Nambi,Female,
11277,Ganzi Mugula,Unknown,Ogw'omusanvu 24 1979
11278,Ttembo owa Buganda,Unknown,
11280,Amon Bazira,Unknown,1944
11281,Ndawula owa Buganda,Male,
11282,Kagulu owa Buganda,Female,
11283,Kikulwe owa Buganda,Unknown,
11284,Mawanda of Buganda,Male,
11285,Leila Nakabira,Unknown,mu 1993
11286,Nkulanga Enock,Unknown,
11287,Jack Maumbe Mukhwana,Female,
11288,Martin Stephen Egonda-Ntende,Unknown,
11289,Chwa I owa Buganda,Female,
11290,Kyabaggu of Buganda,Unknown,
11291,Fred Mukisa,Unknown,
11292,Ssemakookiro of Buganda,Unknown,
11293,Simon D'Ujanga,Unknown,
11294,Fred Omach,Unknown,
11295,Ntare VI of Ankole,Female,
11296,Sulaiman Kyebakoze Madada,Unknown,
11297,Sulaiman Madada,Unknown,
11298,Gagawala Wambuzi,Unknown,
11300,Arthur Kaluma,Male,
11301,Simon Ejua,Unknown,
11302,Cotilda Nakate Kikomeko,Unknown,
11303,Kimera of Buganda,Female,
11304,Gordon Wavamunno,Unknown,
11305,James Baba,Unknown,
11306,John Wills,Unknown,Ogwekkuminogumu 8 1872
11307,Yash Tandon,Unknown,Ogwomukaaga 21 1939
11310,Asif Din,Unknown,Ogwomwenda 21 1960
11311,Kiyimba owa Buganda,Female,
11312,Kiggala owa Buganda,Female,
11313,Kassim Ouma,Unknown,
11314,Kayima owa Buganda,Female,
11315,Nakibinge owa Buganda,Unknown,
11316,SK Mbuga,Unknown,Ogw'okubiri 14 1983
11317,Canon Andrew Nyote,Unknown,
11318,Kiweewa,Unknown,
11319,Simon Peter Engurait,Unknown,
11320,Mulondo owa Buganda,Female,
11321,Jemba owa Buganda,Female,
11322,Ssuuna I of Buganda,Female,
11323,Ssuuna I owa Buganda,Female,
11324,Ssekamanya owa Buganda,Female,
11325,Ali Kony,Female,mu 1990
11326,Onesimus Asiimwe,Unknown,
11327,Kimbugwe owa Buganda,Female,
11328,Kateregga owa Buganda,Female,1644
11329,Mutebi I owa Buganda,Female,
11330,Jjuuko of Buganda,Female,
11332,Jjuuko owa Buganda,Female,
11333,Ssekabaka Kayemba owa Buganda,Unknown,
11334,Sabiiti Muzeyi,Unknown,1975
11335,Polly Namaye,Female,
11336,Muhammad Kirumira,Unknown,
11337,Tebandeke owa Buganda,Female,
11338,Namuggala owa Buganda,Unknown,
11339,Kiweewa owa Buganda,Female,
11340,Onegi Obel,Female,Ogwokuna 4 1932
11341,Olimi I owe Tooro,Male,
11342,Olimi I ow'e Tooro,Female,
11343,Ruhaga ow'e Toro,Unknown,
11344,Nyaika owe Tooro,Male,
11345,Rukidi I owe Toro,Unknown,
11346,Olimi II ow'e Tooro,Unknown,mu 1853
11347,Jonah Lwanga,Unknown,Ogwomusanvu 18 1945
11350,Sudhir Ruparelia,Male,
11351,Rukidi II ow’e Tooro,Unknown,
11352,Rububi Kyebambe II ow’e Tooro,Male,
11353,Kakende ow'e Toro,Male,
11354,Christopher Senyonjo,Female,
11355,Ssekabaka Mwanga II owa Buganda,Unknown,
11356,Augustine Kasujja,Unknown,Ogwokuna 26 1946
11357,Katera ow'e Toro,Unknown,
11358,Kyebambe IV owe Tooro,Female,
11359,Kyebambe III owe Tooro,Female,
11360,Gerald Kasaato,Unknown,
11361,Patrick Salvador Idringi,Male,Ogwokubiri 14 1985
11362,Kamanda Bataringaya,Unknown,
11364,John Kabaireho,Unknown,mu 1923
11365,Daisuke Ssegwanyi,Unknown,Ogwokusatu 11 1993
11366,Raymond Rushabiro,Unknown,
11368,Katherine Namuddu,Female,
11369,Peace Mbabazi Kyamukongwire,Unknown,mu 1982
11370,Omukama Rukidi III ow'eTooro,Female,mu 1934
11371,Micheal Etyang,Unknown,
11372,Omukama Rukidi III ow'e Tooro,Female,mu 1934
11373,William F.S. Edwards,Unknown,
11374,Omukama w'e Tooro,Female,mu 1967
11375,Olivia Wawire,Female,Ogw'okubiri 8 1960
11376,Jonathan Kingdon,Unknown,1935
11377,Aisha Lubega,Female,
11379,Norah Amin,Female,
11380,Madina Amin,Female,
11381,Daudi Kintu Wasajja,Female,1966
11382,Esther Wamala,Female,
11383,George Kirya,Unknown,1939
11384,Fred Wabwire-Mangen,Male,
11385,Nelson Sewankambo,Unknown,
11386,Kezia owa Buganda,Female,
11387,Charles Mumbere,Male,Ogwekkuminogumu 20 1953
11388,Arthur Kyobe,Unknown,Ogw'ekkumin'ogumu 29 1988
11389,Joseph Kony,Female,
11390,Sandy Stevens Tickodri-Togboa,Unknown,Ogwekkumi 29 1949
11391,Bulaimu Muwanga Kibirige,Unknown,
11392,Ivan Semwanga,Female,
11393,Daniel Kajumba,Unknown,Ogwekkuminoogumu 20 1952
11394,Amos Nzeyi,Unknown,
11395,Francis Okello,Unknown,
11396,David Wakikona,Unknown,
11397,Yosia Nadiope owa Busoga,Unknown,
11398,Ignatius Sserulyo,Unknown,
11399,Henry Mzili Mujunga,Unknown,1971
11400,Micheal Kasaija,Unknown,
11401,Amos Twinomujuni,Unknown,1945
11402,Samuel Turyagyenda,Unknown,
11403,Joseph Semwanga,Unknown,mu 1973
11404,Robert Rusoke,Unknown,
11405,Francis Chemonges,Unknown,
11406,Semei Kakungulu,Unknown,
11408,Muljibhai Madhvani,Unknown,
11409,Michael Kyomya,Female,
11410,Kirunda Kivejinja,Unknown,Ogwomukaaga 12 1935
11411,"Sam Childers, omuwandiisi w’ebitabo",Female,1963
11412,Ntare IV of Nkore,Unknown,
11413,Joe Atuhaire,Unknown,
11414,Macwa owe Nkore,Unknown,
11415,Angela Leigh,Male,
11416,Ssuuna II of Buganda,Male,
11417,Mohamed Muruli,Unknown,Ogwomusanvu 13 1947
11418,Peter Kerim,Unknown,
11419,Frederick Kitaka,Unknown,
11421,Lepono Ndhlovu,Unknown,Ogwokubiri 25 1986
11422,Faruk Ochimi,Unknown,Ogwekkuminebiri 19 1995
11426,Kay Adroa,Female,
11427,Equity Bank Uganda Limited,Unknown,
11428,Elizabeth Nalugemwa,Unknown,
11429,Damalie Kisosonkole,Female,mu 1929
11430,Angelina Kakooza Mwesige,Unknown,
11431,Margaret Ssebagereka,Female,
11432,Henry Luke Orombi,Unknown,
11433,Culton Scovia Nakamya,Female,1993
11434,Brenda Maraka,Unknown,Ogwokubiri 9 1981
11435,Karole Kasiita,Female,Ogw'okuna 25 1989
11436,Patrick Kankiriho,Unknown,
11437,John Mugyenyi,Unknown,
11438,Mukasa Mbidde,Female,Ogwekkumi 15 1974
11439,Patrick Nsamba Oshabe,Unknown,
11441,Mike Mukula,Unknown,
11443,"Shaban Ramadhan Mubaje, omusajja omulala",Unknown,mu 1955
11444,Samuel Okwir,Male,
11445,Ham Serunjogi,Unknown,
11447,James Ssebaggala,Female,
11448,Stanislaus Okurut,Female,
11449,Pio Zirimu,Unknown,
11450,Eneriko Seruma,Unknown,1944
11453,Abubakar Muhammad Moki,Unknown,
11454,Abayudaaya,Unknown,
11455,Frank Nabwiso,Unknown,1940
11456,Brian Mushana Kwesiga,Unknown,1987
11457,Elizabeth Kyazike,Unknown,
11458,Alexander David Ssimbwa,Unknown,
11459,Yokaana F. Mugisha,Unknown,Ogwokusatu 1 1970
11460,Richard Carl Ntiru,Unknown,1946
11461,Barbara Barungi,Female,
11462,Jack Sentongo,Unknown,
11463,Patricia Ochan Okiria,Unknown,
11464,Angufiru Margaret,Female,
11465,Lubwa p'Chong,Male,
11466,Omuyimbi Joselyn Kamateneti,Female,
11467,Daniel David Ntanda Nsereko,Unknown,Ogwekkuminogumu 27 1941
11468,Olukalala lw'abannayuganda,Unknown,
11469,Ambrosio Kibuuka,Unknown,
11470,P'Bitek Okot,Female,mu 1931
11471,Ruhinda ow’e Ankole,Unknown,
11472,Kyebambe IV owe Bunyoro,Unknown,
11473,Ivan Muhwezi,Unknown,
11474,Kyebambe IV of Toro,Unknown,
11475,Samite,Female,
11476,Paul Ngologoza,Unknown,
11477,John Nagenda,Female,
11478,Justine Odong Latek,Unknown,
11479,Kasirye Ggwanga,Male,mu 1952
11480,Duhaga owe Bunyoro,Unknown,
11481,Vincent Otti,Unknown,
11482,Raska Lukwiya,Unknown,
11483,Okot Odiambo,Unknown,
11484,Okot Odhiambo,Unknown,
11485,Akena p'Ojok,Female,
11486,Lilian Ruteraho,Female,Ogwekkumineebiri 28 1978
11487,Joseph Kibweteere,Unknown,
11488,Nasser Sebaggala,Unknown,
11489,Samuel Walusimbi,Unknown,1948
11490,Kato Serwanga,Unknown,
11491,James Kabarebe,Unknown,1959
11492,Danny Keogh,Male,Ogwokusatu 3 1948
11494,Francis Miiro,Female,
11495,Abayindi mu Uganda,Unknown,
11496,James Makumbi,Unknown,Ogwomwenda 12 1942
11497,Andrew Felix Kaweesi,Unknown,
11498,Justinian Tamusuza,Unknown,1951
11499,Bertrand Besigye,Unknown,Ogwekkumi 24 1972
11500,Emmanuel Lumu,Unknown,
11501,Henry Wako Muloki,Female,
11502,Ali Kavuma,Unknown,Ogwokutaano 30 1967
11503,Muhamed Kizito,Unknown,Ogwekkumi 17 1974
11504,Mwanga I of Buganda,Female,
11505,Mwanga I owa Buganda,Female,
11506,Eliphaz Maari,Unknown,1954
11507,Abdul Nadduli,Unknown,Ogwekkumineebiri 22 1942
11508,Joseph Kagimu,Unknown,Ogwomukaaga 5 1945
11509,Amos Okot,Unknown,
11510,Morris Ogenga Latigo,Unknown,
11511,Maxwell Akora,Unknown,Ogwomunaana 31 1965
11512,Jitendra Patel,Unknown,Ogwekkuminogumu 26 1945
11513,Wilton Sebastian Kezala,Female,Ogwokutaano 24 1938
11514,Albert Ssempeke,Unknown,
11515,James Makubuya,Male,
11516,Gershom Sizomu,Unknown,1969
11517,Svend Bayer,Unknown,Ogusooka 2 1946
11518,Joseph Hutchinson,Unknown,
11519,Ykee Benda,Female,Ogwekkuminoogumu 11 1991
11520,Solomon Male,Male,Ogwomunaana 17 1962
11521,Ezekiel Tenywa Wako owa Busoga,Male,
11523,Rise and Fall of Idi Amin,Unknown,
11524,Shimit Amin,Unknown,1975
11525,Michael Kawalya Kagwa,Female,
11526,Shaban Bantariza,Unknown,
11527,Nanji Kalidas Mehta,Female,Ogwekkuminoogumu 17 1887
11528,Juma A. Oris,Unknown,
11530,Kalema owa Buganda,Female,
11531,Erinayo Wilson Oryema,Female,mu 1917
11532,Taban lo Liyong,Unknown,1939
11535,Eddagala lya Paracetamol(Panado),Unknown,
11541,Kenneth Kamyuka,Unknown,
11543,Patrick Ochan,Unknown,
11544,Raymond Otim,Unknown,Ogwekkumi 21 1986
11546,List of Ugandan writers,Unknown,1977
11548,Benjamin Kiplagat,Unknown,
11549,Mark Barrington-Ward,Unknown,
11550,Frank Mugisha,Male,Ogwomukaaga 17 1979
11551,Samuel Sejjaaka,Unknown,Ogwolubereberye 10 1964
11552,James Mulwana,Male,
11553,Olukalala lw'abayimbi abannayuganda,Unknown,
11554,Zi Ssemaduuka za Uchumi,Unknown,
11555,Wycliffe Kiyingi,Female,
11556,Ssemaduuka za Uchumi,Male,
11557,Olubuto,Female,
11558,Olukalala lw'abayimbi Bannayuganda,Unknown,1958
11559,Pepe Julian Onziema,Female,
11560,Ceasar Achellam,Unknown,mu 1963
11561,Alphonse Lamola,Unknown,
11562,Vanita Kayiwa,Female,
11563,Apollo Kironde,Unknown,
11564,Hakim Sendagire,Female,
11565,James Obita,Unknown,
11566,Charles Mbire,Unknown,mu 1959
11567,"Endagaano ya Nairobi, 1999",Unknown,
11568,Julius Oketta,Unknown,Ogwekkumi 3 1956
11571,Ekibiina kya DFCU,Unknown,
11572,Kkampuni ya DFCU,Unknown,
11573,Uganda Christian University,Male,
11574,Hilary Mukundane,Male,
11576,St. Mary's Hospital Lacor,Unknown,
11577,Elizabeth Paula Napeyok,Female,
11578,Juliet Muzoora Atuhairwe,Female,
11579,John Ntambirweki,Unknown,
11580,Juliet Muzoora,Female,
11581,Phillimon Selowa,Unknown,
11582,Henry Tigan,Unknown,
11583,Herman Ssewanyana,Unknown,1955
11584,Olukalala lw'abakola ennyimba mu Uganda,Female,
11585,Uganda Martyrs University,Unknown,
11586,Patrick Mutono,Unknown,Ogwokusatu 17 1960
11587,Shem Bageine,Unknown,
11588,Lawrence Ogwang,Unknown,
11592,Rachael Mwine Arinaitwe,Unknown,
11593,Samson Kasumba,Female,
11594,Mr.bLee B2C,Male,
11595,Luyimbaza Elias Nalukoola,Unknown,
11596,Daudi Migereko,Unknown,Ogwomukaaga 26 1956
11598,Godfrey Kirumira,Unknown,
11599,Yunivasite y'e Kyambogo,Female,
11600,Elvis Sekyanzi,Unknown,
11601,Patrick Ocan,Male,mu 1978
11602,Elizabeth Muwanga,Female,
11603,Hassan Basajjabalaba,Unknown,
11604,Lawrence Sebalu,Male,mu 1930
11605,Ntare School,Male,
11606,Mbarara High School,Unknown,
11607,Apollo Kaggwa,Unknown,
11608,Faridah Bulega,Female,
11609,Ruth Achieng,Female,
11610,Ismael Orot,Unknown,
11611,Shirish Korde,Female,
11612,Frederick Ngobi Gume,Unknown,
11613,Charles Engola,Unknown,October 12 1958
11614,Rajat Neogy,Unknown,
11615,Uganda Cricket Association,Male,
11616,Kkampuni ya yinsuwa ya Jubilee Limited,Unknown,
11617,Kkampuni ya yinsuwa ya Jubilee Insurance Company Limited,Unknown,
11618,Ttiimu y'eggwanga eya Uganda netball,Unknown,
11619,Misaeri Kauma,Unknown,
11620,Faridah Kadondi,Unknown,Ogwekuminoogumu 9 1998
11621,Joel Mutakubwa,Unknown,Ogwomusavu 17 1994
11622,Francis Mwijukye,Unknown,
11623,Micheal B. Nsimbi,Unknown,
11624,Omwony Ojwok,Unknown,Ogwomukaaga 1 1947
11625,Arthur Ssegwanyi,Unknown,
11626,Christopher Iga,Unknown,
11627,Jackson Kiprop,Unknown,Ogwekkumi 20 1986
11628,Paul Lokiru Kalanda,Unknown,Ogwokubiri 27 1927
11629,Master Blaster,Unknown,
11630,Mohammed Hamid,Male,mu 1976
11631,Gilbert Kaburu,Unknown,
11632,Eng Abner Nangwale,Unknown,mu 1932
11634,Jayesh Manek,Unknown,1956
11635,Stella Nekuusa,Unknown,
11636,Lydia Nsaale Kitayimbwa,Female,Ogwokuna 1979
11637,Lukyamuzi Bashir,Unknown,Ogw'ekkumin'ebiri 7 1986
11638,Robert Marie Gay,Unknown,Ogwolubereberye 22 1927
11639,Elly Wamala,Male,
11641,Yabezi Kiiza,Unknown,
11642,Ismail Katamba,Unknown,
11645,Muyanja Mbabaali,Unknown,
11646,Mulumba Ivan Matthias,Unknown,
11647,George Wilberforce Kakoma,Male,Ogwomusanvu 27 1923
11648,Benon Mutambi,Unknown,
11649,Ndejje University,Unknown,
11650,Kalidi Batuusa,Male,Ogwekkunagumu 25 1986
11651,Margaret Tumusiime,Unknown,Ogwomukaaga 20 1962
11653,Manuel Pinto,Unknown,
11654,Kagayi Peter,Unknown,
11655,John Baptist Odama,Unknown,Ogwomusanvu 20 1947
11656,Nkumba University,Unknown,
11657,Kassim Nakibinge,Male,
11658,Paalamenti ya Uganda,Unknown,
11659,Edward Katongole-Mbidde,Unknown,
11661,Eno Beats,Unknown,
11662,Maurice Mugisha,Female,
11663,Sam Kutesa,Female,February 1 1949
11664,Joshua Baraka,Unknown,
11665,Resolve Uganda,Unknown,
11666,The Uganda Scouts Association,Unknown,
11668,Justice Forum,Unknown,
11669,Eriabu Lugujjo,Unknown,
11672,Daniel Mulumba,Unknown,
11673,Shahzad Ukani,Unknown,Ogwekkuminebiri 30 1985
11674,Ahmad Ssengendo,Female,
11675,Philipp Wachsmann,Unknown,Ogwomunaana 5 1944
11676,James Isabirye Mugoya,Unknown,
11677,Ibrahim Abiriga,Unknown,
11678,Deo Rwabiita,Unknown,
11679,Moses Adome,Unknown,Ogwekkuminebiri 28 1983
11680,Racheal Nanyonga,Unknown,
11681,Milka Irene,Female,
11682,Brian Ahumuza,Unknown,
11683,Gideon Byamugisha,Female,mu 1959
11684,Ephraim Kamuntu,Unknown,
11685,Yona Okoth,Unknown,
11686,Ismail Ogama,Unknown,Ogwokuna 1 1985
11687,Henry Bagiire,Unknown,Ogwolubereberye 27 1968
11688,Paulson Luttamaguzi,Unknown,Ogwekkuminebiri 25 1979
11689,Xavier Kyooma,Unknown,
11690,Robert Kasande,Unknown,
11691,Isaac Kiprop,Unknown,ogwomwenda 10 1986
11692,Olukalala lw'abakyala abanayuganda abawandiisi,Unknown,1950
11693,Paul Adriga,Unknown,Ogwokusatu 21 1952
11694,Air Uganda,Unknown,
11695,Peter Lokeris,Female,Ogwokubiri 2 1947
11696,Emmanuel Otiam Otala,Unknown,Ogwekkumi 24 1968
11698,Robinson Opong,Unknown,Ogwokutaano 10 1989
11699,Ian Rukunya,Unknown,Ogwomukaaga 10 1988
11700,MIcheal Kawooya,Unknown,
11701,Kevin Awino,Unknown,Ogwomukaaga 6 1997
11702,Joyce Apiyo,Unknown,Ogwomusanvu 29 1996
11703,Gertrude Candiru,Unknown,Ogwomunaana 20 1994
11704,Janet Mbabazi,Unknown,Ogwolubereberye 26 1996
11705,Rita Musamali,Unknown,Ogwokutaano 21 1999
11706,George Cartland,Unknown,Ogwomwenda 22 1912
11707,Semakula Kiwanuka,Unknown,Ogwomwenda 16 1939
11708,William Unek,Female,mu 1929
11709,Alex Coutinho,Unknown,mugw'omukaaga 19 1959
11710,James Kakooza,Unknown,Ogwokubiri 18 1962
11711,Olutalo/Amazina,Unknown,
11712,Ecobank Uganda,Unknown,
11713,David Lewis Rubongoya,Unknown,
11714,Kizito Maria Kasule,Unknown,1967
11715,Kaka Bagyenda,Unknown,Ogwokubiri 1 1952
11716,Joe Opio,Unknown,
11717,John Muhanguzi,Unknown,
11718,Arthur Sserwanga,Unknown,
11719,Fort Portal College of Health Sciences,Unknown,
11720,Asuman Lubowa,Unknown,
11721,John Teira,Unknown,
11722,James Bukomeko,Unknown,1968
11723,Kwagalana Group,Male,
11725,Benezeri Kisembo,Unknown,
11726,William Magambo,Female,
11727,East Africa School of Library and Information Science,Female,
11730,Josephine Kakooza,Female,mu 1955
11731,Kinaawa High School Kawempe,Unknown,
11732,Tebandeke of Buganda,Unknown,
11733,Ttiimu ya Uganda eyokubaka,Unknown,
11734,William Gabula,Male,Ogwekkuminoogumu 1 1988
11735,Chosen Becky,Female,
11736,Jane Kabajungu Bainomugisha,Female,Ogwekkuminebiri 10 1980
11737,Simeo Muwanga Nsubuga,Unknown,
11738,Moses Kizige,Unknown,
11739,Ham Group,Unknown,
11741,Clare Mugumya,Female,
11742,Jesca Achan,Unknown,
11743,Joan Nampungu,Unknown,
11744,Lilian Ajio,Unknown,
11745,Nathan Muwombi,Unknown,
11746,Olukalala lw'ebibiina by'obufuzi mu Uganda,Unknown,
11747,Stella Nanfuka,Unknown,Ogw'omusanvu 22 1997
11748,Stella Oyella,Unknown,
11749,Ssekabaka Kayemba of Buganda,Unknown,
11750,Geoffrey Onegi Obel,Unknown,
11751,East African Legislative Assembly,Female,
11752,Christopehr Henry Muwanga Barlow,Male,Ogwokutaano 1 1929
11753,Eagle Air,Unknown,
11754,Christopher Henry Muwanga Barlow,Male,Ogwokutaano 1 1929
11755,Muhayimina Namuwaya,Unknown,Ogusooka 1 1988
11756,Ruth Meeme,Unknown,
11757,Herbert Kajumba,Unknown,Ogwolubereberye 21 1950
11758,Kitahimbwa we Bunyoro,Unknown,
11759,Sebastian Kyalwazi,Unknown,Ogwekkumi 20 1920
11760,Richard Musani,Female,
11762,Muhoozi Kainerugaba,Female,Ogwokuna 24 1974
11763,Fabian Kasi,Unknown,mu 1967
11764,Lydia Mungherera,Female,
11765,John Baptist Mukasa,Female,
11766,Uganda Airlines (1976-2001),Unknown,
11767,I&M Bank Uganda,Unknown,
11768,Micheal Wawuyo Jr.,Unknown,Ogwekkumineebiri 17 1987
11769,Michael Ondoga,Unknown,1960
11770,Edith Nakalema,Unknown,
11771,Rebecca Mulira,Unknown,
11772,Enoch Lee Drati,Unknown,
11773,Alfred Acur Okodi,Unknown,
11774,Ariaka Mawa Nguma,Unknown,
11775,Asaba Ruyonga,Male,
11776,Paul Luzinda,Unknown,
11777,Grace Mary Mugasa,Female,Ogwekkuminebiri 28 1968
11778,Peter Lomongin,Unknown,
11779,King Saha,Unknown,
11780,Brian Herd,Unknown,
11781,George K. Turyasingura,Unknown,1968
11782,Luyimbazi Elias Nalukoola,Unknown,
11783,Coopy Bly,Male,
11784,Stanbic Bank Uganda Limited,Unknown,
11785,DFCU Bank,Unknown,
11787,Yonasani Rwakaikara,Unknown,
11788,Kosiya Shalita,Unknown,
11789,"Jean-Marc Mwema, omusajja omulala",Unknown,Ogw'ekkumin'ebiri 5 1989
11790,Zebedee Kahangwa-Masereka,Unknown,
11791,Isaac Ssemakadde,Unknown,Ogwomwenda 15 1984
11793,Ovie Ejeheri,Unknown,Ogw'okuna 23 2003
11794,Allan Oboma,Unknown,
11795,Otandeka Laki,Female,Ogusooka 24 1996
11796,"Jayden Onen, omuwandiisi w’ebitabo",Unknown,Ogw'okubiri 17 2001
11797,Charles Collins Andaku,Unknown,
11798,John Charles Odurkami,Unknown,
11799,Wilson Kitara,Unknown,
11800,MacLeod Baker Ochola,Unknown,1936
11801,John Ntegyereize,Male,
11802,Andy Kiwomya,Male,Ogw'ekkumi 1 1967
11803,Henry Osinde,Unknown,Ogw'ekkumi 17 1978
11804,John Massa Kasenene,Unknown,
11805,Rose Atima Ayaka,Female,
11806,Dan Zoreka,Unknown,
11807,Yostus Ruhindi,Unknown,
11808,Benon Magezi,Unknown,mu 1960
11809,Matia Kasaija,Unknown,Ogwokuttaano 28 1944
11810,Patrick Tugume Tusingwire,Unknown,1952
11811,Edward Muhima,Unknown,
11812,Yoramu Bamunoba,Unknown,
11813,George Bagumuhunda,Unknown,mu 1958
11814,Patrick Kyaligonza,Unknown,
11815,Wilson Mutebi,Unknown,mu 1937
11817,Eunice Lubega Posnansky,Female,
11818,Phoebe Awere Otaala,Female,
11819,Robert Mwanga,Unknown,mu 1954
11820,Thomas Kwoyelo,Unknown,
11821,Joshua Sikhu Okonya,Unknown,
11822,Zac Niringiye,Unknown,1954
11823,Hamis Kiggundu,Male,Ogwokubiri 10 1984
11824,Mesusera Bugimbi,Female,
11825,Racheal Ntono,Female,Ogwomusanvu 7 1997
11826,Stephanie Nampiina,Unknown,Gwokusatu 12 2000
11827,Carol Namugenyi,Unknown,Ogwomwenda 27 1990
11828,Mary Nalule,Unknown,Ogwomusanvu 16 1997
11829,Prico Nakitende,Unknown,Ogwomunaana 7 1994
11830,Joseph Oyanga,Unknown,
11831,Ahamed Siraj Kwikiriza,Unknown,
11833,Nesta Rugumayo,Unknown,
11834,Centenary Bank,Unknown,
11835,Nation Media Group,Unknown,
11836,Robert Katende,Female,
11837,George Abege,Unknown,Ogw'okusatu 5 1993
11838,LawrenceKasadha,Unknown,Ogw'omusanvu 14 1994
11839,Daniel Nkata,Female,1932
11840,Gift Fred,Unknown,Ogw'omusanvu 21 1998
11841,Sulaiman Segawa,Unknown,Ogw'okutaano 22 1991
11842,Anas Kaliisa,Unknown,1950
11843,Judith Heard,Female,
11844,Stephen Nsereko,Unknown,
11845,Tom Bright,Unknown,
11846,Pia Pounds,Female,
11849,Enzikiriza Ey'ekinnansi mu Uganda,Unknown,
11850,William Serwadda,Unknown,
11851,Silas Babaluku Balabyekkubo,Female,
11852,Bank of Africa,Female,
11853,Ruparelia Group,Male,
11854,Mehta Group,Unknown,
11855,Paulo Kavuma,Unknown,
11856,Abdullah Muhammad Mukwaya,Female,
11857,Ramadhan Khamis nga ye muwandiisi w’ebitabo,Unknown,
11858,Augusto Nuwagaba,Unknown,mu 1964
11859,John Ddumba Ssentamu,Unknown,mu 1953
11860,Fresh Kid Uganda,Unknown,Ogwomusanvu 1 2012
11861,Kenneth Kiyemba,Unknown,
11862,Eriya Kategaya,Unknown,Ogwomusanvu 4 1945
11864,Yosia Nadiope owe Busoga,Unknown,
11865,Mary Cholhok Nuba,Unknown,Ogwolubereberye 3 1997
11866,Robert Muhiirwa,Unknown,Ogwekkumi 23 1958
11867,Selina Katumba,Unknown,Ogwomukaaga 27 2003
11868,Eddwaaliro ly'e Nsambya,Unknown,
11869,Ssendi Mosh Afrikan,Female,mu 1982
11870,Inhebantu wa Busoga,Female,
11871,Fred Nalugoda,Male,
11872,Akbar Baig,Unknown,
11873,Nehal Bibodi,Unknown,
11874,Lydia Mugambi,Unknown,
11875,Arthur Kwizera,Unknown,
11876,Joseph Mulenga,Unknown,
11877,George Katwesigye,Unknown,
11878,Juma Kisaame,Unknown,
11879,John Wilson Kahigwa,Unknown,
11880,Francis Kitaka,Unknown,mu 1935
11881,Pamela Enyonu,Unknown,mu 1985
11882,Pen-Mogi Nyeko,Unknown,
11884,Omuyimbi Catherine Abbo,Unknown,mu 1972
11885,Badru Kiggundu,Unknown,mu 1945
11886,Arthur Gakwandi,Male,
11887,Busingye Kabumba,Female,
11888,Charles Hamya,Unknown,1973
11889,Martin Drito,Unknown,
11890,The Uganda Girl Guides Association,Female,
11891,Uganda Revenue Authority,Unknown,
11892,Hannington Sengendo,Unknown,
11893,Minisitule y'ensonga ez'ebweru mu Uganda,Unknown,
11894,Lanyero Sarah Ochieng,Unknown,Ogwomusanvu 14 1967
11895,Kintu Florence,Female,Ogwokuna 3 1960
11896,Byarugaba Grace Isingoma,Unknown,Ogwomusanvu 15 1962
11897,Auru Anne,Female,Ogwomunaana 25 1960
11898,Lukwago Rebecca Nalwanga,Female,
11899,Diana Nankunda Mutasingwa,Female,
11900,Robert Ikoja-Odongo,Male,mu 1950
11901,Amos Lugoloobi,Female,Ogwomukaaga 21 1961
11902,Ephraim Biraaro,Unknown,Ogusooka 28 1961
11903,Lugazi University,Unknown,
11904,Michael Kintu,Male,mu 1900
11905,Robert Mwesigwa,Unknown,
11906,Mapenduzi Ojara,Male,
11907,Felix Ogong,Unknown,Ogusooka 22 1965
11908,Moses Ogwal,Male,
11909,Robert Migadde,Unknown,Ogwekkuminebiri 7 1980
11910,Yusuf Mutembuli,Male,
11911,John Mulimba,Unknown,
11912,Solomon Silwany,Unknown,Ogwokusatu 14 1983
11913,Hudson Mukasa,Unknown,
11914,John Nambeshe,Unknown,Ogwekkuminogumu 24 1965
11915,Arthur Waako Mboizi,Unknown,
11916,Yovan Adriko,Unknown,
11917,Geoffrey Feta,Unknown,
11918,Davis Kamukama,Unknown,
11919,Charles Ayume,Male,
11920,Apollo Ofwono,Unknown,
11921,Dan Kimosho,Male,Ogwomwenda 11 1984
11922,Richard Sebamala,Male,Ogwoluberyeberye 22 1997
11923,Michael Kabango,Unknown,
11924,Fred Mwesigye,Unknown,
11925,Samwiri Wabulakha,Unknown,
11926,Mwine Mpaka Rwamirama,Unknown,
11927,Paul Masaba,Unknown,
11928,Jackson Kafuuzi,Unknown,Ogwokuna 25 1977
11929,Peter Ogwang,Unknown,
11930,Margaret Komuhangi,Female,Ogwekkuminebiri 26 1970
11931,Paul Naimanhye,Unknown,Deesemba 24 1960
11932,Daniel Gimadu,Unknown,
11933,Nicodemus Okille,Unknown,
11934,Peter Mudonyi,Unknown,
11935,Festo Lutaya,Unknown,
11936,Kahaye II,Unknown,
11937,Lorna Magara,Female,
11938,James Katorobo,Unknown,
11939,Urban Tibamanya,Unknown,
11940,Simon Lokodo,Unknown,Ogwokumi 28 1957
11941,John Byabagambi,Unknown,
11942,Eddwaliro ly'e Mbarara,Unknown,
11944,Peter Nazareth,Unknown,
11945,Uganda Clays Limited,Unknown,
11946,Betty Ogwaro,Female,
11947,International Hospital Kampala,Unknown,
11948,Yonah Katoneene,Unknown,
11950,Ernest Shalita,Unknown,
11952,Nelson Onono - Onweng,Unknown,
11953,Edward Bamucwanira,Unknown,1952
11954,Benjamin Ojwang,Unknown,
11955,Lamex Omara Apitta,Male,
11956,Joel Olwenyi,Unknown,August 28 1980
11958,Absa Bank Uganda Limited,Unknown,
11959,Jagdish Singh Kapoor,Unknown,Ogwomwenda 12 1947
11960,Bryan Woolestone Langlands,Unknown,
11961,Upkar Singh Kapoor,Unknown,Ogwomwenda 12 1937
11962,William Lobo,Unknown,Ogwolubereberye 20 1937
11963,Rajinder Singh Sandhu,Unknown,Ogwokubiri 21 1945
11964,Kuldip Singh Bhogal,Unknown,Ogwokusatu 4 1950
11965,Abram Mutyagaba,Unknown,Ogw'okubiri 25 1986
11966,Ajit Singh Bhogal,Unknown,Ogwekkuminogumu 5 1942
11967,Malkit Singh Sondh,Unknown,Ogwokubiri 5 1948
11968,Amarjit Singh Sandhu,Unknown,Ogwekkumineebiri 18 1954
11969,Polycarp Pereira,Unknown,Ogwolubereberye 26 1932
11970,Isaac Chirwa,Unknown,Ogwokuna 24 1952
11971,Christopher George Frederick Frampton Melmoth,Unknown,
11972,Charles Kabugo,Unknown,
11973,Charles Ibingira,Unknown,
11974,Elly Tumwine,Unknown,
11975,David Cook (omukenkufu mu by'ebiwandiiko) .,Unknown,
11979,Charles Okidi,Unknown,
11980,Emma Mutebi,Unknown,
11982,All Saints University,Unknown,
11984,Muteesa I Royal University,Unknown,
11985,"Eric Berry Edney, omuwandiisi w’ebitabo",Unknown,
11986,Emmanuel Karooro,Unknown,mu 1945
11987,David Kibikyo,Unknown,
11988,Paul Waako,Female,
11989,Tumusiime Rushedge,Female,
11990,Frank Muramuzi,Unknown,
11991,Isingoma Labongo Rukidi,Unknown,
11992,Jason Ntaro,Unknown,
11993,Danniel Ruyange,Unknown,Ogwomwenda 11 1985
11994,Lawrence Kazibwe,Unknown,
11995,Bishop Stuart University,Unknown,
11996,Miraj Barot,Male,
11997,Gulu Hospital,Unknown,
11998,Kabale Hospital,Unknown,
11999,Kisiizi Hospital,Unknown,
12000,Kampala International School,Unknown,
12002,Richard Idro,Unknown,
12003,James Nyakuni,Unknown,
12004,Henry Kajura,Unknown,Ogwomusanvu 7 1934
12006,Moroto Hospital,Unknown,
12007,"Shahla Khatun, omuwandiisi w’ebitabo",Unknown,
12008,Exim Bank mu Uganda,Unknown,
12009,Elly Katunguka,Male,
12011,Fred Bunjo,Unknown,Ogwokusatu 14 1965
12012,The Worst Date Ever,Unknown,
12013,Erica Sabiti,Female,
12014,Michael Kawooya (omusawo),Unknown,mu 1958
12016,Stephen Tomusange,Unknown,
12017,Kakira Sugar Works,Unknown,
12018,Citibank mu Uganda,Unknown,
12019,Tress Bucyanayandi,Unknown,
12020,Abraham Byandaala,Unknown,Ogwolubereberye 14 1950
12021,Galdino Moro Okello,Unknown,1940
12022,Emmanuel Kwihangana,Unknown,
12024,Ritah Namayanja Kivumbi,Female,
12025,Sarah Nambozo Wekomba,Female,
12026,Erisa Masaba,Unknown,
12027,Keith Russell,Unknown,
12028,John Wasikye,Unknown,
12029,Ekwaro Obuku,Unknown,
12030,Stephen Chebrot,Unknown,Ogwomusanvu 27 1951
12031,Shafiq Arain,Unknown,mu 1933
12032,James Mutende,Male,
12033,Akisoferi Wesonga,Unknown,
12034,Henry Banyenzaki,Female,
12035,Damiano Giulio Guzzetti,Unknown,
12036,George Stanley Nsamba,Female,
12037,Wewaawo,Unknown,
12038,Egidio Nkaijanabwo,Unknown,
12039,Martin Toroitich,Unknown,
12040,John Maviiri,Unknown,
12041,Giles Muhame,Unknown,
12042,"O. Palmer Robertson, omuwandiisi w’ebitabo",Male,
12043,Ishmail Wainright,Unknown,
12044,Ali Kitonsa,Unknown,
12045,Ibrahim Kasule,Unknown,
12046,Fred Kajoba,Unknown,
12047,Joseph B. Willigers,Unknown,
12048,Fillbert Obenchan,Unknown,
12049,Isaac Zebra Jr,Unknown,Ogwekkumineebiri 22 2003
12050,Sammy Ssebadduka,Unknown,Ogwekkumineebiri 30 2002
12051,Lawrence Coreta Muganga,Male,
12052,Okusitula obuzito mu mizannyo gya Olympics egy’omusana mu 1988 – Abasajja abazitowa kkiro 67.5,Unknown,
12053,Imtiaz Sheikh,Unknown,
12054,Asanasio Maraka,Unknown,
12055,Paul Etiang,Unknown,Ogwomunaana 15 1938
12056,Calvin Kabuya,Unknown,
12057,Saidi Mayanja,Unknown,
12058,John Patrick Kakande,Male,
12059,Betty Okino,Female,
12060,Isaac Mulindwa Jr.,Female,
12061,"Donald H. Madvig, omuwandiisi w’ebitabo",Unknown,
12062,George Openjuru,Unknown,
12063,Mukesh Shukla,Male,mu 1962
12064,Richard Posnett,Unknown,
12065,Kashif Siddiqi,Male,Ogwolubereberye 25 1986
12066,Elijah Mushemeza,Unknown,
12067,Noble Okello,Unknown,
12068,International University of East Africa,Unknown,
12069,LivingStone International University,Unknown,
12070,Tanoh Kpassagnon,Male,
12071,Bright Stars FC,Unknown,
12072,Olukalala lw'obuzito bw'abannayuganda,Unknown,
12073,Bweranyangi Girls' Senior Secondary School,Female,
12074,Mbarara United FC,Unknown,
12076,Allan Musoke,Unknown,1980
12077,Uganda men's national basketball team,Unknown,
12080,Ernest Kiiza,Unknown,
12081,Sura Yekka,Unknown,
12082,Divine Mukasa,Male,
12083,Olubayi Olubayi,Unknown,
12084,Jacqueline Musiitwa,Unknown,
12085,George Mukasa,Unknown,
12086,Godfrey Nyakana,Unknown,
12087,BUL Jinja FC,Unknown,
12088,Latibu Muwonge,Unknown,
12089,Nyakasura School,Unknown,
12090,Aaron Mushengyezi,Unknown,Ogwomusanvu 24 1969
12091,Jimmy Lwanga,Unknown,
12092,Tonny Stone Luggya,Unknown,
12093,Denis Rukundo,Unknown,Ogwekkumineebiri 12 1996
12094,Tom Dradriga,Unknown,Ogwomukaaga 17 1996
12095,Obugumiikiriza Tumusiime Rubagumya,Female,
12096,Tumusiime Rubagumya,Female,
12097,Immaculate Chamutai,Unknown,Ogwekkumineebiri 2 1987
12098,Philip Wokorach,Unknown,
12099,Faruk Malik,Unknown,
12100,St. Denis Ssebugwawo Secondary School,Male,
12102,Alam Group,Unknown,
12103,Derrick Orone,Female,
12104,Ramz Kawooya,Unknown,
12105,Musa Kibet,Unknown,Ogwokusatu 23 1991
12106,Rosemary Byanyima omusajja omulala,Unknown,
12107,Ponsiano Ngabirano,Unknown,
12108,"William Frederick Blick, omuwandiisi w’ebitabo",Unknown,
12109,Keith Kalyegira,Unknown,
12110,Rutamirika,Female,
12112,Irene Ikomu,Female,1990
12113,Stephen Kiggundu,Unknown,Ogwokuna 3 1977
12114,Kokoro Janda,Unknown,
12116,Robert Wakheya,Unknown,
12117,Clive Okoth,Unknown,circa 1982
12118,Brenda Katwesigye,Female,
12119,Richard Tuwangye,Female,
12120,Stephen Isabaija,Male,
12122,People's Progressive Party,Male,
12123,Henry Musasizi,Unknown,
12124,Camilla Barungi,Unknown,mu 1981
12125,Ibrahim Mukiibi,Female,
12126,Sanga Moses,Unknown,
12127,Sikander Lalani,Male,
12128,Hasmukh Dawda,Male,mu 1950
12129,Els de Temmerman,Female,Ogwokubiri 10 1962
12130,Walter D'Souza,Unknown,
12131,Paul D'Arbela,Unknown,
12133,John Senyonyi,Female,
12134,Sarah Mullally,Female,
12135,Enyma,Male,
12136,Minisitule y'ebyokwerinda n'ensonga z'abaazirwanako,Female,
12137,Engeri y'okufuuka Omukulembeze omukambwe,Unknown,
12138,Keiron Zziwa,Male,Ogwekkuminogumu 7 1997
12139,Robina Sentongo,Female,
12140,Salaudin Khan,Unknown,Ogwekkumineebiri 13 1933
12141,"Sarah Mullally, omuwandiisi w’ebitabo",Female,
12142,David Kato,Male,
12143,The AIDS Support Organization,Female,
12144,Olukalala lwa kampuni ezisinganibwa mu Uganda,Unknown,
12146,A'Darius Pegues,Unknown,
12147,Gabriel Ajedra Aridru,Unknown,
12148,Julius Wandera Maganda,Unknown,Ogwomunaana 13 1971
12149,Gad Gasatura,Male,
12150,Joseph Obonyo,Unknown,
12151,Walter Coutts,Male,
12152,Freedom and Unity Front,Unknown,
12153,George William Kyeyune,Unknown,1962
12154,Baltazar Kasirivu-Atwooki,Unknown,
12155,David Karubanga,Unknown,
12156,Isaac Mulindwa,Male,
12157,Uganda Dental Association,Unknown,
12158,John Walugembe,Unknown,Ogwekkuminogumu 11 1981
12159,Masindi General Hospital,Unknown,
12160,Uganda AIDS Commission,Unknown,
12163,Uganda Communications Commission,Unknown,
12164,Kasha Nabagesera,Female,
12166,Kambale Ferigo,Unknown,
12169,Gerald Nangoli,Unknown,
12171,Kingsley Obuh,Unknown,
12172,Fred Bwino Kyakulaga,Unknown,
12173,Uganda women's national under-19 cricket team,Unknown,
12174,Alex Muhangi,Female,
12175,Amos Mubunga Kambere,Unknown,mu 1954
12176,Uganda National Bureau of Standards,Unknown,
12177,Uganda Coffee Development Authority,Unknown,
12178,GBK Dairy Products Limited,Unknown,
12180,Joint Anti- Terrorist Task Force of Uganda,Unknown,
12181,Mayur Madhvani,Unknown,1949
12184,Kayaga Baroda Watongola,Unknown,
12185,CIYOTA,Female,
12186,Entebbe General Hospital,Unknown,
12188,Kyewaga Central Forest Reserve,Unknown,
12189,Allan Children's Foundation,Unknown,
12190,University of Kisubi,Unknown,
12192,Martin Aliker,Unknown,
12193,Uganda Development Corporation,Unknown,
12194,Joseph Musanyufu,Unknown,
12195,Association of Real Estate Agents,Female,
12196,Naomi Karungi,Female,
12197,Paul Mwiru,Unknown,Ogwomunaana 12 1977
12198,Isaac Lumago,Unknown,
12199,Bosmic Otim,Unknown,
12204,Christopher Israel Umba Gore,Unknown,
12206,Daniel Kiganda,Unknown,ogwekkumi 1 1973
12207,Ronald Kibuule,Female,
12208,Francis Takirwa,Unknown,
12209,Zeddy Maruru,Unknown,Ogwokubiri 3 1942
12210,The Uganda Society,Unknown,
12211,Yasmin Shariff,Unknown,mu 1956
12212,Dusman Sabuni,Unknown,
12213,MTN Uganda,Unknown,
12217,Paidha Black Angels FC,Unknown,
12219,Manuel Pinto (Omusikawutu),Unknown,
12220,Minisitule y'ebiggwa bitalaze n'ababundabunda mu Uganda,Unknown,
12222,Saabawolereza wa gavumenti ya Uganda,Unknown,
12223,Veronica Babirye Kadogo,Female,Ogwokusatu 13 1977
12225,Alykhan Karmali,Unknown,
12226,Moses Ebuk,Unknown,
12227,Stella Nanteza,Female,
12229,Africa Renewal University,Unknown,
12230,Minisitule Evunaanyizibwa ku By'obulamu mu Uganda,Unknown,
12231,City Oilers,Unknown,
12232,Kampuni evunaanyizibwa Ku By'okusaasaanya Amasanyalaze mu Uganda,Unknown,
12233,Esther Nabaasa,Unknown,
12234,CSBAG,Unknown,
12236,Busoga United Football Club,Unknown,
12237,Albert Ruskin Cook,Female,
12238,Opiyo Oloya,Unknown,
12239,Charles Olweny,Unknown,mu 1940
12240,Afriart Gallery,Female,
12241,Joel Okuyo Atiku,Male,
12242,Akakiiko k'ebyokulonda mu Uganda,Unknown,
12243,Peter Mugyenyi,Unknown,
12244,Boaz Ninsiima,Unknown,
12245,Francis Omaswa,Female,
12246,Roy Mugerwa,Female,Ogwoluberebrye 2 1942
12247,Rwenzururu movement,Unknown,
12248,Jovan Kiryabwire,Unknown,
12249,Uganda National Academy of Sciences,Unknown,
12250,Noble Banadda,Unknown,
12251,Margaret Trowell,Female,1904
12252,Magid Kagimu,Unknown,mu 1954
12253,Richard Kanyerezi,Female,
12254,Mondo Kagonyera,Unknown,
12255,Pamela Mbabazi,Female,
12256,Luwombo,Female,
12257,Uganda Standard Gauge Railway,Unknown,
12259,Livingstone Mpalanyi Nkoyoyo,Unknown,
12260,Fox Odoi-Oywelowo,Unknown,Ogwekkuminebiri 23 1968
12261,Hasifah Nassuna,Female,Ogwokubiri 16 1998
12262,Emmanuel Obbo,Unknown,Ogwekkumi 7 1952
12263,Evelyn Nakabira Lagu,Unknown,
12264,Liam Voice,Unknown,
12266,Kampuni evunaanyizibwa ku Nsaasaanya y'Amasanyalaze mu Bitundu bya Uganda,Unknown,
12268,Sam Tulya-Muhika,Unknown,
12269,Trudy Stevenson,Female,
12270,Yorokamu Tizihwayo,Unknown,
12272,Erasmus Desiderius Wandera,Unknown,Ogwokuna 16 1930
12273,Virani Noordin,Unknown,
12274,Arthur Ziraba,Unknown,Ogwomunaana 8 1989
12275,Upendra Patel,Unknown,1942
12276,Joshua Tibatemwa,Unknown,
12277,Judith Bakirya,Unknown,
12278,Frederick Drandua,Unknown,
12279,Bhanu Patel,Unknown,
12280,Edison Irigei,Unknown,
12281,Augustine Salimo,Unknown,
12282,Ali Fadhul,Female,
12283,Irfan Afridi,Unknown,Ogwokusatu 24 1985
12284,Aida Vee,Male,
12285,Linos Ngompek,Male,
12286,Jack Odur Lutanywa,Unknown,
12287,John Bosco Ikojo,Male,Ogwomusanvu 21 1974
12288,Jack Sabiiti,Unknown,Ogwokuna 27 1947
12289,Eric Adriko,Unknown,
12290,Toby Sibbick,Unknown,
12291,Wilbrod Humphreys Owor,Unknown,
12292,William Kisaalita,Female,
12293,Ugandan Constitutional Conference,Unknown,
12295,Nasejje Jalia,Female,
12296,Bwesigye bwa Mwesigire,Unknown,
12297,Ivy Claire Amoko,Female,
12298,Martha Kyosaba,Female,
12299,Remelia Ringtho,Unknown,
12300,Silvanus Wani,Unknown,mu 1915
12301,Dunstan Bukenya,Unknown,
12302,Narendra M. Patel,Unknown,
12303,Jesca Ruth Ataa,Unknown,
12304,Lydia Wanyoto Mutende,Unknown,
12305,Sharifu Kiragga Tusuubira,Female,January 4 1991
12306,Bruno K,Male,Ogw'omusanvu 21 1992
12307,Ruth Mukama,Female,
12308,Cyprian Bamwoze,Unknown,Ogwokutaano 15 1934
12309,George Moraes,Unknown,
12310,Ajaip Singh Matharu,Unknown,
12311,Elly Kitamireke,Unknown,
12312,The Collected Broadcast of Idi Amin,Male,
12313,Edgar Luberenga,Unknown,
12314,Philip Ridsdale,Unknown,
12315,Jannon Otto,Female,Ogwokuna 14 1997
12316,Irene Eyaru,Unknown,Ogwekkumi 23 1996
12317,Scott James Brown,Unknown,
12318,Doctor Achaye,Female,
12319,Jerry Sesanga,Unknown,1994
12320,Nuhu Kyabasinga Mbogo,Female,mu 1835
12321,Jimmy Akena Obote,Female,
12322,Wilson Tumwine,Unknown,
12323,Nuhu Mbogo Kyabasinga,Female,mu 1835
12324,Benoni Ogwal-Abwang,Unknown,mu 1942
12325,Ephraim Adrale,Unknown,
12326,Lucian Usher-Wilson,Unknown,
12327,Melkizedek Otim,Unknown,mu 1935
12328,Herbert Bockhorn,Unknown,Ogwoluberyeberyemu 31 1995
12329,Susan Lakot,Unknown,
12330,Joram Muzira,Female,mu 1987
12331,Alex Ireeta,Male,mu 1982
12332,Filipinos in Uganda,Unknown,
12333,Omugave Ndugwa,Unknown,
12334,Bannayuganda mu Buyindi,Unknown,
12335,Johnson Omuhunde Rwashote Byabashaija,Unknown,Ogwomwenda 27 1957
12336,Kabarega w'e Bunyoro,Male,
12337,Bunyaga Bruno,Male,Ogwokussatu 27 2004
12339,Robert Katera,Unknown,1995
12340,Robert Kasule Sebunya,Unknown,Ogwoluberyeberye 25 1970
12342,David Cecil,Male,
12343,Andrew Rugasira,Male,
12344,June Kyakobye,Unknown,
12345,Paul Mutambuze,Unknown,
12346,Mary Musoke,Unknown,
12347,Atuhaire Ambala,Unknown,Ogwokuna 26 2001
12348,James R Tumusiime,Unknown,mu 1950
12349,Alternate Warriors,Male,
12350,Abel Kandiho,Unknown,
12351,Charles Oluka,Unknown,
12353,Eric Sakwa,Unknown,mu 1982
12354,Jane Bakaluba,Female,1939
12356,Whitney Peak,Female,
12357,Ganda Lal,Unknown,
12358,Ekibiina ekifuga omupiira mu Amerika ekya Uganda,Unknown,
12359,Tendo Mukalazi,Unknown,Ogwomukaaga 15 2002
12360,Francis Mwebesa,Unknown,
12361,Milly Mugeni,Female,
12362,Charles Kagimu,Unknown,Ogwomwenda 15 1998
12363,Sam Magara,Female,1975
12364,Tonny Awany nga bwe,Unknown,
12365,Tonny Awany,Unknown,
12366,Aminah Zawedde,Unknown,
12367,Amanda Ngabirano,Female,
12368,Uganda Cranes ettiimu y'eggwanga,Unknown,
12369,Merrick Posnansky,Unknown,
12370,Paul Kagame,Unknown,Ogwekkumi 23 1957
12371,Geoffrey Macho,Unknown,
12372,Emmanuel lyamulemye,Female,
12373,Charlie de Souza,Unknown,
12374,Joanne Aniku Okia,Female,
12375,Juliet Rainer Kafiire,Male,
12376,Jennifer Alanyo,Unknown,
12377,Festo Karwemera,Unknown,mu 1925
12378,Juma Miyagi,Unknown,
12380,Sandra Kwikiriza,Female,
12381,Lawrence Fernandes (omuzannyi wa cricket),Unknown,mu 1945
12382,Milly Babalanda,Unknown,
12383,Frederick Kayanja,Unknown,Ogwomunaana 4 1938
12384,Susan Basemera,Female,
12385,Uganda National Roads Authority,Male,
12387,Derek Draper,Unknown,
12388,Monica Chibita,Unknown,1963
12389,"Shriti Vadera, Baroness Vadera",Female,
12390,Kassiano Wadri,Unknown,
12393,Victory at Entebbe,Unknown,
12395,Edward James Wayland,Male,
12396,Mississippi Masala,Female,
12397,Eugene Omalla,Unknown,
12398,Kyeru Phiona Bridget,Unknown,Ogwomwenda 27 1997
12399,Jacqueline Kyatuheire,Female,Ogwokutaano 30 1973
12400,Flavia Nassuna Matovu,Unknown,Ogwokusatu 18 1969
12401,Kenneth Arhtur Davies,Unknown,mu 1897
12402,Peter Waiswa,Unknown,
12403,Margaret Rwebyambu,Female,
12404,Robinson Obuya,Unknown,Ogwekkumineebiri 12 2000
12405,Zohran Mamdani,Female,
12407,Kichwamba massacre,Unknown,
12408,The Last King of Scotland,Unknown,
12410,Christine Akullo,Unknown,
12411,Herbert Kanabi Nsubuga,Unknown,
12414,Nandikishore Patel,Unknown,
12415,Samuel Mukooza,Unknown,
12416,Aboke abductions,Female,
12417,Riazat Ali Shah,Unknown,
12418,Shafiq Zia,Female,Ogwomwenda 21 1931
12419,Yusef Sozi,Unknown,
12421,Hubert Carey Trowell,Unknown,Ogwomwenda 8 1904
12423,Uganda Technical College Kichwamba,Unknown,
12424,Great Lakes Regional University,Unknown,
12426,African Rural University,Unknown,
12427,Livingstone Luboobi,Male,
12428,Okello Sam,Female,
12436,Kezia of Tooro,Female,
12437,Ruhaga owe Tooro,Unknown,
12438,Stephen Basaliza,Male,
12439,Hope Nakazibwe Grania,Female,
12440,Philippa Musoke,Unknown,
12441,Kabuye Frank Kibirige,Unknown,
12442,Fred Charles Oweyegha- Afunaduula,Unknown,mu 1949
12443,East African Breweries,Unknown,
12444,Avtar Singh Bhurji,Unknown,
12445,Abraham Luzzi,Male,
12446,Onduparaka FC,Male,
12447,Action for Development,Unknown,
12448,1971 Ugandan coup d'etat,Unknown,
12449,Kiggala of Buganda,Female,
12450,Nakibinge of Buganda,Unknown,
12451,Mulondo of Buganda,Female,
12452,Jemba of Buganda,Female,
12453,Ssekamanya of Buganda,Female,
12454,Kimbugwe of Buganda,Female,
12455,Kateregga of Buganda,Female,1644
12458,Timothy Wangusa,Unknown,
12459,Umar Kakumba,Unknown,
12460,Deborah A. Driscoll,Female,
12461,Patrick Birungi,Unknown,
12464,Emmwanyi/ Kaawa,Female,
12468,Okutulugunya ku mutimbagano nga kusinziira ku kikula ky’abantu,Unknown,
12469,Victoria Mwaka,Female,
12470,"Ponsiano Ocama, omuwandiisi w’ebitabo",Unknown,
12471,Wilberforce Kisamba Mugerwa,Male,Ogwomusanvu 5 1945
12474,Sam Joseph Ntiro,Female,
12475,Gorretti Byomire,Unknown,
12478,Okutulugunya abantu ku mikutu gya yintaneeti okusinziira ku kikula,Female,
12479,Sam Byibesho,Female,
12480,"Oliver Furley, omuwandiisi w’ebitabo",Unknown,
12481,Omukama owa Tooro,Unknown,
12482,Ekizinga Bugala,Unknown,
12485,Denis Kiwanuka Lote,Unknown,
12487,Zakaria Labib,Unknown,Ogwokubiri 28 2003
12504,Geofrey Kayemba,Unknown,
12548,Anny Katabaazi Bwengye,Unknown,
12555,Lugave Clan,Male,
12557,Mpologoma Clan,Male,
12558,Ennono za Uganda,Male,
12559,Ntalaganya Clan,Male,
12560,Njovu Clan,Male,
12561,Kibe Clan,Male,
12563,Omukuli,Unknown,
12565,Firinda,Unknown,
12567,Bigwala,Unknown,
12570,Kikomando,Unknown,
12574,Otole dance,Male,
12578,Kisra,Female,
12581,Entogoro,Unknown,
12585,Nvubu Clan,Male,
12586,Ngonge Clan,Male,
12588,Kasubi Tombs,Unknown,
12589,Nyero rock paintings,Unknown,
12594,Nte Clan,Female,
12597,Mparo Royal Tombs,Unknown,
12601,Xylophone,Unknown,
12603,Ngeye Clan,Male,
12604,Adungu,Male,
12621,Juliet Nalukenge,Unknown,
12623,Lydia Daphine Mirembe,Female,Ogwomunaana 14 1985
12624,Robina Hope Mukisa,Female,Ogwomwenda 4 1991
12625,Rose Kabagyenyi,Female,Ogwomunaana 4 1974
12626,Lillian Nakate,Female,Ogwomunaana 11 1978
12627,Rosemary Nauwat,Female,Ogwekkuminogumu 14 1968
12629,Kwizera Eudia,Female,
12630,Kwebiha Joyce,Female,
12631,Ssinabulya Sylvia Namabidde,Unknown,
12632,Gertrude Kulany,Female,
12633,Acayo Christine Cwinya,Unknown,Ogwomusanvu 31 1968
12634,Sylvia Bahireira Tumwekwase,Female,
12636,Martha Kazungu,Unknown,1993
12637,Grace Namara,Unknown,
12638,Josyline Kamateneti,Female,Ogwokuna 16 1982
12639,Juliet Kakande Nakabuye,Female,Ogusooka 13 1978
12640,Margret Okunga Makoha,Female,
12641,Faith Nakut,Female,
12642,Betty Muzanira,Female,Ogwomwenda 3 1968
12643,Eugenia Nassolo,Female,
12644,Rose Nalubowa,Female,
12645,Justine Nameere,Female,Ogwokuna 17 1989
12646,Patricia Magara,Female,1978
12648,Endingidi,Unknown,
12649,Enid Origumisiriza,Female,
12655,Cleome gynandra,Unknown,
12656,John Baptist Walusimbi,Unknown,
12660,Jackson Orem,Female,
12661,Hussein Muyonjo Swengere,Unknown,Ogwomukaaga 16 1986
12662,Werikhe Kafabusa,Unknown,mu 1955
12663,Michael Mugabi,Unknown,
12664,Talk:Wewaawo,Unknown,
12667,Amon Ashaba Mwiine,Unknown,mu 1981
12668,Joseph Mugisha,Unknown,mu 1960
12669,Waswa Balunywa,Unknown,Ogwekkumineebiri 3 1955
12671,Goretti Nassanga,Unknown,
12672,Denis Hills,Female,
12673,Kojo Adu Asare,Male,
12674,William Canby,Unknown,Ogwokutaano 22 1931
12676,"Emelia Arthur, omuwandiisi w’ebitabo",Female,Mukulukusabitungotungo 1 1966
12677,Buwalasi Theological College,Unknown,
12678,"Janet Nabla, omuwandiisi w’ebitabo",Unknown,
12679,"Janet Nabla, munnabyabufuzi",Unknown,
12680,"Mahmoud Thabit Kombo, omusajja omulala",Unknown,
12681,"Mahmoud Thabit Kombo, munnabyabufuzi",Unknown,
12682,Rolex,Unknown,
12683,Kundo Mathew,Unknown,
12684,"Nusrat Hanje, omuwandiisi w’ebitabo",Female,
12685,Salome Makamba,Unknown,Mukutulansanja 18 1987
12686,Emmanuel Nchimbi,Unknown,Ntenvu 24 1971
12687,Victoria Lakshmi Hamah ye agamba nti,Male,
12688,Victoria Lakshmi Hamah munnabyabufuzi,Male,
12689,Samuel Abdulai Jabanyite omusajja omulala,Unknown,
12690,Samuel Abdulai Jabanyite munn,Unknown,
12691,"José Ibraimo Abudo, munnabyabufuzi",Unknown,September 16 1947
12692,Amade Camal,Unknown,1954
12693,Sani Yaya,Unknown,
12694,Dhoihir Dhoulkamal,Unknown,
12695,Florentino Mendes Pereira,Unknown,
12696,"Alamin Mohammed Seid, omuwandiisi w’ebitabo",Unknown,1946
12697,"Alamin Mohammed Seid, munnabyabufuzi",Unknown,1946
12698,Aji Secka,Female,
12699,"Kadidja Mohamed Ali, munnabyabufuzi",Unknown,
12700,MJ Mahlangu,Female,Mukulukusabitungotungo 8 1952
12701,Fairland University,Unknown,
12702,Joseph Charles Doumba,Unknown,
12703,Ahmed Attoumani Douchina,Unknown,
12704,"Alamara Nhassé,",Unknown,Ogwomukaaga 2 1957
12705,Sidia Jatta,Unknown,1945
12706,Satang Jow,Unknown,
12707,Omukuumi Proença,Unknown,
12708,Helder Proença,Unknown,
12711,"Jean-Baptiste Baskouda, omuwandiisi w’ebitabo",Unknown,Ogwomunaana 24 1957
12712,"Jean-Baptiste Baskouda, munnabyabufuzi",Unknown,Ogwomunaana 24 1957
12713,"June Holst-Roness, omuwandiisi w’ebitabo",Female,
12714,"June Holst-Roness, munnabyabufuzi",Female,
12715,Okere Adams,Unknown,
12716,Karefa Kargbo,Unknown,
12717,"Asheik Jarma, munnabyabufuzi",Unknown,
12719,"Josephine Anenih, omuwandiisi w’ebitabo",Female,Ogwomusanvu 6 1948
12720,"Josephine Anenih, munnabyabufuzi",Female,Ogwomusanvu 6 1948
12721,Bola Afonja,Unknown,
12722,Stella Ngwu,Unknown,Ogwomusanvu 9 1958
12723,Kola Adewusi,Unknown,Ogwekkumi 5 1968
12724,Idris Wada,Unknown,Ogwomunaana 26 1950
12725,"Nuno Gomes Nabiam, omuwandiisi w’ebitabo",Unknown,Ogwekkuminogumu 17 1966
12726,"Nuno Gomes Nabiam, munnabyabufuzi",Unknown,Ogwekkuminogumu 17 1966
12727,Salvador Namburete agamba nti,Unknown,
12728,Salvador Namburete munnabyabufuzi,Unknown,
12729,"Maria Arruvaia, omuwandiisi w’ebitabo",Unknown,
12730,"Maria Arruvaia, munnabyabufuzi",Unknown,
12731,Maphoka Motoboli,Unknown,
12732,"Germaine Kouméalo Anaté, omuwandiisi w’ebitabo",Unknown,
12733,Germaine Kouméalo Anaté,Unknown,
12734,"Rui Alberto de Figueiredo Soares, omuwandiisi w’ebitabo",Unknown,1956
12735,"Maria Laice, omuwandiisi w’ebitabo",Unknown,
12736,"Maria Laice,munnabyabufuzi",Unknown,
12737,"Fatim Badjie, omuwandiisi w’ebitabo",Unknown,
12738,Fatim Badjie,Unknown,mu 1982
12739,Momodou Baboucar Njie Omusajja Omukulu,Unknown,
12740,Momodou Baboucar Njie munnabyabufuzi,Unknown,
12741,Stella Nkoro,Unknown,
12743,KAMWA KABI KASSA SSIROGANGA,Male,
12744,Chantal Biya,Female,Ogwekkuminebiri 4 1970
12745,Mary Nzimiro,Female,Ogwekkumi 16 1898
12746,Matilda Lambert,Female,
12747,Olive Kigongo,Female,1954
12748,Nataliey Bitature,Unknown,Ogwomwenda 28 1989
12749,Olive Byamukama,Unknown,
12750,Janet Wesonga,Female,mu 1928
12752,Sandra Aceng,Female,
12753,Stellah Nantumbwe,Unknown,
12754,Concy Aweko,Unknown,May 23 1991
12755,Justine Nakagiri Ssemwanga,Female,
12756,Theopista Sekitto Ntale,Unknown,
12757,Harriet Nakwedde,Female,
12758,Ruth Kalibbala Bwanika,Female,1977
12759,Hadijah Nakanjako,Unknown,
12760,Maureen Nankya,Female,
12761,Zaina Namuleme,Unknown,Ogwoluberyeberye 9 2000
12762,Shamim Mayanja,Unknown,1991
12763,Barbara Allimadi,Unknown,
12764,Yarri Kamara,Unknown,
12765,Lynnette Tumwine Kyokunda nga ye muyimbi,Female,
12766,Charity Lenia,Unknown,
12768,Ruth Sebatindira,Unknown,
12769,Irene Muyanga,Female,Museenene 12 1943
12770,Rose Musani,Unknown,Muwakanya 8 1956
12771,Irene Sewankambo,Female,
12772,Carol Alyek Beyanga,Female,1979
12774,Sandra Nabaggala,Unknown,ntenvu 12 1994
12775,Shoshana Nambi,Female,
12777,"Doreck Ankunda, omusajja omulala",Unknown,
12778,Doreck Ankunda,Unknown,
12779,Beatrice Ayikoru,Female,
12780,Nadine Byarugaba,Unknown,
12781,1977 Liigi y'eggwanga lya Uganda,Unknown,
12782,Josephine Joyce Lalam,Unknown,
12783,"Rehema Nanfuka, omusajja omulala",Female,
12784,Franklin Najjumba,Unknown,
12785,"Kemiyondo Coutinho, omusajja omulala",Female,
12786,Madina Nalwanga,Female,
12787,Rachael Zena Chebet,Unknown,
12788,Christine Lanyero Awany,Female,
12790,Juliet Zawedde,Unknown,
12791,Omuyimbi Kyomuhendo,Female,
12792,Juliana Kagwa,Unknown,circa 1980
12793,Sharifah Tumusiime,Female,
12794,Manuela Pacutho,Female,
12795,Jennifer Mwijukye,Female,
12796,Doreen Chemutai,Unknown,mukulukusabitungotungo 23 1996
12797,Omuyimbi Julian Adyeri Omalla,Female,1965
12798,Patricia Chepkwemoi,Unknown,1994
12799,Doreen Chesang,Unknown,ogw'ekkumi 16 1990
12800,Mercy Kainobwisho,Unknown,
12801,Sumaya Komuntale,Unknown,ogw'omunaana 3 2003
12802,Rose Nakasi,Female,1988
12803,Prosperous Nankindu Kavuma,Unknown,
12804,Husina Kobugabe,Female,Mugulansigo 21 2001
12805,Jolly Twebaze Ngabirano,Female,1961
12806,Brenda Chekwemoi,Unknown,Museeneene 11 2007
12807,"Julia Clare Oyet, omuwandiisi w’ebitabo",Female,
12808,Felister Chekwemoi,Unknown,Muwafu 15 2007
12809,Bentalin Yeko,Unknown,Museneene 6 2007
12810,Nancy Chepkwurui,Unknown,Sebaaseka 14 2007
12811,Rebecca Chelangat,Unknown,Gatonya 1 2002
12812,Jovia Nakagolo,Unknown,
12813,Zahara Nandawula,Female,
12814,Shakirah Nyinagahirwa,Unknown,July 25 2005
12815,Knight Aciru,Female,Mutunda 3 1998
12816,Asha Noppeney,Unknown,1954
12818,Ruth Aturo,Unknown,ogw'omusanvu 19 1995
12819,Linet Toroitich Chebet,Unknown,
12820,Adha Munguleya,Unknown,Ogwokutaano 25 1999
12821,"Sasha Ferguson, omuwandiisi w’ebitabo",Female,mu 1996
12822,Malaika (omuzannyi wa firimu) .,Unknown,
12824,Evelyn Namara,Female,
12826,Suzan Mweheire Kitariko,Unknown,
12827,Omuyimbi Sylvia Jagwe Owachi,Unknown,
12828,Goretti Masadde,Female,
12829,Omuyimbi Shakila Rahim Lamar,Female,
12830,Grace Muliisa,Unknown,
12831,Evelyne Nakiyingi,Unknown,
12832,Margaret Baagala,Unknown,Muzigo 9 2002
12833,Grace Kigeni,Female,
12834,Joy Cheptoyek,Unknown,Muzigo 15 2002
12836,Tracy Akiror,Unknown,Muwakanya 25 1997
12837,Alice Boase,Unknown,
12838,Barbara Saben,Female,
12839,Gertrude Njuba,Female,
12840,Omukyala Aginesi Nabirye,Female,July 17 1973
12841,Kenny Auma,Female,
12842,Jane Asiimwe Muhindo,Unknown,
12843,Josephine Pedun,Female,
12844,Arinda Daisy Kankiriho,Female,2000
12845,Esther Okello Lutwa,Female,
12846,Sarah Wasagali Kanaabi,Female,
12847,Shakirah Nankwanga,Unknown,
12848,"Belinda Chemutai, omuwandiisi w’ebitabo",Unknown,
12849,"Loice Chekwemoi, omuwandiisi w’ebitabo",Unknown,
12850,Alan Kasujja,Unknown,
12851,Danielita Favor Nambatya,Female,
12852,James Nangwala,Unknown,
12853,Timothy Batabaire,Unknown,Ogwomunaana 25 1981
12854,Richard Nduhura,Unknown,
12856,Priscilla Abey,Unknown,
12857,Ritah Imanishimwe,Unknown,ogw'omukaaga 12 1996
12858,Lydia Babirye,Unknown,
12859,Brenda Ekone,Female,Ogwomukaaga 10 1996
12860,Teddy Nakimuli,Unknown,
12861,Maria Najjuma,Female,
12862,Mellissa Akullu,Unknown,
12863,Asha Sonko,Unknown,1983
12864,Viola Namuddu,Unknown,
12865,Shamirah Nalugya,Unknown,
12867,Allan Enyou,Unknown,Ogwekkumineebiri 24 2003
12868,Fred Ruhindi,Unknown,
12869,Arthur Kisenyi,Unknown,1990
12870,Godfrey Kalimugogo,Unknown,
12872,Pamela Annet Kirungi,Female,
12873,Jeniva Arinaitwe,Female,
12874,Esther Majambere Musoke,Unknown,
12875,Sylvia Tumuheirwe Alinaitwe,Female,
12876,Esther Lucy Acom,Female,
12877,Namugerwa Gloria,Unknown,
12878,Nalongo Hadijah,Female,
12879,Omuzirakisa Cherop,Unknown,
12880,Omuyimbi Catherine Ainembabazi,Female,
12881,Omuyimbi Sylvia Kabene,Female,
12883,Angwech Colline,Female,
12885,Sam Otada,Unknown,gwakumi 27 1976
12886,Selestino Babungi,Unknown,
12887,James Mugira,Female,
12889,Joseph Kenneth Ssebaggala,Unknown,
12890,Yunivasite y’ensi yonna eya Metropolitan,Unknown,
12891,Metropolitan International University,Unknown,
12892,"Tova O’Brien, omuwandiisi w’ebitabo",Unknown,
12893,Leilah Babirye,Unknown,
12894,Nuwa Wamala Nnyanzi,Male,
12895,Dennis Galabuzi Ssozi,Male,
12896,Phionah Atuhebwe,Male,May 7 1983
12899,Natasha Museveni Karugire,Female,
12900,Manuela Pacutho Mulondo,Female,
12901,Mary Lewis (omuzannyi wa firimu Omucanada),Unknown,mu 2004
12902,Mary Lewis (Omunnakatemba omukanada),Unknown,mu 2004
12903,Rehmah Kasule,Female,December 30 1971
12904,Razia Iqbal,Unknown,
12905,Shamim Nambassa,Female,mu 1999
12906,Mildred Tuhaise,Female,
12907,Ronald Nsubuga Balimwezo,Unknown,mu 1975
12908,Claire Lamunu,Female,
12909,Yudaya Nakayenze,Unknown,
12910,Thomas Aisu,Unknown,
12911,Kania Obiga,Unknown,
12912,Godfrey Kiwanda,Unknown,
12913,Andrew Cohen (omuddukanya w’emirimu gy’amatwale) .,Unknown,
12914,Kibirige Mayanja,Female,
12915,Bulasio Mukasa,Male,
12916,John Nasasira,Unknown,
12917,Gabriel Opio,Male,Ogwekkuminogumu 9 1945
12918,Nexus International University,Female,
12919,David Kalwanga Lukyamuzi,Unknown,mu 1979
12920,Herbert Kabafunzaki,Unknown,
12921,Fred Nyanzi Ssentamu,Unknown,mu 1971
12922,Vincent Woboya,Unknown,Ogwomusanvu 1 1974
12923,Micheal Tusiime,Unknown,Ogwoluberyebyere 29 1973
12924,Serapio Rukundo,Unknown,
12925,Phillip Wafula Ogutu,Female,
12926,"Nathan Byanyima, omusajja omulala",Unknown,
12927,Geoffrey Lutaaya,Male,
12928,Simon Mulongo,Male,Ogwomukaaga 26 1962
12929,Simon Kaggwa Njala,Unknown,
12930,Willy Mayambala,Unknown,
12931,Balyeku Moses Grace,Unknown,
12932,Katikkiro wa Buganda,Male,
12933,Mayanja Kyompitira Sebalu,Unknown,mu 1931
12934,Babiiha Jane Alisemera,Unknown,
12935,Zerubabel Nyiira,Unknown,
12936,Ekwau Ibi Florence,Female,
12937,Trinity College Nabbingo,Female,
12938,St. Mary's College Kisubi,Male,
12939,"Kasibante Robert, omuwandiisi w’ebitabo",Unknown,1988
12940,Tarsis Kabwegyere,Unknown,
12942,Robert Maseruka,Unknown,Ogwokubiri 20 2000
12943,Mbale Secondary School,Female,
12944,St. Joseph's College Layibi,Unknown,
12945,Soroti Secondary School,Male,
12946,Makmot Otto,Unknown,ogwomunaana 2 1978
12947,Sitenda Sebalu,Unknown,
12948,Mathew Rukikaire,Unknown,Ogwekkumi 14 1938
12949,Kid Fox,Unknown,
12950,Robert Mugabe Kakyebezi,Unknown,
12951,Nyasio Mudimi,Unknown,
12952,Medard Lubega Sseggona,Male,Ogwomwenda 1 1975
12953,Kiwanuka Sulaiman,Unknown,
12954,Mastula Namatovu,Female,Ogwekkuminogumu 29 1988
12955,Naome Kabasharira,Female,Ogwekkumi 12 1967
12956,Benson Lugwar,Unknown,
12957,Lawrence Kiiza,Unknown,mu 1948
12958,Odongo Okune,Unknown,Ogwokusatu 6 1965
12959,Andrew Mwenda,Male,mu 1972
12960,Kampala German Language School,Unknown,
12964,Frank Bulira Kabinga,Unknown,mu 1982
12965,Samuel Ediau,Unknown,
12966,Kayogera Yona,Unknown,
12967,James Rwanyarare nga bwe kiri,Unknown,
12968,James Rwanyarare,Unknown,
12969,Besueri Kiwanuka Lusse Mulondo,Unknown,
12970,Lawrence Mangusho,Male,Ogwomunaana 12 1961
12971,"Munnamawulire, munnauganda, muwandiisi",Unknown,mu 1980
12972,Nobel Mayombo,Female,mu 1926
12973,"Kasibante Robert,",Unknown,1988
12974,Levixone,Male,
12975,Ayoo Tonny,Unknown,Ogw'omukaaga 8 1974
12976,Matayo Lukwiya,Female,
12977,Charles Onyango-Obbo,Unknown,1958
12978,Moses Isegawa,Unknown,ogwomunaana 10 1963
12979,Sally Lloydd-Jones,Unknown,
12980,James Dubai Olobo,Unknown,
12981,Kirungi Annet Pamela,Female,
12982,Elton Joseph Mabirizi,Unknown,
12984,Richard Gafabusa,Unknown,Ogwomwenda 20 1996
12985,Busaana Modern Academy,Unknown,
12987,Ndyomugyenyi Roland Bish,Unknown,
12989,Munyagwa Mubarak Sserunga,Male,mu 1979
12990,Tibasiimwa Joram Ruranga,Unknown,
12991,St. Peter's College Tororo,Unknown,
12993,Andrew Kaluya,Female,Ogwokubiri 8 1978
12994,Charles Angina,Unknown,Ogwokusatu 29 1962
12995,Kibalya Henry Maurice,Unknown,Ogwekuminebiri 7 1977
12996,A. G. Mehta,Female,ogwokubiri 1 1927
12997,Mackay Memorial College,Unknown,
12998,Andrew Baryayanga,Unknown,Ogwomwenda 2 1979
12999,Okin Ojara,Male,Ogwokutaano 26 1971
13000,Gaster Nsereko,Unknown,Ogwomusanvu 5 1965
13001,Amos Betungura,Unknown,
13002,Frank Nyangweso,Male,
13003,Anna Makula,Unknown,
13004,Shamim Murerwa,Unknown,
13005,Laika Umuhoza,Unknown,
13006,Grace Lubega,Male,
13007,Jeremiah Twa-Twa,Unknown,Ogw'olubereberye 29 1951
13008,Olukalala lw'abaminisita b'ensonga z'omunda mu Ggwanga Yuganda,Female,
13011,Gayaza High School,Female,
13012,Patrick Ogwang,Unknown,gwaluberyeberye 1 1973
13013,Isabella Epiu,Female,
13014,Ssebugga Kimeze,Unknown,Ogwomunaana 27 1960
13015,Kirya Balaki Kebba,Male,mu 1924
13016,Lubiri,Unknown,
13017,Christopher Komakech,Unknown,Ogwokuna 8 1985
13019,Emmanuel Wamala,Unknown,Ogwekkuminebiri 15 1926
13020,Rebecca Cheptegei,Female,
13021,Musa Muhwezi,Unknown,
13022,Moses Muhwezi,Unknown,
13023,Prisca Chesang,Unknown,ogwomunaana 7 2003
13024,Amos Nyathirombo,Unknown,mu 1969
13025,Sandy Millar,Male,
13026,Joseph Kabuleta,Unknown,ogwokusatu 17 1972
13027,Lawrence Akugizibwe,Unknown,Ogwekkuminoogumu 2 1985
13029,Olusozi Kasubi,Unknown,
13031,Grenia Nyamwija,Female,Ogwekkuminebiri 15 1993
13032,Ekika ky'Effumbe,Male,
13033,Teso College Aloet,Male,
13035,Oliva Amani,Female,Ogwomunaana 22 1979
13036,Irene Drusilla Namaganda,Female,
13037,Omugga Sezibwa,Unknown,
13038,Odonga Otto,Female,Ogwekuminogumu 11 1977
13039,Solomon Serwanjja,Female,
13043,Bulange,Unknown,
13044,Chance Nalubega,Female,
13045,Lukiiko,Unknown,
13046,Obangaina,Female,
13047,Carol Nantongo,Female,Ogwekkuminoogumu 17 1995
13048,"Mengo, Uganda",Unknown,
13050,Kaleke kasome,Female,
13051,Yosam Odur Ebii,Female,mu 1926
13052,Kin Kariisa,Unknown,
13053,Rwot Acana,Unknown,mu 1967
13054,Biddemu Bazil Mwotta,Unknown,
13055,Joseph Almeida (omusomesa),Male,mu 1925
13056,Nnaabagereka owa Buganda,Female,
13057,Nnaabagereka wa Buganda,Female,
13058,Engule z'ennyimba za Pearl of Africa,Unknown,
13059,Paul Amoru,Unknown,Ogwekkumi 11 1983
13060,Endongo,Unknown,
13061,Okello Oculi,Unknown,mu 1942
13062,Naggalabi Buddo,Unknown,
13063,Sauti Ya Africa,Unknown,
13064,DJ Shiru,Unknown,ogwomusanvu 27 1986
13065,Yvonne Mpambara,Female,
13066,Uganda National Contemporary Ballet,Unknown,
13067,East African Bashment Crew,Unknown,
13070,Swahili Nation,Unknown,
13071,Bernard Kabanda Ssaalongo,Unknown,
13072,Black Harmony,Male,
13075,Enkwanzi,Unknown,
13077,Eddie Wizzy,Male,
13079,"Oh Uganda, Ensi ya Bulungi",Unknown,
13080,Sitya Loss,Unknown,
13082,Namakula Mary Bata,Female,Ogwekumineebiri 22 1993
13083,Nambi (enfumo) .,Female,
13084,Ghetto Kids,Unknown,
13086,Karoli Lwanga,Unknown,
13087,Robert Kabushenga,Male,
13088,Butikkiro,Male,
13089,Elijah Kitaka,Male,
13090,Olusozi Namirembe,Unknown,
13091,Ekika ky'AKasimba,Male,
13092,Ekika ky'Obutiko,Male,
13094,Mesach Semakula,Female,
13095,Ekijjukizo ky'Abajulizi e Busega,Unknown,
13096,Adolfo Mukasa Ludigo,Unknown,Ogwomwenda 04 1919
13097,Manuel Muranga,Unknown,
13098,Gladyce Kachope,Female,
13099,Mathias Mpuuga,Unknown,Ogwekkumi 12 1975
13101,Joseph Mukasa Balikuddembe,Male,
13102,Enock Nyongore,Unknown,
13103,Nakanyike B. Musisi,Female,ogwokuna 26 1955
13104,Bernadette Nambi,Unknown,
13105,Suzie Muwanga,Female,
13106,Musa Kizza Musaazi,Unknown,
13107,George Lugalambi,Unknown,
13108,Ekaddiyizo lya Hamu Mukasa,Female,
13110,Venansius Baryamureeba,Unknown,Ogwokutaano 18 1969
13111,Ekisaakaate,Unknown,
13112,Josephine Ahikire,Female,
13113,Mahmood Mamdani,Female,Ogwokuna 23 1946
13114,Munyonyo Martyrs Shrine,Unknown,
13115,Lyrical G,Male,
13116,Janzi Band,Unknown,
13117,Ganda Boys,Unknown,
13118,User:Sisterian/Ebika bya Baganda,Male,
13119,Ray Signature,Unknown,
13120,Leslie 'Lee' Kasumba,Female,
13121,Ernest Okello Ogwang,Unknown,
13122,Olukalala lw'abaminisita b'amateeka ne Ssemateeka wa Uganda,Female,
13123,A Pass,Unknown,
13124,Achilleus Kiwanuka,Unknown,
13125,BigTril,Unknown,1990
13126,Ssewa Ssewa,Unknown,
13127,I'm Still Here (Juliana Kanyomozi song),Female,
13128,Asha Naava Zziwa,Female,mu 1986
13129,Lumix Da Don,Female,
13130,Abajulizi ba Uganda,Male,
13131,Omuziki gwa Baganda,Unknown,
13134,Dr. Arthur W. Allen Home,Unknown,
13138,B2C Entertainment,Male,
13140,Nana Ama Dokua Asiamah Adjei,Female,Ogwomusanvu 24 1982
13141,Rashy K,Unknown,Ogwokusatu 28 1993
13142,Mark Ouma,Unknown,
13144,Arthur Simeon,Unknown,
13145,Viola Nimuhamya,Unknown,1996
13146,Ali Kiiza,Unknown,
13147,Lillian Zawedde,Unknown,mu 1987
13148,Mun G,Unknown,
13150,Fauzia Najjemba,Unknown,ogwekkumi 7 2003
13151,Menton Summer,Unknown,
13152,Victor Ray,Male,
13153,Solome Bossa,Female,
13154,William Mukama,Unknown,
13155,Nancy Kacungira,Female,1986
13156,Nehemiah Katusiime,Unknown,
13157,President of Uganda,Unknown,
13158,Kiddu Makubuya,Unknown,
13159,Kemiyondo Coutinho,Female,
13160,Gerald Moore (scholar),Female,
13161,Rukh-Shana Namuyimba,Female,
13162,Bashir Kazibwe,Unknown,Ogwekkumi 8 1986
13164,Ivan Kyeyune,Male,
13165,Esther Nakaziba,Unknown,mu 1995
13166,Presidential Commission of Uganda,Unknown,
13167,Rubanda-Mayonza,Unknown,
13168,Pyarali Merali,Unknown,
13169,Emily Maractho,Unknown,
13170,Dominica Dipio,Female,
13171,William Bazeyo,Unknown,
13174,Darlyne Komukama,Unknown,mu 1984
13175,Muwanga Kivumbi,Unknown,Ogwekkumi 19 1973
13176,Jude T Lubega,Unknown,Ogw'omusanvu 6 1974
13177,Milege Afrojazz Band,Unknown,
13178,Winyi ow'e Kibulala,Female,
13179,Francis Ayume,Unknown,Ogwoomunaana 18 1940
13180,Anthony Ochaya,Unknown,
13181,Hussein Kyanjo,Unknown,
13182,Andrew Kakooza,Female,
13183,Jacob Oboth-Oboth,Male,Ogwokuna 13 1971
13184,Andrew Mukooza,Female,
13185,Wakooli Godfrey Matembu,Unknown,Ogwomwenda 26 1986
13186,Andrew Kambugu,Unknown,Ogwokubiri 22 1973
13188,George Didi Bhoka,Unknown,
13189,Cuthbert Joseph Obwangor,Female,
13190,Ramathan Ggoobi,Unknown,
13191,Yetunde Arobieke,Unknown,
13192,Olum Lornah Afoyomungu,Female,
13193,Charles Onen,Unknown,
13194,Stephen Sserubula,Unknown,Ogwokubiri 9 1981
13195,Reginald Green (omukugu mu by’enfuna),Unknown,
13196,Roseline Konya,Unknown,
13197,Rose Christine Adikini,Female,Ogwomusanvu 26 1926
13198,Mwesigwa Rukutana,Unknown,
13199,Geoffrey Mutiwa,Unknown,Ogwokuna 12 1982
13200,Salaamu Musumba,Unknown,
13201,Sylvia Vicky Awas,Unknown,
13202,Kato Kintu,Female,
13203,Enviiri Balogun,Female,1941
13204,John William Kibukamusoke,Unknown,
13205,Josephine Ibaseret,Unknown,
13206,Nkunyingi Muwada,Male,Ogwomusanvu 27 1982
13207,Hairat Balogun,Female,1941
13208,Adam Mugume,Unknown,
13209,Paul Theroux,Female,
13210,Evelyn Omavowan Oboro,Unknown,1971
13211,Ada Osakwe,Female,Ogwomwenda 2 1981
13212,Ash Amin,Unknown,Ogwokkumi 31 1955
13213,Mary Annet Nakato,Female,
13214,Mame Mandiaye Niang,Unknown,Ogwomwenda 20 1960
13215,Khemis Mzaid,Unknown,
13216,Fiona Nakku,Female,
13217,Ezra Suruma,Unknown,Ogwekkuminoogumu 11 1945
13218,Perez Ahabwe,Unknown,Ogwekkuminogumu 21 1961
13219,"Emmanuel Amey Ojara, omusajja omulala",Unknown,
13220,"Emmanuel Amey Ojara,",Unknown,
13221,Ian Clarke,Male,1952
13222,John Mbiti,Unknown,Ogwekkuminogumu 30 1931
13223,David Rubadiri,Female,mu 1927
13224,Sam Engola,Unknown,
13225,Olivia Mary Nantongo,Female,Ogwolubereberye 27 1994
13227,Twaha Kagabo,Unknown,
13228,Bruce Baraba Kabaasa,Unknown,
13229,Gilbert Olanya,Unknown,
13230,Peter James Nkambo Mugerwa,Unknown,
13231,Les Ebdon,Unknown,Ogwoluberyeberye 26 1947
13232,Hugh Dinwiddy,Male,
13233,Cotilda Inapo,Female,
13234,Israel Kibirige Ssebunya,Female,
13235,Sarah Waiswa,Female,
13236,Vincent Nyanzi,Unknown,
13237,Theresa Musoke,Unknown,1945
13238,Betty Manyolo,Unknown,mu 1938
13239,Barnaba Nawangwe,Unknown,Ogwolubereberye 17 1956
13240,Barnabas Nawangwe,Unknown,Ogwolubereberye 17 1956
13242,Lokwang Hillary,Unknown,
13243,Felix Onama,Unknown,mu 1921
13244,Laker Jolly Grace Andruvile Okot,Female,
13246,Richard Todwong,Male,
13247,Godfrey Kabbyanga,Male,Ogwokutaano 5 1974
13248,Susan Kabonero Muhwezi,Female,
13249,Consolata Kabonesa,Unknown,
13250,Micah Akasile Lolem,Unknown,Ogwomusanvu 10 1967
13251,Denis Owen,Female,
13252,Christine Bukenya Ssendawula,Female,
13253,Innocent Oula,Male,
13254,Maggie Magode Ikuya,Unknown,
13255,Ronald Reagan Okumu,Unknown,
13256,Anthony Akol,Female,
13257,Denis Nyangweso,Unknown,
13258,Barnabas Tinkasimire,Female,
13259,Karubanga Jacob,Unknown,Ogwokkumi 15 1963
13260,Ivan Koreta,Unknown,
13261,Moses Okot Jr,Male,
13262,Janzi (musical instrument),Female,
13263,"Bethwell Allan Ogot, omuwandiisi w’ebitabo",Unknown,
13264,Bethwell Allan Ogot,Unknown,
13265,Silas Aogon,Male,Ogwekkuminoogumu 17 1976
13266,Joseph Ekemu,Unknown,Ogwomwenda 5 1944
13267,"George Shepperson, omuwandiisi w’ebitabo",Unknown,
13268,George Shepperson,Unknown,
13269,Esther Kyozira,Unknown,
13270,Joseph Ssekandi,Unknown,
13271,John Bashaija Kazoora,Male,
13272,Sophia Karen Edem Ackuaku,Female,Janwali 7 1972
13273,Sam Odaka,Male,
13274,Lydia Alhassan,Female,Janwali 31 1970
13275,Amanya Mushega,Unknown,
13276,Rose Clarke Nanyonga,Female,
13278,Gerald Ssendawula,Unknown,Ogwokutaano 15 1943
13279,Gerald Ssendaula,Female,Ogwokutaano 15 1943
13280,Jacklyn Jolly Tukamushaba,Female,
13281,"Frank Baffoe, omuwandiisi w’ebitabo",Female,Ogw'okubiri 3 1935
13282,Frank Baffoe,Female,Ogw'okubiri 3 1935
13283,Helen Epstein (munnamawulire),Unknown,mu 1961
13284,User:Sisterian/Basil Kiiza Bataringaya,Female,mu 1927
13285,Christopher Kibanzanga,Unknown,Ogwoluberyeberye 22 1967
13286,Aronda Nyakairima,Unknown,
13287,Sarah Bireete,Unknown,
13288,Dani Wadada Nabudere,Female,Ogwekkumineebiri 15 1932
13289,Joan Rwabyomere,Unknown,
13290,Leader of Opposition,Unknown,
13291,Neo Masisi,Female,
13292,Elizabeth Mataka,Unknown,
13293,Charles Oboth Ofumbi,Female,
13294,Moggie Mbaakanyi,Unknown,
13295,Pelonomi Venson-Moitoi,Unknown,Ogwokutaano 13 1951
13296,Queen of Uganda,Unknown,
13297,Yowabu Magada Kawaluuko,Female,Ogwolubereberye 7 1930
13298,Housen Mushema,Female,
13299,Kenneth Pablo Kimuli,Female,
13300,Omara Atubo,Unknown,
13301,Flavian Zeija,Unknown,Ogw'okubiri 18 1969
13302,Aston Kajara,Unknown,
13303,Fred Jalameso,Unknown,
13304,Daudi Ochieng,Unknown,mu 1925
13305,Kevinah Taaka Wanaha Wandera,Unknown,
13306,Adison Kakuru,Unknown,Ogwokuna 14 1962
13307,"Ali Mazrui, omuwandiisi w’ebitabo",Male,Ogwokubiri 24 1933
13309,Denis Williams,Unknown,Ogwokubiri 1 1923
13310,James Simpson (Munnayuganda munnabyabufuzi),Unknown,
13311,Jeremiah Lucas Opira,Unknown,
13312,African Children's Choir,Unknown,
13313,Celestino Obua,Female,
13315,Mariam Iddrisu,Unknown,
13316,Muddathir Abdel-Rahim omuwandiisi w’ebitabo,Unknown,1932
13317,Saba Saba,Unknown,
13318,Anna Nyamekye,Unknown,Noovemba 25 1954
13319,Bands of the Uganda People's Defence Force,Female,
13320,"Lucy Newlyn, omuwandiisi w’ebitabo",Unknown,1956
13321,Vinand Nantulya,Unknown,
13322,Lawrence Segawa,Unknown,
13323,Trough zither,Female,
13324,Peter Byaruhanga,Unknown,
13325,Harrison Mutikanga,Unknown,mu 1968
13326,John Omagino,Unknown,
13327,Suraj Prasad Singh,Unknown,
13328,Phillip Ssozi,Unknown,
13329,Pius Ssebulime,Unknown,Ogwomukaaga 06 2004
13330,Jesse Bal,Unknown,Ogwekkumi 1 2006
13331,James Bogere,Unknown,Ogwokubiri 2 2008
13332,Eric Berry Edney,Unknown,
13333,Phillip Omondi,Unknown,
13334,Ivan Anguyo,Unknown,Ogwokuna 6 1986
13486,Kigozi Andrew Samson,Unknown,Ogwokuttaano 11 1995
13487,Emmanuel Anyama,Male,Ogwomusanvu 14 1998
13565,1964 Ugandan lost counties referendum,Unknown,
13566,Ashraf Mandela,Unknown,
13568,Ritah Kivumbi,Unknown,
13569,Ogama Baden Mujahid,Unknown,
13570,Comfort Owusu,Unknown,Ogwokuna 28 1940
13571,Tenywa Bonseu,Unknown,
13572,Hassan Mubiru,Unknown,Ogwekkumineebiri 16 1978
13573,Edith Hazel,Unknown,
13574,James Hannington,Unknown,Ogwomwenda 3 1847
13575,Godfrey Ssali,Unknown,
13673,Module:Key,Unknown,
13691,Ndugwa Abraham,Unknown,
13692,Elvis Ngondwe,Unknown,
13693,Edith Dankwa,Unknown,
13695,"Joel Kitamirike, omuwandiisi w’ebitabo",Unknown,Ogwokuna 5 1984
13696,Joel Kitamirike,Unknown,Ogwokuna 5 1984
13697,Colin Chapman (omukugu mu by’ensolo ebisookerwako) .,Unknown,
13712,Colin Chapman (omukugu mu by'amazike) .,Unknown,
13714,Colin Chapman (omukugu mu by'enkuma n'amazike) .,Unknown,
13733,Abubaker Tabula,Unknown,Ogwomukaaga 12 1980
13734,Hannington Kalyesubula,Unknown,
13735,Dan Mubiru,Unknown,
13736,Basil Kiiza Bataringaya,Female,mu 1927
13737,Ibra Sekajja,Unknown,
13738,Brian Nkuubi,Male,Ogwekkuminoogumu 1 1993
13739,Emmanuel Kalyowa,Unknown,
13740,Denis Kiggundu,Male,Ogwokutaano 15 2000
13751,Ssekajugo Elvis,Unknown,
13752,Jimmy Kirunda,Unknown,
13753,"Jamil Kasirye, omusajja omulala",Unknown,
13754,Edward Kalungi,Unknown,Ogwekkumi 12 1977
13755,Solome Nakaweesi Kimbugwe,Female,
13756,Chukwuemeka Omujuda Diji,Unknown,
13757,Chukwuemeka Jude Diji,Unknown,
13758,Hannington Ssebwalunyo,Unknown,
13759,Derrick Nsibambi,Male,Ogwomukaaga 19 1994
13760,Apollo Kagogwe,Unknown,Ogwokubiri 18 2003
13761,Naana Eyiah Quansah,Unknown,Ogwokubiri 14 1963
13762,Emmanuel Alex Wasswa,Unknown,Ogwolubereberye 3 1993
13763,Ssozi Shaka,Unknown,Ogwokubiri 2 1994
13765,Remi Sonaiya,Female,Ogwokusatu 2 1955
13766,Gideon Odongo,Male,
13767,Shafik Nana Kwikiriza,Unknown,Ogw'kusaatu 3 2004
13768,Mouammad Mpezamihigo,Unknown,
13769,"James PM Ntozi, omubaka wa Uganda",Unknown,
13770,James PM Ntozi,Unknown,
13771,James P. M. Ntozi,Unknown,Ogwomusanvu 25 1946
13772,Andrew Bashaija,Unknown,
13775,Joseph Kizito (omuzannyi w'omupiira),Unknown,Ogwomusanvu 27 1982
13776,Manfred Kizito,Unknown,Ogwokusatu 14 1980
13778,Joel Sserunjogi,Male,Ogwomukaaga 16 2002
13779,Ronald Otti,Unknown,
13780,Mutwalibu Mugolofa,Unknown,
13781,Alex Isabirye Musongola,Unknown,mu 1975
13782,Frank Ssebuufu,Unknown,Ogwomwenda 9 2001
13783,Nicholas Mwere,Unknown,
13784,Joan Onyemaechi Mrakpor,Unknown,1966
13785,Carolyna Hutchings,Female,
13786,Sarah Reng Ochekpe,Unknown,
13787,David Bagoole,Unknown,
13788,Isa Mubiru,Male,Ogwekkumi 10 1996
13789,Umar Lutalo,Unknown,Ogwekkumineebiri 15 2003
13790,Aisha Dikko,Unknown,
13791,Herbert Achayi,Unknown,Ogwomunaana 8 1999
13792,James Begisa,Unknown,Ogwomwenda 27 2002
13793,Lwanga Charles,Unknown,Ogwokubiri 2 2000
13794,Ivan Ahimbisibwe,Unknown,Ogwokusatu 18 2000
13795,Rogers Ochaki Torach,Unknown,Ogwomukaaga 23 2003
13796,Rogers Torach,Male,Ogwomukaaga 23 2003
13797,Emperor Orlandoh,Male,mu 1974
13798,Yasmin Alibhai-Brown,Female,Ogwekkumineebiri 10 1949
13799,Abdul Karim Watambala,Unknown,Ogwokusatu 3 2000
13800,Reagan Mpande,Unknown,Ogwokutaano 7 2000
13801,Ibrahim Mugulusi,Unknown,
13802,Prudence Nyamishana,Unknown,
13803,Najib Yiga,Unknown,
13804,Marvin Joseph Youngman,Unknown,
13805,Julius Poloto,Male,Ogwomwenda 9 1999
13806,Tony Odur,Male,Ogwekkumineebiri 7 1984
13807,Jamal Salim,Unknown,Ogwokutaano 27 1995
13808,Ivan Ntege,Unknown,
13810,Simon Sserunkuma,Unknown,
13811,Diaz Kambere,Unknown,
13812,Joshua Lubwama,Unknown,Ogwokutaano 25 1998
13813,Jack Komakech,Unknown,
13814,Michael Kagiri,Unknown,Ogwekkumineebiri 31 1969
13815,Ssekiganda Ronald,Unknown,Ogwomwenda 13 2003
13816,James Mubezi,Unknown,Ogwekkuminoogumu 6 2004
13817,Ashe Mukasa,Unknown,
13818,Fabian Kizito,Unknown,Ogwomusanvu 26 1990
13819,Habib Kavuma,Unknown,
13820,Sula Matovu,Unknown,Ogwomusanvu 17 1992
13821,Charles Tibingana,Unknown,
13822,Joseph Kabagambe,Unknown,
13823,Meddie Kagere,Unknown,Ogwekkumi 10 1986
13824,Kasule Owen,Unknown,Ogwokusatu 3 1989
13827,Luwagga Kizito,Unknown,Ogwekkumineebiri 20 1993
13828,Wasswa Lule,Unknown,Ogwekkumineebiri 18 1949
13830,Geoffrey Kizito,Male,Ogwokubiri 2 1993
13831,Allan Kyambadde,Unknown,Ogwoluberyeberye 15 1996
13832,Omuyimbi Ronnie Kiseka,Unknown,Gwekkumineebiri 5 1991
13833,Martin Mpuga,Unknown,Ogwekkuminoogumu 20 1992
13834,Paul Mucureezi,Unknown,Ogwokubiri 11 1993
13835,Ronald Martin,Unknown,Ogwekkuminoogumu 18 1980
13837,"Pione Sisto, musambi wa mupiira",Male,Ogwokubiri 4 1995
13838,David Owori,Male,mu 1998
13839,Walinda Yonasaani,Unknown,Ogwoluberyeberye 15 2001
13840,Walinda Jonathan,Unknown,Ogwoluberyeberye 15 2001
13841,Nafian Alionzi,Unknown,Ogwokusatu 2 1996
13842,Nayiga Patricia,Female,Ogwolubereberye 27 2008
13843,Isma Mugulusi,Unknown,Ogwekkumi 10 2003
13844,Baker Mbowa,Unknown,
13845,Chrispas Kusiima,Unknown,Ogwokuna 10 1993
13846,Arafat Kiza Usama,Unknown,Ogwomukaaga 27 2004
13847,Kenneth Semakula,Unknown,Ogwekkuminoogumu 4 2002
13848,Tom Ikara,Male,Ogwokubiri 12 1997
13849,Denis Iguma,Male,
13850,"Alpha Thiery Ssali, omusajja omulala",Unknown,Ogwekkumineebiri 29 2003
13851,Anitah Namata,Unknown,
13852,Pius Obuya,Unknown,Ogwomusanvu 17 1998
13853,Chris Akena,Unknown,Ogwomunaana 18 2002
13854,Bobosi Byaruhanga,Male,Ogwekkumineebiri 3 2001
13855,Kushaba Moses Mworeko,Male,Ogwokubiri 1 1979
13856,Julius Kaggwa,Male,
13857,Aaron Kirunda,Unknown,Ogwomukaaga 16 1985
13858,Titus Ssematimba,Unknown,Ogwomunaana 15 2003
13859,Nathan Asiimwe,Unknown,
13860,Elizabeth Lwanga,Female,
13861,Godfrey Kateregga,Unknown,
13862,Godfrey Mugisha,Unknown,
13863,Isaac Isinde,Unknown,Ogwokuna 16 1991
13864,Val Kalende,Female,
13865,Arnold Odong,Unknown,
13866,Jay Mulucha,Unknown,
13867,Nyombi Morris,Unknown,
13869,Ronald Mukiibi,Unknown,Ogwomwenda 16 1991
13872,Sadat Anaku,Unknown,Ogwekkumineebiri 9 2000
13873,"Melvyn Lorenzen, Musambi wa mupiira",Unknown,Ogwekkuminoogumu 26 1994
13874,Basil Tuma,Unknown,Ogwokuna 24 2005
13875,"Mustafa Kizza, Musambi wa Mupiira",Male,Ogwekkumi 1999
13876,Uganda Police Band,Unknown,
13877,Allan Munaaba,Unknown,Ogwokuna 19 1989
13878,Dan Sserunkuma,Unknown,
13879,Jude Ssemugabi,Unknown,Ogwokusatu 3 1997
13880,Clement Kiggundu,Unknown,Ogwomukaaga 3 1928
13881,Peace Oliver Amuge,Unknown,
13883,Sam Bitangaro,Unknown,
13884,Filbert Obenchan,Unknown,
13885,Sarah Kizito,Female,
13886,List of governors of Uganda,Unknown,1858
13887,Benedicta Nanyonga,Female,
13888,Rebecca Alitwala Mubezi,Female,
13890,"Joseph Konde-Lule, omuwandiisi w’ebitabo",Unknown,
13891,Kaddu Sebunya,Unknown,1965
13892,Crispin Kaheru,Female,
13893,Ignatius K. Musaazi,Male,
13894,Sarah Mukasa,Unknown,
13895,Owiny Hakim,Unknown,Ogwokuna 13 1986
13897,Tom Okurut,Unknown,
13898,Geoffrey Wasswa,Unknown,
13899,Abubakar Kasule,Unknown,
13900,Solomon Walusimbi,Unknown,Ogwomwenda 19 1999
13901,Ebyafaayo bya Buganda,Unknown,
13902,John Abdallah Wambere,Unknown,
13903,Endagaano ya Buganda (1900) .,Male,
13904,Isaac Mulyanga,Unknown,
13905,Halid Lwaliwa,Unknown,
13938,Akiki Nyabongo,Male,
13939,Dorrys Mutahunga,Unknown,
13940,Maro Uganda,Unknown,
13942,Richard Lusimbo,Unknown,1986
13943,Achilla Orru,Female,
13944,Opolot-Okwalinga Simon Peter,Unknown,
13945,Denis Omedi,Unknown,
13952,Enock Walusimbi,Unknown,Ogwekkuminoogumu 12 1998
13953,Iddi Batambuze,Unknown,
13954,Derrick Kakooza,Unknown,
13955,Charles Ayiekoh Lukula,Unknown,
13956,User talk:Akandwanaho Micheal,Female,
13957,Bob Astles,Male,
13959,Rogers Mato,Male,
13960,Frank Gashumba,Unknown,Ogwekkumineebiri 3 1974
13962,Nince Henry,Unknown,1988
13963,Akalulu ka Uganda aka 2011,Unknown,
13965,2001 okulonda kwa pulezidenti wa Uganda,Unknown,
13988,Erisa Ssekisambu,Unknown,
13989,1996 Okulonda kwa pulezidenti wa Uganda,Unknown,
13990,1997,Female,
14005,Robert Serumaga,Unknown,
14006,Edrisa Lubega,Male,Ogwokuna 17 1998
14007,Haruna Mawa,Unknown,
14008,Jimmy Kidega,Unknown,Ogwomunaana 16 1982
14009,Dennis Okot,Unknown,Ogwekkuminebiri 1 1990
14010,Musa Mudde,Unknown,Ogwokutaano 23 1990
14011,Tom Masiko,Unknown,Ogwokubiri 17 1996
14012,Bernard Agele,Unknown,Ogwekkuminebiri 4 1992
14014,Yusuf Mukisa,Unknown,Ogwomusanvu 19 1993
14015,Tito Okello (muzannyi wa mupiira),Unknown,Ogwolubereberye 7 1996
14017,Cyril Handley Bird,Female,Ogwomukakkaga 3 1896
14024,Hood Kaweesa,Unknown,Ogwomusanvu 22 1982
14025,Joseph Owino,Unknown,Ogwokuna 6 1984
14027,Bernard Muwanga,Unknown,Ogwomunaana 25 1993
14028,Ateker Ejalu,Unknown,Ogwomukaaga 15 1939
14031,Amar Maini,Unknown,Ogwomusanvu 31 1911
14033,Endagaano ya Buganda (1955) .,Male,
14037,Ibrahim Juma (omuzannyi w'omupiira),Unknown,
14038,Ibrahim Juma (footballer),Unknown,
14056,Katende Joram,Female,Ogwomwenda 29 1987
14057,"Francis Olaki, omuwandiisi w’ebitabo",Unknown,
14058,Front for National Salvation,Unknown,
14059,Uganda National Liberation Front,Unknown,
14061,Green Daddy,Unknown,
14062,Ivan Wani,Unknown,Ogwekkuminebiri 12 1998
14063,Keita Buwanika,Unknown,
14064,Muzamir Mutyaba,Unknown,Ogwekkumi 10 1993
14065,Philip Mitchell (omuddukanya w'emirimu gy’amatwale) .,Unknown,Ogwokutaano 1 1890
14083,Francis Olaki,Unknown,
14117,Frederick John Jackson,Unknown,Ogwokubiri 17 1860
14140,Nelson Senkatuka,Male,Ogwomwenda 10 1997
14141,Kizito Keziron,Male,
14142,Mike Mutyaba,Unknown,
14143,Daniel Isiagi Opolot,Unknown,
14144,Grace Kiirya Wanzala,Unknown,Ogwokusatu 18 1968
14145,Eunice Namatende,Female,
14146,Azake Luboyera,Unknown,Ogwokuna 6 1998
14150,Andrew Buteera,Unknown,Ogwekkumi 3 1994
14151,Aziz Kayondo,Unknown,Ogwekkumi 6 2002
14152,Vice President of Uganda,Female,
14153,General Idi Amin Dada: A Self Portrait,Male,
14157,Ibrahim Orit,Unknown,Ogwomusanvu 28 1998
14158,Alexis Bbakka,Unknown,Ogwomwenda 13 1995
14159,Frederick Crawford (omuddukanya w'emirimu gy’amatwale),Unknown,Ogwokusatu 9 1906
14160,Harry Cordeaux,Unknown,Ogwekkuminoogumu 15 1870
14161,John Hathorn Hall,Unknown,Ogwomukaaga 19 1894
14162,1989 mu kulonda kwa Uganda okwa bonna,Unknown,
14163,"Atuheire Kipson, musambi wa mupiira",Unknown,
14164,Paul Musamali,Unknown,Ogwekkumi 20 1994
14165,Lawrence Nduga,Unknown,Ogwekkumineebiri 22 1995
14166,Taddeo Lwanga,Unknown,
14168,Peter Maru,Unknown,Ogwokuna 3 2003
14170,Patrick Ochan (omuzannyi w'omupiira),Unknown,
14174,Allan Okello,Unknown,Ogwomusanvu 4 2000
14178,John Bosco Koy Kariisa,Female,
14179,Masaka Secondary School,Male,
14184,Henry Kisekka,Male,Ogwomunaana 31 1989
14185,Francis Aquirinus Kibira,Unknown,mu 1958
14186,King Ceasor Yunivasite,Unknown,
14187,Nabisunsa Girls Secondary school,Female,
14190,Henry Kalungi,Unknown,Ogwekkuminagumu 25 1987
14193,Emmanuel Bwayo Wakhweya,Female,Ogwekkumineebiri 25 1936
14194,Isaac Maliyamungu,Male,
14196,William Frederick Gowers,Unknown,ogwekkuminebiri 31 1875
14231,Steven Sserwadda Musambi wa Mupiira,Unknown,Ogwomunaana 28 2002
14236,Moses Opondo,Unknown,
14237,"Nairobi Agreement, 1985",Unknown,
14249,Edward Kizza,Unknown,Ogwekkumineebiri 17 1998
14250,Akatyabaga k'e Mengo,Unknown,
14251,Aisha Naluzze Batala,Unknown,1977
14252,Mike Mutebi,Unknown,
14253,Sam Mayanja,Unknown,mu 1959
14255,Baba Alhassan,Unknown,Ogwoluberyeberye 3 2000
14256,Obwegugungo bwa Uganda obwa 2026,Female,
14311,Olutalo lwa Buulo Mareer,Unknown,
14314,Patrick Ayota,Unknown,
14371,Uche Ikpeazu,Unknown,Ogwokubiri 28 1995
14378,Category:Abaazalibwa mu 1987,Unknown,mu 1987
14383,Category:Abaazalibwa mu 1986,Unknown,mu 1987
14407,George Kanyeihamba,Unknown,Ogwomunaana 11 1939
14411,Da Agent Official,Unknown,
14412,Moses Aliwa,Unknown,
14414,Bruno Sserunkuma,Unknown,Ogwokubiri 3 1991
14415,Zakaria Kiprotich,Unknown,1994
14416,Dolphine Chelimo,Unknown,ogwomusanvu 10 2005
14417,Abraham Cherotich,Unknown,ogwomunaana 8 2007
14419,Samuel Simba Cherop,Unknown,ogwomusanvu 3 2006
14420,Jesse Ssengonzi,Unknown,Ogwomunaana 27 2002
14468,Abel Chelangat,Unknown,Ogwomusanvu 7 1993
14469,Andrew Rotich Kwemoi,Unknown,Ogwomwenda 1 2000
14470,Collin Mutyaba,Unknown,
14472,Khalifah Aganaga,Female,
14473,John Sserunjogi,Unknown,
14491,John Goville,Unknown,ogwolubereberye 5 1962
14492,Moses Kyeswa,Unknown,ogwokuna 12 1958
14493,Ronald Serugo,Unknown,Ogwomwenda 5 1984
14496,Mike Okot,Unknown,
14515,Francis Ogola,Unknown,July 1 1973
14516,Peter Rwamuhanda,Unknown,
14520,Roy Mubiru,Male,Ogwekumineebiri 12 1977
14524,Sadat Tebazaalwa,Unknown,
14526,Andrew Tendo,Unknown,ogwomusanvu 22 1979
14527,Moustafa Ahmed Shebto,Unknown,
14528,Brian Mayanja,Unknown,ogwolubereberye 25 1983
14529,Jolly Katongole,Unknown,
14530,Alex Malinga,Unknown,1974
14531,Fred Mutuweta,Unknown,
14549,Virgil Okiring,Unknown,ogwomwenda 25 1942
14550,Jorem Ochana,Unknown,ogwomukaaga 21 1935
14551,Vitus Ashaba,Unknown,
14552,Moses Musonge,Unknown,ogwokuna 10 1968
14553,Pius Olowo,Unknown,ogwomukaaga 21 1948
14554,Kyobe Jonah,Unknown,
14604,Category:Abazaalwa mu 1989,Unknown,mu 1989
14613,John Sentongo,Unknown,ogwomunaana 1 1938
14614,Franco Agentho,Unknown,ogwomunaana 2 1973
14615,Abraham Munabi,Unknown,
14616,"Peter Odhiambo (omukubi w’ebikonde, yazaalibwa mu 1927",Unknown,ogwomwenda 9 1937
14617,Omukisa Sseruwagi,Unknown,
14618,Alex Odhiambo,Unknown,ogwekkumi 10 1943
14619,Ernest Mabwa,Unknown,ogw'olubereberye 26 1941
14620,Peter Paul Odhiambo,Unknown,ogwomwenda 9 1937
14621,Henry Mugwanya,Unknown,Ogwomunaana 10 1943
14622,Douglas Ogada,Unknown,
14623,Andrew Kajjo,Unknown,Ogwomwenda 4 1948
14624,David Jackson (Munnayuganda omukubi w’ebikonde),Unknown,Ogwekkumi 2 1949
14625,James Odwori,Unknown,Ogw'ekkumi 23 1951
14626,Matthias Ouma,Unknown,Ogwekkumineebiri 3 1945
14627,Eridadi Mukwanga,Unknown,
14696,"Justin Arop, omuwandiisi w’ebitabo",Unknown,
14716,Category:Abazalibwa mu 199,Unknown,mu 1993
14717,Category:Abantu abakyali abalamu,Unknown,
14724,Category:Abantu abazalibwa mu 1993,Unknown,
14754,Shakira,Unknown,Gwokubiri 2 1977
14756,Category:Abaazalibwa mu 1978,Unknown,mu 1978
14762,William Kamanyi,Unknown,mu 1942
14787,Category:Abaazalibwa mu 1984,Unknown,mu 1984
14810,George Kabuto,Unknown,Ogw'ekkumi 25 1955
14811,Grace Sseruwagi,Unknown,
14813,John Siryakibbe,Unknown,ogwekkumineebiri 25 1962
14814,Deogratias Musoke,Unknown,Ogwomusanvu 20 1949
14815,"Peter Odhiambo (omukubi w’ebikonde, yazaalibwa 1950)",Unknown,
14816,John Opio,Unknown,
14817,"Geofrey Nyeko, omusajja omulala",Unknown,Ogwokubiri 2 1959
14818,Geofrey Nyeko,Unknown,Ogwokubiri 2 1959
14821,Shadrach Odhiambo,Unknown,Ogwekkumi 20 1954
14822,John Munduga,Unknown,
14824,"Peter Odhiambo (omukubi w’ebikonde, yazaalibwa 1958)",Unknown,Ogwokusatu 11 1958
14826,William Bagonza,Unknown,
14829,William Galiwango,Unknown,
14831,Peter Okumu,Unknown,Ogwekkumi 9 1962
14835,Vicky Byarugaba,Male,
14841,Patrick Lihanda,Unknown,Ogwokuna 11 1962
14843,Dodovic Owiny,Unknown,Ogwokuttaano 8 1954
14844,Charles Kizza,Unknown,
14850,Godfrey Wakaabu,Unknown,Ogw'olubererye 1 1970
14851,Kassim Napa Adam,Unknown,Ogw'ottaano 25 1976
14852,Benson Masanda,Unknown,
14854,Charlie Lubega,Unknown,
14857,Dismas Yeko,Unknown,Ogwekkumi 9 2004
14863,Leo Adraa,Unknown,
14865,Abu Salim Mayanja,Unknown,Ogwekkumi 9 1995
14866,Salim Abu Mayanja,Unknown,Ogwekkumi 9 1995
14873,Joel Ayeko,Unknown,Ogwomwenda 5 1998
14893,Emmanuel Tugumisirize,Unknown,
14894,Ali Ngaimoko,Unknown,Ogwomukaaga 18 1989
14895,Maxwell Rotich,Unknown,
14929,Harbert Kibet,Unknown,Ogwomukaaga 17 2005
14936,User:Sisterian,Unknown,
14953,Lokii John Baptist,Female,
14963,James Odongo (munnabyamizannyo),Unknown,
14964,James Odongo (munnabyamizanyo),Unknown,
14977,Frank Kisekka,Unknown,
14978,Joel Otim,Unknown,
14979,Silver Ayoo,Unknown,
14980,Timothy Toroitich,Unknown,Ogwekkumi 10 1991
14981,Musa Kurong,Unknown,
14982,Moses Kurong,Unknown,
14983,Brandon Sebirumbi,Unknown,
14984,America,Female,
15005,Divizoni y'e Rubaga,Unknown,
15007,Roger Mukasa,Unknown,
15028,Fred Nkata,Unknown,Ogwokuttaano 6 1993
15033,GOld Scandal,Unknown,
15050,Godfrey Serunkuma Lule,Unknown,Ogwomwenda 10 1932
15051,David Ssemujju,Unknown,
15052,State Research Bureau (organisation),Unknown,
15063,Isaac Madoi,Unknown,
15130,Jonathan Komagum,Unknown,
15131,Wasswa Amir Ssali,Unknown,
15132,Abdallah Kibet Mande,Unknown,Ogwokuttaano 10 1995
15137,Category:Amazalibwa ga 1962,Unknown,ga 1962
15147,Category:Abantu abaazalibwa mu 1965,Unknown,
15152,Rogers Semitala,Unknown,Ogwomunaana 31 1996
15153,Yusuf Babu,Unknown,
15154,Ntege Musa,Male,
15155,Muzamir Semuddu,Unknown,April 23 2003
15156,David Onama,Unknown,Ogwomukaaga 7 1994
15157,Ponsiano Lwakataka,Unknown,Ogwokuminogumu 11 1973
15167,Category:Abaazalibwa mu 1982,Unknown,mu 1982
15172,Category:Abaazalibwa mu 1975,Unknown,mu 1975
15182,Category:Abaazalibwa mu 1995,Unknown,mu 1995
15187,Category:Bannansi ba Sweden abaazalibwa e Uganda,Unknown,
15205,Category:Abantu abaazalibwa mu 1977,Unknown,mu 1977
15209,Patrick Etolu,Female,
15210,Phillip Kiplimo,Unknown,Ogwokussatu 24 1991
15211,Charles Dramiga,Unknown,Ogw'olubereberye 15 1954
15212,Ayub Kalule,Unknown,January 6 1954
15213,Wilson Busienei,Unknown,August 18 1981
15220,Umar Semata,Unknown,May 20 1992
15221,Yakobo Araptany,Unknown,ogwokubiiri 11 1992
15222,"George Oywello, omuwandiisi w’ebitabo",Unknown,
15223,Jimmy Adar,Unknown,
15224,Mohammed Kayongo,Unknown,Ogw'ekkumi 25 1980
15225,Enock Ssebaggala,Unknown,ogw'omusanvu 28 2000
15226,Michael Rapoport,Unknown,October 2 1948
15230,Category:Abazalibwa mu 1949,Unknown,mu 1949
15269,Category:Abalangira,Unknown,
15295,Category:Abantu abaazalibwa mu 1946,Unknown,mu 1946
15318,Category:Ennaku z'omwozi ze yazaalibwako tezimanyiddwa,Unknown,
15328,Category:Abaazalibwa mu 1985,Unknown,mu 1985
15353,Alebtong District,Unknown,
15362,Category:Abaazalibwa mu 1954,Unknown,mu 1954
15372,David Kabanda,Male,Ogwokuna 16 1990
15402,Category:Abaazalibwa mu 1998,Unknown,mu 1998
15446,Nyanzi Martin Luther,Unknown,Ogw'ekkumin'ebiri 5 2009
15448,Kaka Lubega Ismail Uthuman,Unknown,Ogwomukaaga 1 1980
15449,Charles Olaro,Unknown,
15456,Patrick Bernard Ogwel,Unknown,
15459,Herbert Edmund Ariko,Unknown,Ogwomusanvu 19 1975
15485,"User:Aikiriza Justus/Quinine, eddagala eriweweeza ku bulwadde",Unknown,
15496,Amolatar District,Unknown,
15503,Joanita Zachariassen,Unknown,
15504,Mariya Gabriel,Female,Ogwokutaano 20 1979
15521,Category:Abazaalibwa mu 1979,Unknown,
15533,Ggaba,Unknown,
15534,Acan Joyce Okeny,Female,
15535,Mercy Faith Lakisa,Female,
15536,Patrick Ogwang Obura,Female,
15537,Robert Ssewagudde,Unknown,
15540,Oyam District,Unknown,
15544,Ekitebe ky'eggaali y'omukka ekya Uganda Railway Museum,Unknown,
15553,Samuel Mwandha,Unknown,
15555,Sudi Nangoli,Unknown,
15557,Andrew G. Naimanye,Unknown,Ogwomunaana 24 1972
15558,Obulwadde bwa Autism,Unknown,
15561,James Okello,Unknown,
15563,Obote Clement Kenneth,Unknown,Ogwekkuminoogumu 20 1971
15569,David Kasura Kyomukama,Unknown,1945
15593,Okaasai Sidronius Opolot,Unknown,
15594,William Omaria Lo Arapai,Unknown,
15603,John Sentamu,Female,Ogwomukaaga 10 1949
15604,Kole District,Unknown,
15605,Oscar Chelimo,Unknown,oggwekkuminebiri 12 2001
15609,Category:Abazaalibwa mu 2001,Unknown,
15615,Charles Dundas (Omufuzi w'ettwale),Female,mu 1884
15617,Category:Abantu abaazalibwa mu 1884,Unknown,mu 1884
15619,William Banage,Unknown,Ogwomwenda 27 1933
15620,Category:Abantu abaazalibwa mu 1933,Unknown,mu 1933
15621,Joshua Karamagi,Unknown,
15624,Category:Abaazaalibwa mu 1980,Unknown,
15625,Echodu David Calvin,Unknown,Ogwekkuminoogumu 24 1973
15629,Category:Abazaalwa1995,Unknown,
15635,Peter Onzia Chandia,Unknown,
15650,Joseph Gonzaga Ssewungu,Unknown,Ogwomukaaga 21 1969
15653,Robert Mukiza,Unknown,Ogwokusatu 1979
15655,Tofiri Kibuuka,Unknown,mu 1947
15658,Category:Abazalibwa mu 1946,Unknown,mu 1946
15664,Category:Abazaalibwa mu 1952,Unknown,mu 1952
15665,Category:Abazaalibwa mu 1937,Unknown,mu 1937
15666,Rukidi IV owa Tooro,Unknown,
15667,John Bosco Tumusiime Bamuturaki,Unknown,
15668,Aziz Kalungi Kasujja,Unknown,
15671,Julius Mutekanga,Unknown,
15672,Dokolo District,Unknown,
15673,Stephen Besweri Akabway,Unknown,Ogwomunaana 20 1941
15675,Category:Abantu abaazalibwa mu 1941,Unknown,mu 1941
15676,Akbar Adoko Nekyon,Male,Ogwomunaana 6 1931
15679,"Otto Vincent Lange, omuwandiisi w’ebitabo",Unknown,
15680,Barirega Akankwasah,Unknown,
15682,James Nkamwesiga Kasigwa,Unknown,
15683,Jaimie Omalla,Unknown,
15684,Dan Kibet,Unknown,
15685,John Wycliffe Lwamafa,Unknown,Ogwekkuminoogumu 1918
15686,Daniel Nokrach Odongo,Unknown,1951
15687,David Muhoozi,Female,Ogwomukaaga 27 1965
